patch_id,dominant_label,label,prediction
S2A_MSIL2A_20170613T101031_N9999_R022_T33UUP_31_54,Arable land,0.0,0.0
S2A_MSIL2A_20170613T101031_N9999_R022_T33UUP_36_72,Arable land,0.0,0.0
S2A_MSIL2A_20170613T101031_N9999_R022_T33UUP_37_64,Arable land,0.0,0.0
S2A_MSIL2A_20170613T101031_N9999_R022_T33UUP_37_72,Arable land,0.0,0.0
S2A_MSIL2A_20170613T101031_N9999_R022_T33UUP_40_68,Arable land,0.0,0.0
S2A_MSIL2A_20170613T101031_N9999_R022_T33UUP_41_89,Broad-leaved forest,2.0,0.0
S2A_MSIL2A_20170613T101031_N9999_R022_T33UUP_42_77,Broad-leaved forest,2.0,0.0
S2A_MSIL2A_20170613T101031_N9999_R022_T33UUP_45_63,Arable land,0.0,0.0
S2A_MSIL2A_20170613T101031_N9999_R022_T33UUP_46_58,Arable land,0.0,0.0
S2A_MSIL2A_20170613T101031_N9999_R022_T33UUP_46_70,"Land principally occupied by agriculture, with significant areas of natural vegetation",8.0,0.0
S2A_MSIL2A_20170613T101031_N9999_R022_T33UUP_46_90,Arable land,0.0,0.0
S2A_MSIL2A_20170613T101031_N9999_R022_T33UUP_47_64,Arable land,0.0,0.0
S2A_MSIL2A_20170613T101031_N9999_R022_T33UUP_48_72,Broad-leaved forest,2.0,2.0
S2A_MSIL2A_20170613T101031_N9999_R022_T33UUP_49_42,Arable land,0.0,0.0
S2A_MSIL2A_20170613T101031_N9999_R022_T33UUP_49_51,Arable land,0.0,0.0
S2A_MSIL2A_20170613T101031_N9999_R022_T33UUP_49_73,"Land principally occupied by agriculture, with significant areas of natural vegetation",8.0,7.0
S2A_MSIL2A_20170613T101031_N9999_R022_T33UUP_50_54,Arable land,0.0,0.0
S2A_MSIL2A_20170613T101031_N9999_R022_T33UUP_50_86,Broad-leaved forest,2.0,2.0
S2A_MSIL2A_20170613T101031_N9999_R022_T33UUP_52_62,Arable land,0.0,0.0
S2A_MSIL2A_20170613T101031_N9999_R022_T33UUP_53_69,Coniferous forest,1.0,0.0
S2A_MSIL2A_20170613T101031_N9999_R022_T33UUP_53_86,Broad-leaved forest,2.0,0.0
S2A_MSIL2A_20170613T101031_N9999_R022_T33UUP_54_54,Arable land,0.0,0.0
S2A_MSIL2A_20170613T101031_N9999_R022_T33UUP_54_61,Complex cultivation patterns,5.0,0.0
S2A_MSIL2A_20170613T101031_N9999_R022_T33UUP_56_87,Broad-leaved forest,2.0,2.0
S2A_MSIL2A_20170613T101031_N9999_R022_T33UUP_58_42,Arable land,0.0,0.0
S2A_MSIL2A_20170613T101031_N9999_R022_T33UUP_61_43,Arable land,0.0,0.0
S2A_MSIL2A_20170613T101031_N9999_R022_T33UUP_62_84,Mixed forest,9.0,0.0
S2A_MSIL2A_20170613T101031_N9999_R022_T33UUP_63_57,Coniferous forest,1.0,0.0
S2A_MSIL2A_20170613T101031_N9999_R022_T33UUP_63_86,Broad-leaved forest,2.0,2.0
S2A_MSIL2A_20170613T101031_N9999_R022_T33UUP_64_37,Arable land,0.0,0.0
S2A_MSIL2A_20170613T101031_N9999_R022_T33UUP_64_87,Mixed forest,9.0,2.0
S2A_MSIL2A_20170613T101031_N9999_R022_T33UUP_65_67,Complex cultivation patterns,5.0,1.0
S2A_MSIL2A_20170613T101031_N9999_R022_T33UUP_66_59,Complex cultivation patterns,5.0,1.0
S2A_MSIL2A_20170613T101031_N9999_R022_T33UUP_68_83,Broad-leaved forest,2.0,0.0
S2A_MSIL2A_20170613T101031_N9999_R022_T33UUP_70_47,Arable land,0.0,0.0
S2A_MSIL2A_20170613T101031_N9999_R022_T33UUP_71_58,Arable land,0.0,0.0
S2A_MSIL2A_20170613T101031_N9999_R022_T33UUP_72_22,Arable land,0.0,0.0
S2A_MSIL2A_20170613T101031_N9999_R022_T33UUP_72_56,Arable land,0.0,0.0
S2A_MSIL2A_20170613T101031_N9999_R022_T33UUP_73_22,Arable land,0.0,0.0
S2A_MSIL2A_20170613T101031_N9999_R022_T33UUP_74_30,Arable land,0.0,0.0
S2A_MSIL2A_20170613T101031_N9999_R022_T33UUP_74_52,Arable land,0.0,0.0
S2A_MSIL2A_20170613T101031_N9999_R022_T33UUP_74_90,Mixed forest,9.0,0.0
S2A_MSIL2A_20170613T101031_N9999_R022_T33UUP_76_53,Arable land,0.0,0.0
S2A_MSIL2A_20170613T101031_N9999_R022_T33UUP_76_70,Arable land,0.0,0.0
S2A_MSIL2A_20170613T101031_N9999_R022_T33UUP_77_81,Inland waters,6.0,2.0
S2A_MSIL2A_20170613T101031_N9999_R022_T33UUP_79_34,Arable land,0.0,0.0
S2A_MSIL2A_20170613T101031_N9999_R022_T33UUP_80_46,Arable land,0.0,0.0
S2A_MSIL2A_20170613T101031_N9999_R022_T33UUP_82_23,Arable land,0.0,0.0
S2A_MSIL2A_20170613T101031_N9999_R022_T33UUP_83_27,Arable land,0.0,0.0
S2A_MSIL2A_20170613T101031_N9999_R022_T33UUP_85_59,Arable land,0.0,0.0
S2A_MSIL2A_20170613T101031_N9999_R022_T33UUP_86_55,Arable land,0.0,0.0
S2A_MSIL2A_20170613T101031_N9999_R022_T33UUP_86_74,Mixed forest,9.0,0.0
S2A_MSIL2A_20170613T101031_N9999_R022_T33UUP_87_60,Arable land,0.0,0.0
S2A_MSIL2A_20170613T101031_N9999_R022_T33UUP_88_48,Arable land,0.0,5.0
S2A_MSIL2A_20170613T101031_N9999_R022_T33UUP_89_17,Complex cultivation patterns,5.0,0.0
S2A_MSIL2A_20170613T101031_N9999_R022_T34VER_00_49,Marine waters,3.0,3.0
S2A_MSIL2A_20170613T101031_N9999_R022_T34VER_03_49,Marine waters,3.0,3.0
S2A_MSIL2A_20170613T101031_N9999_R022_T34VER_03_89,Marine waters,3.0,3.0
S2A_MSIL2A_20170613T101031_N9999_R022_T34VER_04_57,Marine waters,3.0,3.0
S2A_MSIL2A_20170613T101031_N9999_R022_T34VER_05_90,Marine waters,3.0,3.0
S2A_MSIL2A_20170613T101031_N9999_R022_T34VER_06_49,Marine waters,3.0,3.0
S2A_MSIL2A_20170613T101031_N9999_R022_T34VER_09_49,Marine waters,3.0,3.0
S2A_MSIL2A_20170613T101031_N9999_R022_T34VER_10_47,Marine waters,3.0,3.0
S2A_MSIL2A_20170613T101031_N9999_R022_T34VER_12_47,Marine waters,3.0,3.0
S2A_MSIL2A_20170613T101031_N9999_R022_T34VER_14_41,Marine waters,3.0,3.0
S2A_MSIL2A_20170613T101031_N9999_R022_T34VER_15_48,Marine waters,3.0,3.0
S2A_MSIL2A_20170613T101031_N9999_R022_T34VER_15_70,Coniferous forest,1.0,1.0
S2A_MSIL2A_20170613T101031_N9999_R022_T34VER_16_60,Marine waters,3.0,3.0
S2A_MSIL2A_20170613T101031_N9999_R022_T34VER_16_64,Coniferous forest,1.0,3.0
S2A_MSIL2A_20170613T101031_N9999_R022_T34VER_17_71,Coniferous forest,1.0,1.0
S2A_MSIL2A_20170613T101031_N9999_R022_T34VER_21_78,Marine waters,3.0,1.0
S2A_MSIL2A_20170613T101031_N9999_R022_T34VER_23_62,Marine waters,3.0,3.0
S2A_MSIL2A_20170613T101031_N9999_R022_T34VER_23_78,Coniferous forest,1.0,1.0
S2A_MSIL2A_20170613T101031_N9999_R022_T34VER_25_69,Marine waters,3.0,1.0
S2A_MSIL2A_20170613T101031_N9999_R022_T34VER_26_62,Marine waters,3.0,3.0
S2A_MSIL2A_20170613T101031_N9999_R022_T34VER_27_60,Marine waters,3.0,3.0
S2A_MSIL2A_20170613T101031_N9999_R022_T34VER_27_61,Marine waters,3.0,3.0
S2A_MSIL2A_20170613T101031_N9999_R022_T34VER_27_62,Marine waters,3.0,3.0
S2A_MSIL2A_20170613T101031_N9999_R022_T34VER_27_86,Industrial or commercial units,11.0,0.0
S2A_MSIL2A_20170613T101031_N9999_R022_T34VER_28_87,Industrial or commercial units,11.0,0.0
S2A_MSIL2A_20170613T101031_N9999_R022_T34VER_29_47,Marine waters,3.0,3.0
S2A_MSIL2A_20170613T101031_N9999_R022_T34VER_29_85,Arable land,0.0,0.0
S2A_MSIL2A_20170613T101031_N9999_R022_T34VER_31_48,Marine waters,3.0,3.0
S2A_MSIL2A_20170613T101031_N9999_R022_T34VER_31_67,Marine waters,3.0,1.0
S2A_MSIL2A_20170613T101031_N9999_R022_T34VER_33_70,Coniferous forest,1.0,1.0
S2A_MSIL2A_20170613T101031_N9999_R022_T34VER_34_60,Marine waters,3.0,3.0
S2A_MSIL2A_20170613T101031_N9999_R022_T34VER_36_47,Marine waters,3.0,3.0
S2A_MSIL2A_20170613T101031_N9999_R022_T34VER_36_54,Marine waters,3.0,3.0
S2A_MSIL2A_20170613T101031_N9999_R022_T34VER_36_70,Marine waters,3.0,1.0
S2A_MSIL2A_20170613T101031_N9999_R022_T34VER_36_88,Arable land,0.0,0.0
S2A_MSIL2A_20170613T101031_N9999_R022_T34VER_37_77,Arable land,0.0,0.0
S2A_MSIL2A_20170613T101031_N9999_R022_T34VER_37_79,Arable land,0.0,0.0
S2A_MSIL2A_20170613T101031_N9999_R022_T34VER_38_50,Marine waters,3.0,3.0
S2A_MSIL2A_20170613T101031_N9999_R022_T34VER_39_32,Marine waters,3.0,3.0
S2A_MSIL2A_20170613T101031_N9999_R022_T34VER_39_45,Marine waters,3.0,3.0
S2A_MSIL2A_20170613T101031_N9999_R022_T34VER_39_63,Coniferous forest,1.0,1.0
S2A_MSIL2A_20170613T101031_N9999_R022_T34VER_39_81,Arable land,0.0,0.0
S2A_MSIL2A_20170613T101031_N9999_R022_T34VER_40_55,Marine waters,3.0,3.0
S2A_MSIL2A_20170613T101031_N9999_R022_T34VER_42_22,Marine waters,3.0,3.0
S2A_MSIL2A_20170613T101031_N9999_R022_T34VER_43_68,Marine waters,3.0,1.0
S2A_MSIL2A_20170613T101031_N9999_R022_T34VER_44_66,Marine waters,3.0,3.0
S2A_MSIL2A_20170613T101031_N9999_R022_T34VER_45_33,Marine waters,3.0,3.0
S2A_MSIL2A_20170613T101031_N9999_R022_T34VER_45_72,Marine waters,3.0,1.0
S2A_MSIL2A_20170613T101031_N9999_R022_T34VER_46_90,Arable land,0.0,0.0
S2A_MSIL2A_20170613T101031_N9999_R022_T34VER_47_31,Marine waters,3.0,3.0
S2A_MSIL2A_20170613T101031_N9999_R022_T34VER_47_58,Marine waters,3.0,3.0
S2A_MSIL2A_20170613T101031_N9999_R022_T34VER_47_76,Coniferous forest,1.0,1.0
S2A_MSIL2A_20170613T101031_N9999_R022_T34VER_47_81,Coniferous forest,1.0,1.0
S2A_MSIL2A_20170613T101031_N9999_R022_T34VER_48_07,Marine waters,3.0,3.0
S2A_MSIL2A_20170613T101031_N9999_R022_T34VER_52_05,Marine waters,3.0,3.0
S2A_MSIL2A_20170613T101031_N9999_R022_T34VER_53_78,Arable land,0.0,0.0
S2A_MSIL2A_20170613T101031_N9999_R022_T34VER_54_66,Marine waters,3.0,1.0
S2A_MSIL2A_20170613T101031_N9999_R022_T34VER_54_77,Arable land,0.0,1.0
S2A_MSIL2A_20170613T101031_N9999_R022_T34VER_55_42,Marine waters,3.0,1.0
S2A_MSIL2A_20170613T101031_N9999_R022_T34VER_57_40,Coniferous forest,1.0,1.0
S2A_MSIL2A_20170613T101031_N9999_R022_T34VER_58_08,Marine waters,3.0,3.0
S2A_MSIL2A_20170613T101031_N9999_R022_T34VER_58_28,Marine waters,3.0,3.0
S2A_MSIL2A_20170613T101031_N9999_R022_T34VER_58_39,Marine waters,3.0,3.0
S2A_MSIL2A_20170613T101031_N9999_R022_T34VER_58_52,Arable land,0.0,0.0
S2A_MSIL2A_20170613T101031_N9999_R022_T34VER_58_58,Arable land,0.0,0.0
S2A_MSIL2A_20170613T101031_N9999_R022_T34VER_59_31,Marine waters,3.0,3.0
S2A_MSIL2A_20170613T101031_N9999_R022_T34VER_59_77,Coniferous forest,1.0,0.0
S2A_MSIL2A_20170613T101031_N9999_R022_T34VER_59_82,Arable land,0.0,1.0
S2A_MSIL2A_20170613T101031_N9999_R022_T34VER_60_66,Mixed forest,9.0,1.0
S2A_MSIL2A_20170613T101031_N9999_R022_T34VER_61_03,Marine waters,3.0,3.0
S2A_MSIL2A_20170613T101031_N9999_R022_T34VER_61_56,Arable land,0.0,0.0
S2A_MSIL2A_20170613T101031_N9999_R022_T34VER_62_56,Arable land,0.0,1.0
S2A_MSIL2A_20170613T101031_N9999_R022_T34VER_62_79,Arable land,0.0,1.0
S2A_MSIL2A_20170613T101031_N9999_R022_T34VER_64_59,Arable land,0.0,1.0
S2A_MSIL2A_20170613T101031_N9999_R022_T34VER_64_88,Arable land,0.0,0.0
S2A_MSIL2A_20170613T101031_N9999_R022_T34VER_65_20,Marine waters,3.0,3.0
S2A_MSIL2A_20170613T101031_N9999_R022_T34VER_65_30,"Land principally occupied by agriculture, with significant areas of natural vegetation",8.0,3.0
S2A_MSIL2A_20170613T101031_N9999_R022_T34VER_65_38,Arable land,0.0,1.0
S2A_MSIL2A_20170613T101031_N9999_R022_T34VER_65_50,Arable land,0.0,1.0
S2A_MSIL2A_20170613T101031_N9999_R022_T34VER_66_46,Coniferous forest,1.0,1.0
S2A_MSIL2A_20170613T101031_N9999_R022_T34VER_67_30,Coniferous forest,1.0,0.0
S2A_MSIL2A_20170613T101031_N9999_R022_T34VER_67_61,Coniferous forest,1.0,1.0
S2A_MSIL2A_20170613T101031_N9999_R022_T34VER_68_13,Marine waters,3.0,3.0
S2A_MSIL2A_20170613T101031_N9999_R022_T34VER_69_01,Marine waters,3.0,3.0
S2A_MSIL2A_20170613T101031_N9999_R022_T34VER_69_73,Arable land,0.0,0.0
S2A_MSIL2A_20170613T101031_N9999_R022_T34VER_70_63,Arable land,0.0,1.0
S2A_MSIL2A_20170613T101031_N9999_R022_T34VER_70_78,Coniferous forest,1.0,1.0
S2A_MSIL2A_20170613T101031_N9999_R022_T34VER_70_80,Arable land,0.0,1.0
S2A_MSIL2A_20170613T101031_N9999_R022_T34VER_71_15,Coniferous forest,1.0,3.0
S2A_MSIL2A_20170613T101031_N9999_R022_T34VER_72_08,Marine waters,3.0,1.0
S2A_MSIL2A_20170613T101031_N9999_R022_T34VER_72_90,Arable land,0.0,0.0
S2A_MSIL2A_20170613T101031_N9999_R022_T34VER_73_04,Marine waters,3.0,3.0
S2A_MSIL2A_20170613T101031_N9999_R022_T34VER_74_10,Marine waters,3.0,1.0
S2A_MSIL2A_20170613T101031_N9999_R022_T34VER_74_16,Coniferous forest,1.0,1.0
S2A_MSIL2A_20170613T101031_N9999_R022_T34VER_74_24,Coniferous forest,1.0,1.0
S2A_MSIL2A_20170613T101031_N9999_R022_T34VER_74_51,Arable land,0.0,1.0
S2A_MSIL2A_20170613T101031_N9999_R022_T34VER_74_86,Arable land,0.0,0.0
S2A_MSIL2A_20170613T101031_N9999_R022_T34VER_75_00,Marine waters,3.0,3.0
S2A_MSIL2A_20170613T101031_N9999_R022_T34VER_76_17,Coniferous forest,1.0,1.0
S2A_MSIL2A_20170613T101031_N9999_R022_T34VER_76_77,Arable land,0.0,0.0
S2A_MSIL2A_20170613T101031_N9999_R022_T34VER_78_62,Arable land,0.0,0.0
S2A_MSIL2A_20170613T101031_N9999_R022_T34VER_78_88,Arable land,0.0,0.0
S2A_MSIL2A_20170613T101031_N9999_R022_T34VER_79_17,Coniferous forest,1.0,1.0
S2A_MSIL2A_20170613T101031_N9999_R022_T34VER_79_60,Coniferous forest,1.0,1.0
S2A_MSIL2A_20170613T101031_N9999_R022_T34VER_80_17,Coniferous forest,1.0,1.0
S2A_MSIL2A_20170613T101031_N9999_R022_T34VER_80_44,Arable land,0.0,0.0
S2A_MSIL2A_20170613T101031_N9999_R022_T34VER_81_71,Arable land,0.0,1.0
S2A_MSIL2A_20170613T101031_N9999_R022_T34VER_82_38,Arable land,0.0,0.0
S2A_MSIL2A_20170613T101031_N9999_R022_T34VER_84_26,Arable land,0.0,0.0
S2A_MSIL2A_20170613T101031_N9999_R022_T34VER_84_62,Coniferous forest,1.0,1.0
S2A_MSIL2A_20170613T101031_N9999_R022_T34VER_85_01,Marine waters,3.0,3.0
S2A_MSIL2A_20170613T101031_N9999_R022_T34VER_85_60,Arable land,0.0,1.0
S2A_MSIL2A_20170613T101031_N9999_R022_T34VER_86_04,Marine waters,3.0,3.0
S2A_MSIL2A_20170613T101031_N9999_R022_T34VER_86_53,Coniferous forest,1.0,1.0
S2A_MSIL2A_20170613T101031_N9999_R022_T34VER_86_54,Coniferous forest,1.0,1.0
S2A_MSIL2A_20170613T101031_N9999_R022_T34VER_88_11,Broad-leaved forest,2.0,1.0
S2A_MSIL2A_20170613T101031_N9999_R022_T34VER_89_33,Arable land,0.0,1.0
S2A_MSIL2A_20170613T101031_N9999_R022_T34VER_89_36,Arable land,0.0,1.0
S2A_MSIL2A_20170613T101031_N9999_R022_T34VER_89_80,Arable land,0.0,0.0
S2A_MSIL2A_20170613T101031_N9999_R022_T34VER_89_88,Coniferous forest,1.0,1.0
S2A_MSIL2A_20170613T101031_N9999_R022_T34VER_90_04,Marine waters,3.0,3.0
S2A_MSIL2A_20170613T101031_N9999_R022_T34VER_90_05,Coniferous forest,1.0,3.0
S2A_MSIL2A_20170613T101031_N9999_R022_T34VER_90_68,Arable land,0.0,1.0
S2A_MSIL2A_20170617T113321_N9999_R080_T29UPU_03_76,Arable land,0.0,0.0
S2A_MSIL2A_20170617T113321_N9999_R080_T29UPU_03_79,Pastures,7.0,7.0
S2A_MSIL2A_20170617T113321_N9999_R080_T29UPU_05_56,Complex cultivation patterns,5.0,7.0
S2A_MSIL2A_20170617T113321_N9999_R080_T29UPU_05_67,Coniferous forest,1.0,0.0
S2A_MSIL2A_20170617T113321_N9999_R080_T29UPU_05_90,Complex cultivation patterns,5.0,0.0
S2A_MSIL2A_20170617T113321_N9999_R080_T29UPU_06_22,Inland wetlands,10.0,0.0
S2A_MSIL2A_20170617T113321_N9999_R080_T29UPU_06_78,Arable land,0.0,0.0
S2A_MSIL2A_20170617T113321_N9999_R080_T29UPU_07_13,Arable land,0.0,0.0
S2A_MSIL2A_20170617T113321_N9999_R080_T29UPU_08_11,Pastures,7.0,7.0
S2A_MSIL2A_20170617T113321_N9999_R080_T29UPU_08_82,Inland waters,6.0,0.0
S2A_MSIL2A_20170617T113321_N9999_R080_T29UPU_09_08,Coniferous forest,1.0,1.0
S2A_MSIL2A_20170617T113321_N9999_R080_T29UPU_09_48,Arable land,0.0,0.0
S2A_MSIL2A_20170617T113321_N9999_R080_T29UPU_10_20,Mixed forest,9.0,0.0
S2A_MSIL2A_20170617T113321_N9999_R080_T29UPU_12_47,Arable land,0.0,0.0
S2A_MSIL2A_20170617T113321_N9999_R080_T29UPU_12_65,Arable land,0.0,0.0
S2A_MSIL2A_20170617T113321_N9999_R080_T29UPU_13_36,Coniferous forest,1.0,0.0
S2A_MSIL2A_20170617T113321_N9999_R080_T29UPU_13_49,Arable land,0.0,0.0
S2A_MSIL2A_20170617T113321_N9999_R080_T29UPU_13_56,Arable land,0.0,0.0
S2A_MSIL2A_20170617T113321_N9999_R080_T29UPU_15_19,Arable land,0.0,0.0
S2A_MSIL2A_20170617T113321_N9999_R080_T29UPU_15_72,Coniferous forest,1.0,0.0
S2A_MSIL2A_20170617T113321_N9999_R080_T29UPU_16_10,Arable land,0.0,0.0
S2A_MSIL2A_20170617T113321_N9999_R080_T29UPU_17_30,Coniferous forest,1.0,7.0
S2A_MSIL2A_20170617T113321_N9999_R080_T29UPU_18_22,Arable land,0.0,7.0
S2A_MSIL2A_20170617T113321_N9999_R080_T29UPU_18_60,Arable land,0.0,7.0
S2A_MSIL2A_20170617T113321_N9999_R080_T29UPU_18_61,Arable land,0.0,0.0
S2A_MSIL2A_20170617T113321_N9999_R080_T29UPU_19_12,Arable land,0.0,0.0
S2A_MSIL2A_20170617T113321_N9999_R080_T29UPU_20_47,Coniferous forest,1.0,0.0
S2A_MSIL2A_20170617T113321_N9999_R080_T29UPU_21_18,Arable land,0.0,0.0
S2A_MSIL2A_20170617T113321_N9999_R080_T29UPU_21_20,Arable land,0.0,0.0
S2A_MSIL2A_20170617T113321_N9999_R080_T29UPU_21_53,Pastures,7.0,0.0
S2A_MSIL2A_20170617T113321_N9999_R080_T29UPU_21_65,Arable land,0.0,0.0
S2A_MSIL2A_20170617T113321_N9999_R080_T29UPU_21_69,Broad-leaved forest,2.0,7.0
S2A_MSIL2A_20170617T113321_N9999_R080_T29UPU_21_82,Coniferous forest,1.0,0.0
S2A_MSIL2A_20170617T113321_N9999_R080_T29UPU_21_89,Arable land,0.0,0.0
S2A_MSIL2A_20170617T113321_N9999_R080_T29UPU_22_13,Arable land,0.0,0.0
S2A_MSIL2A_20170617T113321_N9999_R080_T29UPU_22_48,"Land principally occupied by agriculture, with significant areas of natural vegetation",8.0,0.0
S2A_MSIL2A_20170617T113321_N9999_R080_T29UPU_22_71,Coniferous forest,1.0,0.0
S2A_MSIL2A_20170617T113321_N9999_R080_T29UPU_23_34,Coniferous forest,1.0,7.0
S2A_MSIL2A_20170617T113321_N9999_R080_T29UPU_23_44,Coniferous forest,1.0,2.0
S2A_MSIL2A_20170617T113321_N9999_R080_T29UPU_24_03,Inland wetlands,10.0,0.0
S2A_MSIL2A_20170617T113321_N9999_R080_T29UPU_24_06,Complex cultivation patterns,5.0,0.0
S2A_MSIL2A_20170617T113321_N9999_R080_T29UPU_25_20,Arable land,0.0,0.0
S2A_MSIL2A_20170617T113321_N9999_R080_T29UPU_25_82,Pastures,7.0,7.0
S2A_MSIL2A_20170617T113321_N9999_R080_T29UPU_26_09,Pastures,7.0,0.0
S2A_MSIL2A_20170617T113321_N9999_R080_T29UPU_26_34,Pastures,7.0,7.0
S2A_MSIL2A_20170617T113321_N9999_R080_T29UPU_26_43,Coniferous forest,1.0,0.0
S2A_MSIL2A_20170617T113321_N9999_R080_T29UPU_28_26,Arable land,0.0,0.0
S2A_MSIL2A_20170617T113321_N9999_R080_T29UPU_28_41,"Land principally occupied by agriculture, with significant areas of natural vegetation",8.0,7.0
S2A_MSIL2A_20170617T113321_N9999_R080_T29UPU_28_82,Arable land,0.0,0.0
S2A_MSIL2A_20170617T113321_N9999_R080_T29UPU_29_01,Arable land,0.0,0.0
S2A_MSIL2A_20170617T113321_N9999_R080_T29UPU_29_32,Arable land,0.0,0.0
S2A_MSIL2A_20170617T113321_N9999_R080_T29UPU_30_06,Arable land,0.0,0.0
S2A_MSIL2A_20170617T113321_N9999_R080_T29UPU_30_21,Arable land,0.0,0.0
S2A_MSIL2A_20170617T113321_N9999_R080_T29UPU_30_23,Arable land,0.0,0.0
S2A_MSIL2A_20170617T113321_N9999_R080_T29UPU_30_59,Mixed forest,9.0,0.0
S2A_MSIL2A_20170617T113321_N9999_R080_T29UPU_30_69,Coniferous forest,1.0,1.0
S2A_MSIL2A_20170617T113321_N9999_R080_T29UPU_30_75,Arable land,0.0,0.0
S2A_MSIL2A_20170617T113321_N9999_R080_T29UPU_31_19,Arable land,0.0,0.0
S2A_MSIL2A_20170617T113321_N9999_R080_T29UPU_32_57,Complex cultivation patterns,5.0,0.0
S2A_MSIL2A_20170617T113321_N9999_R080_T29UPU_33_17,Arable land,0.0,0.0
S2A_MSIL2A_20170617T113321_N9999_R080_T29UPU_34_08,Arable land,0.0,0.0
S2A_MSIL2A_20170617T113321_N9999_R080_T29UPU_34_38,Arable land,0.0,0.0
S2A_MSIL2A_20170617T113321_N9999_R080_T29UPU_35_07,Natural grassland and sparsely vegetated areas,18.0,0.0
S2A_MSIL2A_20170617T113321_N9999_R080_T29UPU_35_50,Complex cultivation patterns,5.0,0.0
S2A_MSIL2A_20170617T113321_N9999_R080_T29UPU_37_15,Arable land,0.0,0.0
S2A_MSIL2A_20170617T113321_N9999_R080_T29UPU_37_30,Arable land,0.0,0.0
S2A_MSIL2A_20170617T113321_N9999_R080_T29UPU_37_79,Arable land,0.0,7.0
S2A_MSIL2A_20170617T113321_N9999_R080_T29UPU_38_61,"Land principally occupied by agriculture, with significant areas of natural vegetation",8.0,0.0
S2A_MSIL2A_20170617T113321_N9999_R080_T29UPU_39_40,Arable land,0.0,0.0
S2A_MSIL2A_20170617T113321_N9999_R080_T29UPU_39_44,Arable land,0.0,0.0
S2A_MSIL2A_20170617T113321_N9999_R080_T29UPU_39_59,Coniferous forest,1.0,7.0
S2A_MSIL2A_20170617T113321_N9999_R080_T29UPU_39_81,Arable land,0.0,0.0
S2A_MSIL2A_20170617T113321_N9999_R080_T29UPU_40_19,Arable land,0.0,0.0
S2A_MSIL2A_20170617T113321_N9999_R080_T29UPU_40_51,Mixed forest,9.0,0.0
S2A_MSIL2A_20170617T113321_N9999_R080_T29UPU_40_73,Arable land,0.0,0.0
S2A_MSIL2A_20170617T113321_N9999_R080_T29UPU_41_24,Pastures,7.0,7.0
S2A_MSIL2A_20170617T113321_N9999_R080_T29UPU_41_30,Arable land,0.0,0.0
S2A_MSIL2A_20170617T113321_N9999_R080_T29UPU_41_75,Arable land,0.0,0.0
S2A_MSIL2A_20170617T113321_N9999_R080_T29UPU_41_89,Arable land,0.0,0.0
S2A_MSIL2A_20170617T113321_N9999_R080_T29UPU_42_35,Arable land,0.0,0.0
S2A_MSIL2A_20170617T113321_N9999_R080_T29UPU_45_25,Coniferous forest,1.0,0.0
S2A_MSIL2A_20170617T113321_N9999_R080_T29UPU_45_48,Arable land,0.0,0.0
S2A_MSIL2A_20170617T113321_N9999_R080_T29UPU_45_61,Arable land,0.0,0.0
S2A_MSIL2A_20170617T113321_N9999_R080_T29UPU_48_46,Arable land,0.0,0.0
S2A_MSIL2A_20170617T113321_N9999_R080_T29UPU_48_82,Arable land,0.0,0.0
S2A_MSIL2A_20170617T113321_N9999_R080_T29UPU_49_24,Coniferous forest,1.0,0.0
S2A_MSIL2A_20170617T113321_N9999_R080_T29UPU_49_68,Arable land,0.0,0.0
S2A_MSIL2A_20170617T113321_N9999_R080_T29UPU_51_31,Pastures,7.0,0.0
S2A_MSIL2A_20170617T113321_N9999_R080_T29UPU_53_22,Coniferous forest,1.0,7.0
S2A_MSIL2A_20170617T113321_N9999_R080_T29UPU_53_87,Arable land,0.0,0.0
S2A_MSIL2A_20170617T113321_N9999_R080_T29UPU_54_02,Pastures,7.0,0.0
S2A_MSIL2A_20170617T113321_N9999_R080_T29UPU_54_40,Complex cultivation patterns,5.0,2.0
S2A_MSIL2A_20170617T113321_N9999_R080_T29UPU_54_76,Arable land,0.0,0.0
S2A_MSIL2A_20170617T113321_N9999_R080_T29UPU_54_80,Coniferous forest,1.0,0.0
S2A_MSIL2A_20170617T113321_N9999_R080_T29UPU_55_00,Coniferous forest,1.0,0.0
S2A_MSIL2A_20170617T113321_N9999_R080_T29UPU_55_42,Arable land,0.0,0.0
S2A_MSIL2A_20170617T113321_N9999_R080_T29UPU_55_64,Arable land,0.0,0.0
S2A_MSIL2A_20170617T113321_N9999_R080_T29UPU_56_03,Coniferous forest,1.0,0.0
S2A_MSIL2A_20170617T113321_N9999_R080_T29UPU_56_13,Coniferous forest,1.0,1.0
S2A_MSIL2A_20170617T113321_N9999_R080_T29UPU_56_46,Arable land,0.0,0.0
S2A_MSIL2A_20170617T113321_N9999_R080_T29UPU_56_60,Arable land,0.0,0.0
S2A_MSIL2A_20170617T113321_N9999_R080_T29UPU_56_84,Coniferous forest,1.0,0.0
S2A_MSIL2A_20170617T113321_N9999_R080_T29UPU_57_23,Inland wetlands,10.0,10.0
S2A_MSIL2A_20170617T113321_N9999_R080_T29UPU_57_34,Coniferous forest,1.0,0.0
S2A_MSIL2A_20170617T113321_N9999_R080_T29UPU_58_17,Inland wetlands,10.0,10.0
S2A_MSIL2A_20170617T113321_N9999_R080_T29UPU_58_23,Inland wetlands,10.0,4.0
S2A_MSIL2A_20170617T113321_N9999_R080_T29UPU_58_61,Arable land,0.0,0.0
S2A_MSIL2A_20170617T113321_N9999_R080_T29UPU_60_39,Arable land,0.0,0.0
S2A_MSIL2A_20170617T113321_N9999_R080_T29UPU_60_67,Arable land,0.0,0.0
S2A_MSIL2A_20170617T113321_N9999_R080_T29UPU_61_09,Inland wetlands,10.0,10.0
S2A_MSIL2A_20170617T113321_N9999_R080_T29UPU_62_35,Coniferous forest,1.0,0.0
S2A_MSIL2A_20170617T113321_N9999_R080_T29UPU_63_72,Arable land,0.0,0.0
S2A_MSIL2A_20170617T113321_N9999_R080_T29UPU_63_73,Arable land,0.0,0.0
S2A_MSIL2A_20170617T113321_N9999_R080_T29UPU_63_77,Arable land,0.0,0.0
S2A_MSIL2A_20170617T113321_N9999_R080_T29UPU_64_69,Pastures,7.0,0.0
S2A_MSIL2A_20170617T113321_N9999_R080_T29UPU_64_86,"Land principally occupied by agriculture, with significant areas of natural vegetation",8.0,0.0
S2A_MSIL2A_20170617T113321_N9999_R080_T29UPU_65_70,Arable land,0.0,0.0
S2A_MSIL2A_20170617T113321_N9999_R080_T29UPU_66_09,Inland wetlands,10.0,10.0
S2A_MSIL2A_20170617T113321_N9999_R080_T29UPU_66_36,Arable land,0.0,0.0
S2A_MSIL2A_20170617T113321_N9999_R080_T29UPU_67_84,Marine waters,3.0,3.0
S2A_MSIL2A_20170617T113321_N9999_R080_T29UPU_68_28,"Land principally occupied by agriculture, with significant areas of natural vegetation",8.0,0.0
S2A_MSIL2A_20170617T113321_N9999_R080_T29UPU_68_59,Arable land,0.0,0.0
S2A_MSIL2A_20170617T113321_N9999_R080_T29UPU_68_87,Marine waters,3.0,3.0
S2A_MSIL2A_20170617T113321_N9999_R080_T29UPU_69_00,Coniferous forest,1.0,2.0
S2A_MSIL2A_20170617T113321_N9999_R080_T29UPU_69_21,Coniferous forest,1.0,8.0
S2A_MSIL2A_20170617T113321_N9999_R080_T29UPU_70_07,Inland wetlands,10.0,2.0
S2A_MSIL2A_20170617T113321_N9999_R080_T29UPU_70_29,Arable land,0.0,0.0
S2A_MSIL2A_20170617T113321_N9999_R080_T29UPU_72_15,Broad-leaved forest,2.0,0.0
S2A_MSIL2A_20170617T113321_N9999_R080_T29UPU_72_88,Marine waters,3.0,3.0
S2A_MSIL2A_20170617T113321_N9999_R080_T29UPU_73_09,Inland wetlands,10.0,7.0
S2A_MSIL2A_20170617T113321_N9999_R080_T29UPU_73_28,"Land principally occupied by agriculture, with significant areas of natural vegetation",8.0,0.0
S2A_MSIL2A_20170617T113321_N9999_R080_T29UPU_73_29,Arable land,0.0,0.0
S2A_MSIL2A_20170617T113321_N9999_R080_T29UPU_73_32,Arable land,0.0,0.0
S2A_MSIL2A_20170617T113321_N9999_R080_T29UPU_74_03,Arable land,0.0,0.0
S2A_MSIL2A_20170617T113321_N9999_R080_T29UPU_74_75,Marine waters,3.0,3.0
S2A_MSIL2A_20170617T113321_N9999_R080_T29UPU_77_12,Arable land,0.0,0.0
S2A_MSIL2A_20170617T113321_N9999_R080_T29UPU_77_27,Pastures,7.0,0.0
S2A_MSIL2A_20170617T113321_N9999_R080_T29UPU_77_47,Marine waters,3.0,3.0
S2A_MSIL2A_20170617T113321_N9999_R080_T29UPU_77_86,Marine waters,3.0,3.0
S2A_MSIL2A_20170617T113321_N9999_R080_T29UPU_78_05,Coniferous forest,1.0,0.0
S2A_MSIL2A_20170617T113321_N9999_R080_T29UPU_78_23,Arable land,0.0,0.0
S2A_MSIL2A_20170617T113321_N9999_R080_T29UPU_80_00,Marine waters,3.0,3.0
S2A_MSIL2A_20170617T113321_N9999_R080_T29UPU_80_27,Arable land,0.0,0.0
S2A_MSIL2A_20170617T113321_N9999_R080_T29UPU_81_27,Arable land,0.0,2.0
S2A_MSIL2A_20170617T113321_N9999_R080_T29UPU_82_00,Marine waters,3.0,3.0
S2A_MSIL2A_20170617T113321_N9999_R080_T29UPU_83_76,Marine waters,3.0,3.0
S2A_MSIL2A_20170617T113321_N9999_R080_T29UPU_84_73,Marine waters,3.0,3.0
S2A_MSIL2A_20170617T113321_N9999_R080_T29UPU_84_80,Marine waters,3.0,3.0
S2A_MSIL2A_20170617T113321_N9999_R080_T29UPU_85_45,Marine waters,3.0,3.0
S2A_MSIL2A_20170617T113321_N9999_R080_T29UPU_85_46,Marine waters,3.0,3.0
S2A_MSIL2A_20170617T113321_N9999_R080_T29UPU_85_84,Marine waters,3.0,3.0
S2A_MSIL2A_20170617T113321_N9999_R080_T29UPU_86_82,Marine waters,3.0,3.0
S2A_MSIL2A_20170617T113321_N9999_R080_T29UPU_87_15,Marine waters,3.0,3.0
S2A_MSIL2A_20170617T113321_N9999_R080_T29UPU_87_76,Marine waters,3.0,3.0
S2A_MSIL2A_20170701T093031_N9999_R136_T35VPK_01_04,Coniferous forest,1.0,1.0
S2A_MSIL2A_20170701T093031_N9999_R136_T35VPK_01_57,Coniferous forest,1.0,1.0
S2A_MSIL2A_20170701T093031_N9999_R136_T35VPK_02_18,Coniferous forest,1.0,1.0
S2A_MSIL2A_20170701T093031_N9999_R136_T35VPK_03_16,Coniferous forest,1.0,1.0
S2A_MSIL2A_20170701T093031_N9999_R136_T35VPK_03_75,Coniferous forest,1.0,1.0
S2A_MSIL2A_20170701T093031_N9999_R136_T35VPK_04_41,Arable land,0.0,0.0
S2A_MSIL2A_20170701T093031_N9999_R136_T35VPK_05_26,Coniferous forest,1.0,1.0
S2A_MSIL2A_20170701T093031_N9999_R136_T35VPK_06_02,Coniferous forest,1.0,1.0
S2A_MSIL2A_20170701T093031_N9999_R136_T35VPK_06_22,Coniferous forest,1.0,1.0
S2A_MSIL2A_20170701T093031_N9999_R136_T35VPK_06_23,Coniferous forest,1.0,1.0
S2A_MSIL2A_20170701T093031_N9999_R136_T35VPK_06_27,Coniferous forest,1.0,1.0
S2A_MSIL2A_20170701T093031_N9999_R136_T35VPK_06_44,Coniferous forest,1.0,1.0
S2A_MSIL2A_20170701T093031_N9999_R136_T35VPK_09_28,Arable land,0.0,0.0
S2A_MSIL2A_20170701T093031_N9999_R136_T35VPK_09_62,Mixed forest,9.0,0.0
S2A_MSIL2A_20170701T093031_N9999_R136_T35VPK_09_65,Coniferous forest,1.0,1.0
S2A_MSIL2A_20170701T093031_N9999_R136_T35VPK_10_87,Coniferous forest,1.0,0.0
S2A_MSIL2A_20170701T093031_N9999_R136_T35VPK_11_25,Coniferous forest,1.0,0.0
S2A_MSIL2A_20170701T093031_N9999_R136_T35VPK_11_37,Arable land,0.0,2.0
S2A_MSIL2A_20170701T093031_N9999_R136_T35VPK_11_53,Arable land,0.0,2.0
S2A_MSIL2A_20170701T093031_N9999_R136_T35VPK_11_58,Coniferous forest,1.0,1.0
S2A_MSIL2A_20170701T093031_N9999_R136_T35VPK_12_18,Coniferous forest,1.0,1.0
S2A_MSIL2A_20170701T093031_N9999_R136_T35VPK_13_43,Arable land,0.0,0.0
S2A_MSIL2A_20170701T093031_N9999_R136_T35VPK_13_84,Coniferous forest,1.0,0.0
S2A_MSIL2A_20170701T093031_N9999_R136_T35VPK_14_00,Coniferous forest,1.0,1.0
S2A_MSIL2A_20170701T093031_N9999_R136_T35VPK_14_48,Inland waters,6.0,6.0
S2A_MSIL2A_20170701T093031_N9999_R136_T35VPK_15_09,Coniferous forest,1.0,1.0
S2A_MSIL2A_20170701T093031_N9999_R136_T35VPK_15_21,Coniferous forest,1.0,1.0
S2A_MSIL2A_20170701T093031_N9999_R136_T35VPK_15_25,Arable land,0.0,0.0
S2A_MSIL2A_20170701T093031_N9999_R136_T35VPK_15_34,Inland waters,6.0,1.0
S2A_MSIL2A_20170701T093031_N9999_R136_T35VPK_15_48,Inland waters,6.0,1.0
S2A_MSIL2A_20170701T093031_N9999_R136_T35VPK_18_79,Inland waters,6.0,6.0
S2A_MSIL2A_20170701T093031_N9999_R136_T35VPK_19_32,Arable land,0.0,0.0
S2A_MSIL2A_20170701T093031_N9999_R136_T35VPK_19_50,Arable land,0.0,0.0
S2A_MSIL2A_20170701T093031_N9999_R136_T35VPK_19_66,Inland waters,6.0,6.0
S2A_MSIL2A_20170701T093031_N9999_R136_T35VPK_21_68,Broad-leaved forest,2.0,2.0
S2A_MSIL2A_20170701T093031_N9999_R136_T35VPK_23_04,Coniferous forest,1.0,0.0
S2A_MSIL2A_20170701T093031_N9999_R136_T35VPK_23_24,Arable land,0.0,1.0
S2A_MSIL2A_20170701T093031_N9999_R136_T35VPK_23_56,Arable land,0.0,0.0
S2A_MSIL2A_20170701T093031_N9999_R136_T35VPK_23_57,Arable land,0.0,1.0
S2A_MSIL2A_20170701T093031_N9999_R136_T35VPK_23_62,Broad-leaved forest,2.0,2.0
S2A_MSIL2A_20170701T093031_N9999_R136_T35VPK_24_62,Coniferous forest,1.0,6.0
S2A_MSIL2A_20170701T093031_N9999_R136_T35VPK_24_74,Inland waters,6.0,3.0
S2A_MSIL2A_20170701T093031_N9999_R136_T35VPK_24_86,Coniferous forest,1.0,1.0
S2A_MSIL2A_20170701T093031_N9999_R136_T35VPK_26_17,Arable land,0.0,4.0
S2A_MSIL2A_20170701T093031_N9999_R136_T35VPK_27_15,Inland waters,6.0,0.0
S2A_MSIL2A_20170701T093031_N9999_R136_T35VPK_27_31,Inland waters,6.0,1.0
S2A_MSIL2A_20170701T093031_N9999_R136_T35VPK_27_46,Arable land,0.0,0.0
S2A_MSIL2A_20170701T093031_N9999_R136_T35VPK_27_61,Broad-leaved forest,2.0,1.0
S2A_MSIL2A_20170701T093031_N9999_R136_T35VPK_27_89,Coniferous forest,1.0,1.0
S2A_MSIL2A_20170701T093031_N9999_R136_T35VPK_28_88,Coniferous forest,1.0,1.0
S2A_MSIL2A_20170701T093031_N9999_R136_T35VPK_29_17,Inland waters,6.0,1.0
S2A_MSIL2A_20170701T093031_N9999_R136_T35VPK_29_19,Broad-leaved forest,2.0,1.0
S2A_MSIL2A_20170701T093031_N9999_R136_T35VPK_31_28,Inland waters,6.0,6.0
S2A_MSIL2A_20170701T093031_N9999_R136_T35VPK_32_01,Coniferous forest,1.0,1.0
S2A_MSIL2A_20170701T093031_N9999_R136_T35VPK_32_06,Coniferous forest,1.0,2.0
S2A_MSIL2A_20170701T093031_N9999_R136_T35VPK_32_13,Coniferous forest,1.0,1.0
S2A_MSIL2A_20170701T093031_N9999_R136_T35VPK_33_20,Coniferous forest,1.0,0.0
S2A_MSIL2A_20170701T093031_N9999_R136_T35VPK_33_69,Arable land,0.0,1.0
S2A_MSIL2A_20170701T093031_N9999_R136_T35VPK_34_04,Broad-leaved forest,2.0,2.0
S2A_MSIL2A_20170701T093031_N9999_R136_T35VPK_34_42,Arable land,0.0,0.0
S2A_MSIL2A_20170701T093031_N9999_R136_T35VPK_34_52,Inland waters,6.0,6.0
S2A_MSIL2A_20170701T093031_N9999_R136_T35VPK_36_49,Broad-leaved forest,2.0,1.0
S2A_MSIL2A_20170701T093031_N9999_R136_T35VPK_38_39,Coniferous forest,1.0,1.0
S2A_MSIL2A_20170701T093031_N9999_R136_T35VPK_39_07,Broad-leaved forest,2.0,2.0
S2A_MSIL2A_20170701T093031_N9999_R136_T35VPK_40_11,Broad-leaved forest,2.0,1.0
S2A_MSIL2A_20170701T093031_N9999_R136_T35VPK_40_50,Arable land,0.0,0.0
S2A_MSIL2A_20170701T093031_N9999_R136_T35VPK_40_60,Broad-leaved forest,2.0,1.0
S2A_MSIL2A_20170701T093031_N9999_R136_T35VPK_41_29,Broad-leaved forest,2.0,2.0
S2A_MSIL2A_20170701T093031_N9999_R136_T35VPK_41_32,Broad-leaved forest,2.0,1.0
S2A_MSIL2A_20170701T093031_N9999_R136_T35VPK_41_63,Coniferous forest,1.0,0.0
S2A_MSIL2A_20170701T093031_N9999_R136_T35VPK_42_01,Coniferous forest,1.0,1.0
S2A_MSIL2A_20170701T093031_N9999_R136_T35VPK_42_53,Broad-leaved forest,2.0,0.0
S2A_MSIL2A_20170701T093031_N9999_R136_T35VPK_42_54,Broad-leaved forest,2.0,2.0
S2A_MSIL2A_20170701T093031_N9999_R136_T35VPK_42_66,Inland waters,6.0,2.0
S2A_MSIL2A_20170701T093031_N9999_R136_T35VPK_43_10,Coniferous forest,1.0,1.0
S2A_MSIL2A_20170701T093031_N9999_R136_T35VPK_43_12,Coniferous forest,1.0,1.0
S2A_MSIL2A_20170701T093031_N9999_R136_T35VPK_43_61,"Land principally occupied by agriculture, with significant areas of natural vegetation",8.0,1.0
S2A_MSIL2A_20170701T093031_N9999_R136_T35VPK_43_72,Arable land,0.0,1.0
S2A_MSIL2A_20170701T093031_N9999_R136_T35VPK_44_19,Coniferous forest,1.0,1.0
S2A_MSIL2A_20170701T093031_N9999_R136_T35VPK_45_20,Broad-leaved forest,2.0,1.0
S2A_MSIL2A_20170701T093031_N9999_R136_T35VPK_45_36,Coniferous forest,1.0,1.0
S2A_MSIL2A_20170701T093031_N9999_R136_T35VPK_45_42,Arable land,0.0,1.0
S2A_MSIL2A_20170701T093031_N9999_R136_T35VPK_46_76,Coniferous forest,1.0,1.0
S2A_MSIL2A_20170701T093031_N9999_R136_T35VPK_49_10,Broad-leaved forest,2.0,0.0
S2A_MSIL2A_20170701T093031_N9999_R136_T35VPK_49_38,Coniferous forest,1.0,1.0
S2A_MSIL2A_20170701T093031_N9999_R136_T35VPK_50_45,Coniferous forest,1.0,1.0
S2A_MSIL2A_20170701T093031_N9999_R136_T35VPK_50_57,Coniferous forest,1.0,1.0
S2A_MSIL2A_20170701T093031_N9999_R136_T35VPK_51_24,Broad-leaved forest,2.0,1.0
S2A_MSIL2A_20170701T093031_N9999_R136_T35VPK_51_33,Arable land,0.0,0.0
S2A_MSIL2A_20170701T093031_N9999_R136_T35VPK_52_70,Coniferous forest,1.0,0.0
S2A_MSIL2A_20170701T093031_N9999_R136_T35VPK_53_05,Coniferous forest,1.0,1.0
S2A_MSIL2A_20170701T093031_N9999_R136_T35VPK_53_63,Coniferous forest,1.0,1.0
S2A_MSIL2A_20170701T093031_N9999_R136_T35VPK_54_37,Coniferous forest,1.0,1.0
S2A_MSIL2A_20170701T093031_N9999_R136_T35VPK_54_65,Coniferous forest,1.0,1.0
S2A_MSIL2A_20170701T093031_N9999_R136_T35VPK_55_25,Broad-leaved forest,2.0,1.0
S2A_MSIL2A_20170701T093031_N9999_R136_T35VPK_55_48,Coniferous forest,1.0,2.0
S2A_MSIL2A_20170701T093031_N9999_R136_T35VPK_57_02,Broad-leaved forest,2.0,1.0
S2A_MSIL2A_20170701T093031_N9999_R136_T35VPK_57_14,Coniferous forest,1.0,1.0
S2A_MSIL2A_20170701T093031_N9999_R136_T35VPK_57_19,Coniferous forest,1.0,1.0
S2A_MSIL2A_20170701T093031_N9999_R136_T35VPK_57_37,Arable land,0.0,1.0
S2A_MSIL2A_20170701T093031_N9999_R136_T35VPK_58_29,Coniferous forest,1.0,1.0
S2A_MSIL2A_20170701T093031_N9999_R136_T35VPK_59_06,Arable land,0.0,1.0
S2A_MSIL2A_20170701T093031_N9999_R136_T35VPK_59_15,Broad-leaved forest,2.0,1.0
S2A_MSIL2A_20170701T093031_N9999_R136_T35VPK_59_23,Coniferous forest,1.0,1.0
S2A_MSIL2A_20170701T093031_N9999_R136_T35VPK_59_37,Coniferous forest,1.0,1.0
S2A_MSIL2A_20170701T093031_N9999_R136_T35VPK_59_45,Coniferous forest,1.0,1.0
S2A_MSIL2A_20170701T093031_N9999_R136_T35VPK_60_09,Coniferous forest,1.0,1.0
S2A_MSIL2A_20170701T093031_N9999_R136_T35VPK_60_14,Coniferous forest,1.0,1.0
S2A_MSIL2A_20170701T093031_N9999_R136_T35VPK_61_05,Coniferous forest,1.0,1.0
S2A_MSIL2A_20170701T093031_N9999_R136_T35VPK_61_48,Coniferous forest,1.0,2.0
S2A_MSIL2A_20170701T093031_N9999_R136_T35VPK_62_26,Broad-leaved forest,2.0,1.0
S2A_MSIL2A_20170701T093031_N9999_R136_T35VPK_62_53,Coniferous forest,1.0,1.0
S2A_MSIL2A_20170701T093031_N9999_R136_T35VPK_63_74,Coniferous forest,1.0,1.0
S2A_MSIL2A_20170701T093031_N9999_R136_T35VPK_64_06,Coniferous forest,1.0,1.0
S2A_MSIL2A_20170701T093031_N9999_R136_T35VPK_64_09,Broad-leaved forest,2.0,1.0
S2A_MSIL2A_20170701T093031_N9999_R136_T35VPK_65_10,Broad-leaved forest,2.0,1.0
S2A_MSIL2A_20170701T093031_N9999_R136_T35VPK_66_03,Coniferous forest,1.0,1.0
S2A_MSIL2A_20170701T093031_N9999_R136_T35VPK_67_21,Coniferous forest,1.0,1.0
S2A_MSIL2A_20170701T093031_N9999_R136_T35VPK_67_37,Coniferous forest,1.0,1.0
S2A_MSIL2A_20170701T093031_N9999_R136_T35VPK_68_50,Broad-leaved forest,2.0,0.0
S2A_MSIL2A_20170701T093031_N9999_R136_T35VPK_69_10,Coniferous forest,1.0,1.0
S2A_MSIL2A_20170701T093031_N9999_R136_T35VPK_69_21,Coniferous forest,1.0,1.0
S2A_MSIL2A_20170701T093031_N9999_R136_T35VPK_71_19,Coniferous forest,1.0,1.0
S2A_MSIL2A_20170701T093031_N9999_R136_T35VPK_72_40,Broad-leaved forest,2.0,1.0
S2A_MSIL2A_20170701T093031_N9999_R136_T35VPK_72_50,Broad-leaved forest,2.0,1.0
S2A_MSIL2A_20170701T093031_N9999_R136_T35VPK_73_27,Coniferous forest,1.0,0.0
S2A_MSIL2A_20170701T093031_N9999_R136_T35VPK_73_46,Coniferous forest,1.0,1.0
S2A_MSIL2A_20170701T093031_N9999_R136_T35VPK_73_81,Arable land,0.0,0.0
S2A_MSIL2A_20170701T093031_N9999_R136_T35VPK_75_13,Coniferous forest,1.0,1.0
S2A_MSIL2A_20170701T093031_N9999_R136_T35VPK_75_65,Coniferous forest,1.0,1.0
S2A_MSIL2A_20170701T093031_N9999_R136_T35VPK_75_79,Coniferous forest,1.0,1.0
S2A_MSIL2A_20170701T093031_N9999_R136_T35VPK_76_05,Inland waters,6.0,6.0
S2A_MSIL2A_20170701T093031_N9999_R136_T35VPK_77_67,Coniferous forest,1.0,1.0
S2A_MSIL2A_20170701T093031_N9999_R136_T35VPK_80_03,Coniferous forest,1.0,1.0
S2A_MSIL2A_20170701T093031_N9999_R136_T35VPK_80_35,Coniferous forest,1.0,2.0
S2A_MSIL2A_20170701T093031_N9999_R136_T35VPK_81_28,Coniferous forest,1.0,1.0
S2A_MSIL2A_20170701T093031_N9999_R136_T35VPK_81_68,Coniferous forest,1.0,1.0
S2A_MSIL2A_20170701T093031_N9999_R136_T35VPK_82_31,Coniferous forest,1.0,0.0
S2A_MSIL2A_20170701T093031_N9999_R136_T35VPK_82_65,Coniferous forest,1.0,1.0
S2A_MSIL2A_20170701T093031_N9999_R136_T35VPK_84_18,Coniferous forest,1.0,1.0
S2A_MSIL2A_20170701T093031_N9999_R136_T35VPK_85_18,Coniferous forest,1.0,1.0
S2A_MSIL2A_20170701T093031_N9999_R136_T35VPK_86_50,Coniferous forest,1.0,1.0
S2A_MSIL2A_20170701T093031_N9999_R136_T35VPK_86_52,Coniferous forest,1.0,1.0
S2A_MSIL2A_20170701T093031_N9999_R136_T35VPK_87_50,Broad-leaved forest,2.0,1.0
S2A_MSIL2A_20170701T093031_N9999_R136_T35VPK_88_02,Coniferous forest,1.0,1.0
S2A_MSIL2A_20170701T093031_N9999_R136_T35VPK_88_17,Coniferous forest,1.0,0.0
S2A_MSIL2A_20170701T093031_N9999_R136_T35VPK_89_30,Coniferous forest,1.0,2.0
S2A_MSIL2A_20170704T112111_N9999_R037_T29SND_00_44,Broad-leaved forest,2.0,0.0
S2A_MSIL2A_20170704T112111_N9999_R037_T29SND_02_04,Broad-leaved forest,2.0,0.0
S2A_MSIL2A_20170704T112111_N9999_R037_T29SND_02_73,Arable land,0.0,0.0
S2A_MSIL2A_20170704T112111_N9999_R037_T29SND_03_79,Arable land,0.0,0.0
S2A_MSIL2A_20170704T112111_N9999_R037_T29SND_04_27,Broad-leaved forest,2.0,4.0
S2A_MSIL2A_20170704T112111_N9999_R037_T29SND_05_09,Broad-leaved forest,2.0,0.0
S2A_MSIL2A_20170704T112111_N9999_R037_T29SND_06_43,Broad-leaved forest,2.0,0.0
S2A_MSIL2A_20170704T112111_N9999_R037_T29SND_07_28,"Land principally occupied by agriculture, with significant areas of natural vegetation",8.0,0.0
S2A_MSIL2A_20170704T112111_N9999_R037_T29SND_07_43,Arable land,0.0,0.0
S2A_MSIL2A_20170704T112111_N9999_R037_T29SND_08_28,Coniferous forest,1.0,0.0
S2A_MSIL2A_20170704T112111_N9999_R037_T29SND_08_53,Complex cultivation patterns,5.0,0.0
S2A_MSIL2A_20170704T112111_N9999_R037_T29SND_09_42,Broad-leaved forest,2.0,0.0
S2A_MSIL2A_20170704T112111_N9999_R037_T29SND_10_36,Arable land,0.0,0.0
S2A_MSIL2A_20170704T112111_N9999_R037_T29SND_12_53,Complex cultivation patterns,5.0,0.0
S2A_MSIL2A_20170704T112111_N9999_R037_T29SND_12_71,Arable land,0.0,0.0
S2A_MSIL2A_20170704T112111_N9999_R037_T29SND_13_16,Complex cultivation patterns,5.0,0.0
S2A_MSIL2A_20170704T112111_N9999_R037_T29SND_13_65,Arable land,0.0,0.0
S2A_MSIL2A_20170704T112111_N9999_R037_T29SND_13_66,Arable land,0.0,0.0
S2A_MSIL2A_20170704T112111_N9999_R037_T29SND_14_88,Broad-leaved forest,2.0,0.0
S2A_MSIL2A_20170704T112111_N9999_R037_T29SND_15_04,Complex cultivation patterns,5.0,0.0
S2A_MSIL2A_20170704T112111_N9999_R037_T29SND_17_06,"Moors, heathland and sclerophyllous vegetation",12.0,0.0
S2A_MSIL2A_20170704T112111_N9999_R037_T29SND_17_88,Broad-leaved forest,2.0,4.0
S2A_MSIL2A_20170704T112111_N9999_R037_T29SND_18_22,Complex cultivation patterns,5.0,0.0
S2A_MSIL2A_20170704T112111_N9999_R037_T29SND_18_39,Complex cultivation patterns,5.0,0.0
S2A_MSIL2A_20170704T112111_N9999_R037_T29SND_19_08,"Land principally occupied by agriculture, with significant areas of natural vegetation",8.0,0.0
S2A_MSIL2A_20170704T112111_N9999_R037_T29SND_19_12,"Land principally occupied by agriculture, with significant areas of natural vegetation",8.0,0.0
S2A_MSIL2A_20170704T112111_N9999_R037_T29SND_20_30,"Moors, heathland and sclerophyllous vegetation",12.0,4.0
S2A_MSIL2A_20170704T112111_N9999_R037_T29SND_21_21,"Land principally occupied by agriculture, with significant areas of natural vegetation",8.0,0.0
S2A_MSIL2A_20170704T112111_N9999_R037_T29SND_21_63,Arable land,0.0,0.0
S2A_MSIL2A_20170704T112111_N9999_R037_T29SND_24_66,Agro-forestry areas,4.0,0.0
S2A_MSIL2A_20170704T112111_N9999_R037_T29SND_24_76,Arable land,0.0,0.0
S2A_MSIL2A_20170704T112111_N9999_R037_T29SND_25_09,Broad-leaved forest,2.0,0.0
S2A_MSIL2A_20170704T112111_N9999_R037_T29SND_25_14,Complex cultivation patterns,5.0,0.0
S2A_MSIL2A_20170704T112111_N9999_R037_T29SND_25_47,Arable land,0.0,0.0
S2A_MSIL2A_20170704T112111_N9999_R037_T29SND_25_58,Agro-forestry areas,4.0,0.0
S2A_MSIL2A_20170704T112111_N9999_R037_T29SND_27_47,Arable land,0.0,0.0
S2A_MSIL2A_20170704T112111_N9999_R037_T29SND_28_02,Complex cultivation patterns,5.0,0.0
S2A_MSIL2A_20170704T112111_N9999_R037_T29SND_28_89,Agro-forestry areas,4.0,0.0
S2A_MSIL2A_20170704T112111_N9999_R037_T29SND_29_77,Broad-leaved forest,2.0,4.0
S2A_MSIL2A_20170704T112111_N9999_R037_T29SND_29_85,Complex cultivation patterns,5.0,4.0
S2A_MSIL2A_20170704T112111_N9999_R037_T29SND_30_20,Complex cultivation patterns,5.0,0.0
S2A_MSIL2A_20170704T112111_N9999_R037_T29SND_30_84,Broad-leaved forest,2.0,0.0
S2A_MSIL2A_20170704T112111_N9999_R037_T29SND_31_11,Complex cultivation patterns,5.0,0.0
S2A_MSIL2A_20170704T112111_N9999_R037_T29SND_32_36,Arable land,0.0,0.0
S2A_MSIL2A_20170704T112111_N9999_R037_T29SND_32_70,Agro-forestry areas,4.0,2.0
S2A_MSIL2A_20170704T112111_N9999_R037_T29SND_34_51,Broad-leaved forest,2.0,0.0
S2A_MSIL2A_20170704T112111_N9999_R037_T29SND_35_21,Arable land,0.0,0.0
S2A_MSIL2A_20170704T112111_N9999_R037_T29SND_35_77,Agro-forestry areas,4.0,0.0
S2A_MSIL2A_20170704T112111_N9999_R037_T29SND_36_14,Complex cultivation patterns,5.0,0.0
S2A_MSIL2A_20170704T112111_N9999_R037_T29SND_36_61,Agro-forestry areas,4.0,4.0
S2A_MSIL2A_20170704T112111_N9999_R037_T29SND_36_63,Agro-forestry areas,4.0,0.0
S2A_MSIL2A_20170704T112111_N9999_R037_T29SND_37_65,Agro-forestry areas,4.0,5.0
S2A_MSIL2A_20170704T112111_N9999_R037_T29SND_37_81,Agro-forestry areas,4.0,0.0
S2A_MSIL2A_20170704T112111_N9999_R037_T29SND_37_88,Agro-forestry areas,4.0,0.0
S2A_MSIL2A_20170704T112111_N9999_R037_T29SND_38_31,Arable land,0.0,0.0
S2A_MSIL2A_20170704T112111_N9999_R037_T29SND_38_67,"Land principally occupied by agriculture, with significant areas of natural vegetation",8.0,0.0
S2A_MSIL2A_20170704T112111_N9999_R037_T29SND_38_84,Agro-forestry areas,4.0,0.0
S2A_MSIL2A_20170704T112111_N9999_R037_T29SND_41_12,Broad-leaved forest,2.0,0.0
S2A_MSIL2A_20170704T112111_N9999_R037_T29SND_42_03,"Land principally occupied by agriculture, with significant areas of natural vegetation",8.0,4.0
S2A_MSIL2A_20170704T112111_N9999_R037_T29SND_42_25,Broad-leaved forest,2.0,0.0
S2A_MSIL2A_20170704T112111_N9999_R037_T29SND_42_29,Complex cultivation patterns,5.0,0.0
S2A_MSIL2A_20170704T112111_N9999_R037_T29SND_42_52,Agro-forestry areas,4.0,0.0
S2A_MSIL2A_20170704T112111_N9999_R037_T29SND_43_08,Complex cultivation patterns,5.0,0.0
S2A_MSIL2A_20170704T112111_N9999_R037_T29SND_43_29,Coniferous forest,1.0,4.0
S2A_MSIL2A_20170704T112111_N9999_R037_T29SND_43_45,Agro-forestry areas,4.0,4.0
S2A_MSIL2A_20170704T112111_N9999_R037_T29SND_44_70,Agro-forestry areas,4.0,0.0
S2A_MSIL2A_20170704T112111_N9999_R037_T29SND_45_05,Broad-leaved forest,2.0,4.0
S2A_MSIL2A_20170704T112111_N9999_R037_T29SND_45_07,Complex cultivation patterns,5.0,0.0
S2A_MSIL2A_20170704T112111_N9999_R037_T29SND_45_21,Complex cultivation patterns,5.0,0.0
S2A_MSIL2A_20170704T112111_N9999_R037_T29SND_45_88,Agro-forestry areas,4.0,0.0
S2A_MSIL2A_20170704T112111_N9999_R037_T29SND_46_05,Complex cultivation patterns,5.0,4.0
S2A_MSIL2A_20170704T112111_N9999_R037_T29SND_46_20,Mixed forest,9.0,0.0
S2A_MSIL2A_20170704T112111_N9999_R037_T29SND_46_68,Arable land,0.0,0.0
S2A_MSIL2A_20170704T112111_N9999_R037_T29SND_46_79,Broad-leaved forest,2.0,4.0
S2A_MSIL2A_20170704T112111_N9999_R037_T29SND_47_21,Mixed forest,9.0,0.0
S2A_MSIL2A_20170704T112111_N9999_R037_T29SND_47_28,Broad-leaved forest,2.0,0.0
S2A_MSIL2A_20170704T112111_N9999_R037_T29SND_47_32,Agro-forestry areas,4.0,0.0
S2A_MSIL2A_20170704T112111_N9999_R037_T29SND_48_05,Broad-leaved forest,2.0,0.0
S2A_MSIL2A_20170704T112111_N9999_R037_T29SND_48_27,Broad-leaved forest,2.0,4.0
S2A_MSIL2A_20170704T112111_N9999_R037_T29SND_48_33,Pastures,7.0,0.0
S2A_MSIL2A_20170704T112111_N9999_R037_T29SND_48_83,Agro-forestry areas,4.0,4.0
S2A_MSIL2A_20170704T112111_N9999_R037_T29SND_49_31,Agro-forestry areas,4.0,4.0
S2A_MSIL2A_20170704T112111_N9999_R037_T29SND_49_57,Arable land,0.0,2.0
S2A_MSIL2A_20170704T112111_N9999_R037_T29SND_49_79,Arable land,0.0,4.0
S2A_MSIL2A_20170704T112111_N9999_R037_T29SND_50_56,Agro-forestry areas,4.0,0.0
S2A_MSIL2A_20170704T112111_N9999_R037_T29SND_51_33,Broad-leaved forest,2.0,0.0
S2A_MSIL2A_20170704T112111_N9999_R037_T29SND_51_85,Agro-forestry areas,4.0,4.0
S2A_MSIL2A_20170704T112111_N9999_R037_T29SND_52_53,Agro-forestry areas,4.0,0.0
S2A_MSIL2A_20170704T112111_N9999_R037_T29SND_52_65,Broad-leaved forest,2.0,4.0
S2A_MSIL2A_20170704T112111_N9999_R037_T29SND_52_82,Broad-leaved forest,2.0,4.0
S2A_MSIL2A_20170704T112111_N9999_R037_T29SND_53_10,Broad-leaved forest,2.0,0.0
S2A_MSIL2A_20170704T112111_N9999_R037_T29SND_56_09,Broad-leaved forest,2.0,0.0
S2A_MSIL2A_20170704T112111_N9999_R037_T29SND_56_37,Broad-leaved forest,2.0,4.0
S2A_MSIL2A_20170704T112111_N9999_R037_T29SND_56_58,Agro-forestry areas,4.0,4.0
S2A_MSIL2A_20170704T112111_N9999_R037_T29SND_56_80,Arable land,0.0,4.0
S2A_MSIL2A_20170704T112111_N9999_R037_T29SND_57_16,Complex cultivation patterns,5.0,0.0
S2A_MSIL2A_20170704T112111_N9999_R037_T29SND_57_31,Broad-leaved forest,2.0,0.0
S2A_MSIL2A_20170704T112111_N9999_R037_T29SND_57_61,Agro-forestry areas,4.0,4.0
S2A_MSIL2A_20170704T112111_N9999_R037_T29SND_57_88,Agro-forestry areas,4.0,0.0
S2A_MSIL2A_20170704T112111_N9999_R037_T29SND_58_72,Arable land,0.0,0.0
S2A_MSIL2A_20170704T112111_N9999_R037_T29SND_59_78,Agro-forestry areas,4.0,4.0
S2A_MSIL2A_20170704T112111_N9999_R037_T29SND_61_86,Agro-forestry areas,4.0,4.0
S2A_MSIL2A_20170704T112111_N9999_R037_T29SND_62_22,Broad-leaved forest,2.0,0.0
S2A_MSIL2A_20170704T112111_N9999_R037_T29SND_62_71,Agro-forestry areas,4.0,4.0
S2A_MSIL2A_20170704T112111_N9999_R037_T29SND_64_11,Coniferous forest,1.0,2.0
S2A_MSIL2A_20170704T112111_N9999_R037_T29SND_64_24,Broad-leaved forest,2.0,0.0
S2A_MSIL2A_20170704T112111_N9999_R037_T29SND_64_68,Agro-forestry areas,4.0,4.0
S2A_MSIL2A_20170704T112111_N9999_R037_T29SND_66_69,Agro-forestry areas,4.0,4.0
S2A_MSIL2A_20170704T112111_N9999_R037_T29SND_67_20,"Land principally occupied by agriculture, with significant areas of natural vegetation",8.0,0.0
S2A_MSIL2A_20170704T112111_N9999_R037_T29SND_67_77,Agro-forestry areas,4.0,0.0
S2A_MSIL2A_20170704T112111_N9999_R037_T29SND_67_79,Agro-forestry areas,4.0,4.0
S2A_MSIL2A_20170704T112111_N9999_R037_T29SND_67_80,Agro-forestry areas,4.0,0.0
S2A_MSIL2A_20170704T112111_N9999_R037_T29SND_68_24,Broad-leaved forest,2.0,0.0
S2A_MSIL2A_20170704T112111_N9999_R037_T29SND_68_55,Arable land,0.0,2.0
S2A_MSIL2A_20170704T112111_N9999_R037_T29SND_69_76,Agro-forestry areas,4.0,4.0
S2A_MSIL2A_20170704T112111_N9999_R037_T29SND_70_42,Agro-forestry areas,4.0,0.0
S2A_MSIL2A_20170704T112111_N9999_R037_T29SND_70_73,Agro-forestry areas,4.0,4.0
S2A_MSIL2A_20170704T112111_N9999_R037_T29SND_71_02,Broad-leaved forest,2.0,0.0
S2A_MSIL2A_20170704T112111_N9999_R037_T29SND_71_23,Broad-leaved forest,2.0,4.0
S2A_MSIL2A_20170704T112111_N9999_R037_T29SND_71_51,Broad-leaved forest,2.0,4.0
S2A_MSIL2A_20170704T112111_N9999_R037_T29SND_71_75,Agro-forestry areas,4.0,0.0
S2A_MSIL2A_20170704T112111_N9999_R037_T29SND_72_58,Agro-forestry areas,4.0,4.0
S2A_MSIL2A_20170704T112111_N9999_R037_T29SND_73_07,Broad-leaved forest,2.0,2.0
S2A_MSIL2A_20170704T112111_N9999_R037_T29SND_74_45,Arable land,0.0,4.0
S2A_MSIL2A_20170704T112111_N9999_R037_T29SND_74_59,Agro-forestry areas,4.0,4.0
S2A_MSIL2A_20170704T112111_N9999_R037_T29SND_74_62,Agro-forestry areas,4.0,4.0
S2A_MSIL2A_20170704T112111_N9999_R037_T29SND_74_84,Agro-forestry areas,4.0,0.0
S2A_MSIL2A_20170704T112111_N9999_R037_T29SND_75_15,"Transitional woodland, shrub",14.0,2.0
S2A_MSIL2A_20170704T112111_N9999_R037_T29SND_75_17,Complex cultivation patterns,5.0,4.0
S2A_MSIL2A_20170704T112111_N9999_R037_T29SND_75_63,Agro-forestry areas,4.0,0.0
S2A_MSIL2A_20170704T112111_N9999_R037_T29SND_76_04,Coniferous forest,1.0,4.0
S2A_MSIL2A_20170704T112111_N9999_R037_T29SND_76_83,Agro-forestry areas,4.0,4.0
S2A_MSIL2A_20170704T112111_N9999_R037_T29SND_77_72,Agro-forestry areas,4.0,0.0
S2A_MSIL2A_20170704T112111_N9999_R037_T29SND_77_79,Agro-forestry areas,4.0,4.0
S2A_MSIL2A_20170704T112111_N9999_R037_T29SND_78_86,Agro-forestry areas,4.0,4.0
S2A_MSIL2A_20170704T112111_N9999_R037_T29SND_79_00,Complex cultivation patterns,5.0,0.0
S2A_MSIL2A_20170704T112111_N9999_R037_T29SND_79_02,Coniferous forest,1.0,4.0
S2A_MSIL2A_20170704T112111_N9999_R037_T29SND_79_05,Complex cultivation patterns,5.0,4.0
S2A_MSIL2A_20170704T112111_N9999_R037_T29SND_79_43,Broad-leaved forest,2.0,4.0
S2A_MSIL2A_20170704T112111_N9999_R037_T29SND_79_86,Agro-forestry areas,4.0,4.0
S2A_MSIL2A_20170704T112111_N9999_R037_T29SND_80_26,Broad-leaved forest,2.0,4.0
S2A_MSIL2A_20170704T112111_N9999_R037_T29SND_80_32,Mixed forest,9.0,4.0
S2A_MSIL2A_20170704T112111_N9999_R037_T29SND_80_41,Arable land,0.0,4.0
S2A_MSIL2A_20170704T112111_N9999_R037_T29SND_80_75,Agro-forestry areas,4.0,4.0
S2A_MSIL2A_20170704T112111_N9999_R037_T29SND_81_49,Agro-forestry areas,4.0,4.0
S2A_MSIL2A_20170704T112111_N9999_R037_T29SND_81_77,Agro-forestry areas,4.0,4.0
S2A_MSIL2A_20170704T112111_N9999_R037_T29SND_81_89,Agro-forestry areas,4.0,4.0
S2A_MSIL2A_20170704T112111_N9999_R037_T29SND_82_03,Coniferous forest,1.0,0.0
S2A_MSIL2A_20170704T112111_N9999_R037_T29SND_84_37,Broad-leaved forest,2.0,4.0
S2A_MSIL2A_20170704T112111_N9999_R037_T29SND_85_43,Agro-forestry areas,4.0,4.0
S2A_MSIL2A_20170704T112111_N9999_R037_T29SND_85_74,Agro-forestry areas,4.0,4.0
S2A_MSIL2A_20170704T112111_N9999_R037_T29SND_86_25,Broad-leaved forest,2.0,4.0
S2A_MSIL2A_20170704T112111_N9999_R037_T29SND_86_32,Complex cultivation patterns,5.0,4.0
S2A_MSIL2A_20170704T112111_N9999_R037_T29SND_86_62,Agro-forestry areas,4.0,4.0
S2A_MSIL2A_20170704T112111_N9999_R037_T29SND_87_01,Coniferous forest,1.0,4.0
S2A_MSIL2A_20170704T112111_N9999_R037_T29SND_87_07,"Land principally occupied by agriculture, with significant areas of natural vegetation",8.0,0.0
S2A_MSIL2A_20170704T112111_N9999_R037_T29SND_87_58,Agro-forestry areas,4.0,4.0
S2A_MSIL2A_20170704T112111_N9999_R037_T29SND_87_69,Agro-forestry areas,4.0,0.0
S2A_MSIL2A_20170704T112111_N9999_R037_T29SND_89_41,Agro-forestry areas,4.0,4.0
S2A_MSIL2A_20170704T112111_N9999_R037_T29SND_90_00,Coniferous forest,1.0,0.0
S2A_MSIL2A_20170704T112111_N9999_R037_T29SND_90_39,Arable land,0.0,4.0
S2A_MSIL2A_20170717T113321_N9999_R080_T29UPA_31_87,"Land principally occupied by agriculture, with significant areas of natural vegetation",8.0,0.0
S2A_MSIL2A_20170717T113321_N9999_R080_T29UPA_33_74,Pastures,7.0,0.0
S2A_MSIL2A_20170717T113321_N9999_R080_T29UPA_33_78,"Land principally occupied by agriculture, with significant areas of natural vegetation",8.0,7.0
S2A_MSIL2A_20170717T113321_N9999_R080_T29UPA_38_76,Inland wetlands,10.0,7.0
S2A_MSIL2A_20170717T113321_N9999_R080_T29UPA_41_85,Inland waters,6.0,0.0
S2A_MSIL2A_20170717T113321_N9999_R080_T29UPA_42_77,Pastures,7.0,7.0
S2A_MSIL2A_20170717T113321_N9999_R080_T29UPA_62_87,Coniferous forest,1.0,7.0
S2A_MSIL2A_20170717T113321_N9999_R080_T29UPV_09_85,Arable land,0.0,0.0
S2A_MSIL2A_20170717T113321_N9999_R080_T29UPV_10_87,Pastures,7.0,0.0
S2A_MSIL2A_20170717T113321_N9999_R080_T29UPV_13_86,Broad-leaved forest,2.0,0.0
S2A_MSIL2A_20170717T113321_N9999_R080_T29UPV_16_61,Coniferous forest,1.0,0.0
S2A_MSIL2A_20170717T113321_N9999_R080_T29UPV_17_61,Pastures,7.0,7.0
S2A_MSIL2A_20170717T113321_N9999_R080_T29UPV_19_77,Inland wetlands,10.0,0.0
S2A_MSIL2A_20170717T113321_N9999_R080_T29UPV_19_82,Inland wetlands,10.0,2.0
S2A_MSIL2A_20170717T113321_N9999_R080_T29UPV_21_44,Pastures,7.0,7.0
S2A_MSIL2A_20170717T113321_N9999_R080_T29UPV_21_78,Inland wetlands,10.0,0.0
S2A_MSIL2A_20170717T113321_N9999_R080_T29UPV_24_29,Pastures,7.0,7.0
S2A_MSIL2A_20170717T113321_N9999_R080_T29UPV_24_53,Inland wetlands,10.0,10.0
S2A_MSIL2A_20170717T113321_N9999_R080_T29UPV_25_20,Pastures,7.0,7.0
S2A_MSIL2A_20170717T113321_N9999_R080_T29UPV_25_39,Arable land,0.0,0.0
S2A_MSIL2A_20170717T113321_N9999_R080_T29UPV_25_49,Inland wetlands,10.0,7.0
S2A_MSIL2A_20170717T113321_N9999_R080_T29UPV_26_60,Pastures,7.0,7.0
S2A_MSIL2A_20170717T113321_N9999_R080_T29UPV_27_90,Arable land,0.0,0.0
S2A_MSIL2A_20170717T113321_N9999_R080_T29UPV_29_31,Pastures,7.0,0.0
S2A_MSIL2A_20170717T113321_N9999_R080_T29UPV_29_87,Arable land,0.0,0.0
S2A_MSIL2A_20170717T113321_N9999_R080_T29UPV_30_07,Inland waters,6.0,0.0
S2A_MSIL2A_20170717T113321_N9999_R080_T29UPV_31_78,Arable land,0.0,0.0
S2A_MSIL2A_20170717T113321_N9999_R080_T29UPV_32_57,Arable land,0.0,0.0
S2A_MSIL2A_20170717T113321_N9999_R080_T29UPV_32_69,Arable land,0.0,2.0
S2A_MSIL2A_20170717T113321_N9999_R080_T29UPV_33_45,Arable land,0.0,0.0
S2A_MSIL2A_20170717T113321_N9999_R080_T29UPV_33_54,Arable land,0.0,1.0
S2A_MSIL2A_20170717T113321_N9999_R080_T29UPV_33_74,Broad-leaved forest,2.0,0.0
S2A_MSIL2A_20170717T113321_N9999_R080_T29UPV_34_54,Arable land,0.0,0.0
S2A_MSIL2A_20170717T113321_N9999_R080_T29UPV_34_72,Inland wetlands,10.0,10.0
S2A_MSIL2A_20170717T113321_N9999_R080_T29UPV_36_01,Pastures,7.0,0.0
S2A_MSIL2A_20170717T113321_N9999_R080_T29UPV_36_22,Pastures,7.0,7.0
S2A_MSIL2A_20170717T113321_N9999_R080_T29UPV_36_70,Inland wetlands,10.0,0.0
S2A_MSIL2A_20170717T113321_N9999_R080_T29UPV_36_75,Coniferous forest,1.0,0.0
S2A_MSIL2A_20170717T113321_N9999_R080_T29UPV_36_82,Arable land,0.0,0.0
S2A_MSIL2A_20170717T113321_N9999_R080_T29UPV_37_66,Arable land,0.0,0.0
S2A_MSIL2A_20170717T113321_N9999_R080_T29UPV_38_14,Pastures,7.0,0.0
S2A_MSIL2A_20170717T113321_N9999_R080_T29UPV_38_25,"Land principally occupied by agriculture, with significant areas of natural vegetation",8.0,0.0
S2A_MSIL2A_20170717T113321_N9999_R080_T29UPV_38_83,"Land principally occupied by agriculture, with significant areas of natural vegetation",8.0,0.0
S2A_MSIL2A_20170717T113321_N9999_R080_T29UPV_40_30,Arable land,0.0,7.0
S2A_MSIL2A_20170717T113321_N9999_R080_T29UPV_40_32,Arable land,0.0,0.0
S2A_MSIL2A_20170717T113321_N9999_R080_T29UPV_40_83,Arable land,0.0,0.0
S2A_MSIL2A_20170717T113321_N9999_R080_T29UPV_41_75,Arable land,0.0,0.0
S2A_MSIL2A_20170717T113321_N9999_R080_T29UPV_41_88,Arable land,0.0,0.0
S2A_MSIL2A_20170717T113321_N9999_R080_T29UPV_42_19,Mixed forest,9.0,0.0
S2A_MSIL2A_20170717T113321_N9999_R080_T29UPV_46_32,Arable land,0.0,0.0
S2A_MSIL2A_20170717T113321_N9999_R080_T29UPV_46_81,Industrial or commercial units,11.0,0.0
S2A_MSIL2A_20170717T113321_N9999_R080_T29UPV_47_37,Arable land,0.0,0.0
S2A_MSIL2A_20170717T113321_N9999_R080_T29UPV_47_60,Arable land,0.0,0.0
S2A_MSIL2A_20170717T113321_N9999_R080_T29UPV_48_29,Pastures,7.0,0.0
S2A_MSIL2A_20170717T113321_N9999_R080_T29UPV_49_09,"Land principally occupied by agriculture, with significant areas of natural vegetation",8.0,7.0
S2A_MSIL2A_20170717T113321_N9999_R080_T29UPV_49_63,Pastures,7.0,0.0
S2A_MSIL2A_20170717T113321_N9999_R080_T29UPV_49_88,Arable land,0.0,7.0
S2A_MSIL2A_20170717T113321_N9999_R080_T29UPV_50_17,Arable land,0.0,0.0
S2A_MSIL2A_20170717T113321_N9999_R080_T29UPV_50_37,Arable land,0.0,0.0
S2A_MSIL2A_20170717T113321_N9999_R080_T29UPV_50_57,Pastures,7.0,0.0
S2A_MSIL2A_20170717T113321_N9999_R080_T29UPV_50_63,Arable land,0.0,0.0
S2A_MSIL2A_20170717T113321_N9999_R080_T29UPV_51_09,"Land principally occupied by agriculture, with significant areas of natural vegetation",8.0,7.0
S2A_MSIL2A_20170717T113321_N9999_R080_T29UPV_51_61,Arable land,0.0,0.0
S2A_MSIL2A_20170717T113321_N9999_R080_T29UPV_51_74,Arable land,0.0,0.0
S2A_MSIL2A_20170717T113321_N9999_R080_T29UPV_52_17,Arable land,0.0,0.0
S2A_MSIL2A_20170717T113321_N9999_R080_T29UPV_52_90,Coniferous forest,1.0,0.0
S2A_MSIL2A_20170717T113321_N9999_R080_T29UPV_53_33,Arable land,0.0,0.0
S2A_MSIL2A_20170717T113321_N9999_R080_T29UPV_54_22,Arable land,0.0,0.0
S2A_MSIL2A_20170717T113321_N9999_R080_T29UPV_54_25,Arable land,0.0,0.0
S2A_MSIL2A_20170717T113321_N9999_R080_T29UPV_54_33,Arable land,0.0,0.0
S2A_MSIL2A_20170717T113321_N9999_R080_T29UPV_54_43,Arable land,0.0,0.0
S2A_MSIL2A_20170717T113321_N9999_R080_T29UPV_55_19,Arable land,0.0,0.0
S2A_MSIL2A_20170717T113321_N9999_R080_T29UPV_55_68,Arable land,0.0,0.0
S2A_MSIL2A_20170717T113321_N9999_R080_T29UPV_56_85,"Land principally occupied by agriculture, with significant areas of natural vegetation",8.0,0.0
S2A_MSIL2A_20170717T113321_N9999_R080_T29UPV_56_86,Coniferous forest,1.0,7.0
S2A_MSIL2A_20170717T113321_N9999_R080_T29UPV_57_65,Arable land,0.0,0.0
S2A_MSIL2A_20170717T113321_N9999_R080_T29UPV_58_33,Arable land,0.0,0.0
S2A_MSIL2A_20170717T113321_N9999_R080_T29UPV_58_60,Arable land,0.0,0.0
S2A_MSIL2A_20170717T113321_N9999_R080_T29UPV_59_70,Arable land,0.0,0.0
S2A_MSIL2A_20170717T113321_N9999_R080_T29UPV_61_78,Pastures,7.0,0.0
S2A_MSIL2A_20170717T113321_N9999_R080_T29UPV_63_35,Arable land,0.0,0.0
S2A_MSIL2A_20170717T113321_N9999_R080_T29UPV_64_36,Arable land,0.0,0.0
S2A_MSIL2A_20170717T113321_N9999_R080_T29UPV_64_50,Arable land,0.0,0.0
S2A_MSIL2A_20170717T113321_N9999_R080_T29UPV_64_72,Industrial or commercial units,11.0,0.0
S2A_MSIL2A_20170717T113321_N9999_R080_T29UPV_65_52,Arable land,0.0,0.0
S2A_MSIL2A_20170717T113321_N9999_R080_T29UPV_67_81,Coniferous forest,1.0,2.0
S2A_MSIL2A_20170717T113321_N9999_R080_T29UPV_67_87,Inland wetlands,10.0,1.0
S2A_MSIL2A_20170717T113321_N9999_R080_T29UPV_67_89,Inland wetlands,10.0,10.0
S2A_MSIL2A_20170717T113321_N9999_R080_T29UPV_68_22,Marine waters,3.0,3.0
S2A_MSIL2A_20170717T113321_N9999_R080_T29UPV_68_66,Industrial or commercial units,11.0,0.0
S2A_MSIL2A_20170717T113321_N9999_R080_T29UPV_70_40,Marine waters,3.0,3.0
S2A_MSIL2A_20170717T113321_N9999_R080_T29UPV_70_49,Arable land,0.0,0.0
S2A_MSIL2A_20170717T113321_N9999_R080_T29UPV_72_82,Mixed forest,9.0,0.0
S2A_MSIL2A_20170717T113321_N9999_R080_T29UPV_73_25,Marine waters,3.0,3.0
S2A_MSIL2A_20170717T113321_N9999_R080_T29UPV_74_13,Marine waters,3.0,3.0
S2A_MSIL2A_20170717T113321_N9999_R080_T29UPV_74_77,Urban fabric,17.0,0.0
S2A_MSIL2A_20170717T113321_N9999_R080_T29UPV_74_81,"Land principally occupied by agriculture, with significant areas of natural vegetation",8.0,0.0
S2A_MSIL2A_20170717T113321_N9999_R080_T29UPV_75_19,Marine waters,3.0,3.0
S2A_MSIL2A_20170717T113321_N9999_R080_T29UPV_77_28,Marine waters,3.0,3.0
S2A_MSIL2A_20170717T113321_N9999_R080_T29UPV_77_86,Arable land,0.0,2.0
S2A_MSIL2A_20170717T113321_N9999_R080_T29UPV_78_16,Marine waters,3.0,3.0
S2A_MSIL2A_20170717T113321_N9999_R080_T29UPV_78_40,Marine waters,3.0,3.0
S2A_MSIL2A_20170717T113321_N9999_R080_T29UPV_79_29,Marine waters,3.0,3.0
S2A_MSIL2A_20170717T113321_N9999_R080_T29UPV_79_62,Marine waters,3.0,3.0
S2A_MSIL2A_20170717T113321_N9999_R080_T29UPV_80_65,Marine waters,3.0,3.0
S2A_MSIL2A_20170717T113321_N9999_R080_T29UPV_80_72,Marine waters,3.0,3.0
S2A_MSIL2A_20170717T113321_N9999_R080_T29UPV_81_19,Marine waters,3.0,3.0
S2A_MSIL2A_20170717T113321_N9999_R080_T29UPV_81_56,"Land principally occupied by agriculture, with significant areas of natural vegetation",8.0,3.0
S2A_MSIL2A_20170717T113321_N9999_R080_T29UPV_82_64,Marine waters,3.0,3.0
S2A_MSIL2A_20170717T113321_N9999_R080_T29UPV_84_65,Marine waters,3.0,3.0
S2A_MSIL2A_20170717T113321_N9999_R080_T29UPV_84_66,Marine waters,3.0,3.0
S2A_MSIL2A_20170717T113321_N9999_R080_T29UPV_86_20,Marine waters,3.0,3.0
S2A_MSIL2A_20170717T113321_N9999_R080_T29UPV_86_24,Marine waters,3.0,3.0
S2A_MSIL2A_20170717T113321_N9999_R080_T29UPV_88_25,Marine waters,3.0,3.0
S2A_MSIL2A_20170717T113321_N9999_R080_T29UPV_88_47,Marine waters,3.0,3.0
S2A_MSIL2A_20170717T113321_N9999_R080_T29UPV_88_60,Marine waters,3.0,3.0
S2A_MSIL2A_20170717T113321_N9999_R080_T29UPV_89_79,Marine waters,3.0,3.0
S2A_MSIL2A_20170717T113321_N9999_R080_T29UPV_90_19,Marine waters,3.0,3.0
S2A_MSIL2A_20170720T100031_N9999_R122_T34UDG_63_52,Marine waters,3.0,3.0
S2A_MSIL2A_20170720T100031_N9999_R122_T34UDG_66_09,Marine waters,3.0,3.0
S2A_MSIL2A_20170720T100031_N9999_R122_T34UDG_66_46,Marine waters,3.0,3.0
S2A_MSIL2A_20170720T100031_N9999_R122_T34UDG_68_31,Marine waters,3.0,3.0
S2A_MSIL2A_20170720T100031_N9999_R122_T34UDG_68_36,Marine waters,3.0,3.0
S2A_MSIL2A_20170720T100031_N9999_R122_T34UDG_69_03,Marine waters,3.0,3.0
S2A_MSIL2A_20170720T100031_N9999_R122_T34UDG_69_07,Marine waters,3.0,3.0
S2A_MSIL2A_20170720T100031_N9999_R122_T34UDG_70_07,Marine waters,3.0,3.0
S2A_MSIL2A_20170720T100031_N9999_R122_T34UDG_70_42,Marine waters,3.0,3.0
S2A_MSIL2A_20170720T100031_N9999_R122_T34UDG_71_27,Marine waters,3.0,3.0
S2A_MSIL2A_20170720T100031_N9999_R122_T34UDG_73_47,Marine waters,3.0,3.0
S2A_MSIL2A_20170720T100031_N9999_R122_T34UDG_73_60,Marine waters,3.0,3.0
S2A_MSIL2A_20170720T100031_N9999_R122_T34UDG_74_01,Marine waters,3.0,3.0
S2A_MSIL2A_20170720T100031_N9999_R122_T34UDG_74_10,Marine waters,3.0,3.0
S2A_MSIL2A_20170720T100031_N9999_R122_T34UDG_74_15,Marine waters,3.0,3.0
S2A_MSIL2A_20170720T100031_N9999_R122_T34UDG_74_18,Marine waters,3.0,3.0
S2A_MSIL2A_20170720T100031_N9999_R122_T34UDG_75_35,Marine waters,3.0,3.0
S2A_MSIL2A_20170720T100031_N9999_R122_T34UDG_76_04,Marine waters,3.0,3.0
S2A_MSIL2A_20170720T100031_N9999_R122_T34UDG_76_11,Marine waters,3.0,3.0
S2A_MSIL2A_20170720T100031_N9999_R122_T34UDG_77_46,Marine waters,3.0,3.0
S2A_MSIL2A_20170720T100031_N9999_R122_T34UDG_77_49,Marine waters,3.0,3.0
S2A_MSIL2A_20170720T100031_N9999_R122_T34UDG_78_07,Marine waters,3.0,3.0
S2A_MSIL2A_20170720T100031_N9999_R122_T34UDG_78_37,Marine waters,3.0,3.0
S2A_MSIL2A_20170720T100031_N9999_R122_T34UDG_79_05,Marine waters,3.0,3.0
S2A_MSIL2A_20170720T100031_N9999_R122_T34UDG_80_17,Marine waters,3.0,3.0
S2A_MSIL2A_20170720T100031_N9999_R122_T34UDG_80_20,Marine waters,3.0,3.0
S2A_MSIL2A_20170720T100031_N9999_R122_T34UDG_80_30,Marine waters,3.0,3.0
S2A_MSIL2A_20170720T100031_N9999_R122_T34UDG_80_31,Marine waters,3.0,3.0
S2A_MSIL2A_20170720T100031_N9999_R122_T34UDG_82_39,Marine waters,3.0,3.0
S2A_MSIL2A_20170720T100031_N9999_R122_T34UDG_82_48,Marine waters,3.0,3.0
S2A_MSIL2A_20170720T100031_N9999_R122_T34UDG_83_27,Marine waters,3.0,3.0
S2A_MSIL2A_20170720T100031_N9999_R122_T34UDG_83_49,Marine waters,3.0,3.0
S2A_MSIL2A_20170720T100031_N9999_R122_T34UDG_84_47,Marine waters,3.0,3.0
S2A_MSIL2A_20170720T100031_N9999_R122_T34UDG_86_46,"Beaches, dunes, sands",13.0,13.0
S2A_MSIL2A_20170720T100031_N9999_R122_T34UDG_87_15,"Beaches, dunes, sands",13.0,0.0
S2A_MSIL2A_20170720T100031_N9999_R122_T34UDG_87_26,Marine waters,3.0,3.0
S2A_MSIL2A_20170720T100031_N9999_R122_T34UDG_87_56,Marine waters,3.0,3.0
S2A_MSIL2A_20170720T100031_N9999_R122_T34UDG_88_14,Arable land,0.0,0.0
S2A_MSIL2A_20170720T100031_N9999_R122_T34UDG_88_62,Marine waters,3.0,3.0
S2A_MSIL2A_20170720T100031_N9999_R122_T34UDG_89_46,Marine waters,3.0,3.0
S2A_MSIL2A_20170720T100031_N9999_R122_T34UDG_89_61,Marine waters,3.0,3.0
S2A_MSIL2A_20170803T094031_N9999_R036_T34TCR_29_19,Broad-leaved forest,2.0,2.0
S2A_MSIL2A_20170803T094031_N9999_R036_T34TCR_30_10,Arable land,0.0,0.0
S2A_MSIL2A_20170803T094031_N9999_R036_T34TCR_32_42,Broad-leaved forest,2.0,2.0
S2A_MSIL2A_20170803T094031_N9999_R036_T34TCR_34_28,Arable land,0.0,0.0
S2A_MSIL2A_20170803T094031_N9999_R036_T34TCR_34_44,Broad-leaved forest,2.0,2.0
S2A_MSIL2A_20170803T094031_N9999_R036_T34TCR_36_37,Arable land,0.0,0.0
S2A_MSIL2A_20170803T094031_N9999_R036_T34TCR_37_12,Arable land,0.0,0.0
S2A_MSIL2A_20170803T094031_N9999_R036_T34TCR_37_23,Arable land,0.0,0.0
S2A_MSIL2A_20170803T094031_N9999_R036_T34TCR_38_57,Arable land,0.0,0.0
S2A_MSIL2A_20170803T094031_N9999_R036_T34TCR_39_58,Arable land,0.0,0.0
S2A_MSIL2A_20170803T094031_N9999_R036_T34TCR_40_31,Arable land,0.0,0.0
S2A_MSIL2A_20170803T094031_N9999_R036_T34TCR_40_40,Arable land,0.0,0.0
S2A_MSIL2A_20170803T094031_N9999_R036_T34TCR_42_58,Arable land,0.0,0.0
S2A_MSIL2A_20170803T094031_N9999_R036_T34TCR_42_88,Arable land,0.0,0.0
S2A_MSIL2A_20170803T094031_N9999_R036_T34TCR_43_07,Arable land,0.0,0.0
S2A_MSIL2A_20170803T094031_N9999_R036_T34TCR_43_49,Arable land,0.0,0.0
S2A_MSIL2A_20170803T094031_N9999_R036_T34TCR_44_20,Arable land,0.0,2.0
S2A_MSIL2A_20170803T094031_N9999_R036_T34TCR_44_53,Arable land,0.0,0.0
S2A_MSIL2A_20170803T094031_N9999_R036_T34TCR_44_90,Arable land,0.0,0.0
S2A_MSIL2A_20170803T094031_N9999_R036_T34TCR_46_02,Arable land,0.0,0.0
S2A_MSIL2A_20170803T094031_N9999_R036_T34TCR_46_22,Arable land,0.0,0.0
S2A_MSIL2A_20170803T094031_N9999_R036_T34TCR_46_86,Arable land,0.0,0.0
S2A_MSIL2A_20170803T094031_N9999_R036_T34TCR_47_02,Arable land,0.0,0.0
S2A_MSIL2A_20170803T094031_N9999_R036_T34TCR_49_41,Arable land,0.0,0.0
S2A_MSIL2A_20170803T094031_N9999_R036_T34TCR_49_86,Arable land,0.0,0.0
S2A_MSIL2A_20170803T094031_N9999_R036_T34TCR_50_40,Arable land,0.0,0.0
S2A_MSIL2A_20170803T094031_N9999_R036_T34TCR_51_35,Arable land,0.0,0.0
S2A_MSIL2A_20170803T094031_N9999_R036_T34TCR_51_84,Arable land,0.0,0.0
S2A_MSIL2A_20170803T094031_N9999_R036_T34TCR_54_14,Arable land,0.0,0.0
S2A_MSIL2A_20170803T094031_N9999_R036_T34TCR_54_16,Arable land,0.0,0.0
S2A_MSIL2A_20170803T094031_N9999_R036_T34TCR_54_29,Arable land,0.0,0.0
S2A_MSIL2A_20170803T094031_N9999_R036_T34TCR_55_25,Arable land,0.0,0.0
S2A_MSIL2A_20170803T094031_N9999_R036_T34TCR_56_18,Arable land,0.0,0.0
S2A_MSIL2A_20170803T094031_N9999_R036_T34TCR_56_47,Arable land,0.0,0.0
S2A_MSIL2A_20170803T094031_N9999_R036_T34TCR_56_77,Arable land,0.0,0.0
S2A_MSIL2A_20170803T094031_N9999_R036_T34TCR_57_73,Arable land,0.0,0.0
S2A_MSIL2A_20170803T094031_N9999_R036_T34TCR_57_81,Arable land,0.0,0.0
S2A_MSIL2A_20170803T094031_N9999_R036_T34TCR_58_45,Arable land,0.0,4.0
S2A_MSIL2A_20170803T094031_N9999_R036_T34TCR_58_63,Arable land,0.0,4.0
S2A_MSIL2A_20170803T094031_N9999_R036_T34TCR_58_75,Arable land,0.0,0.0
S2A_MSIL2A_20170803T094031_N9999_R036_T34TCR_59_47,Arable land,0.0,0.0
S2A_MSIL2A_20170803T094031_N9999_R036_T34TCR_60_26,Arable land,0.0,4.0
S2A_MSIL2A_20170803T094031_N9999_R036_T34TCR_61_19,Arable land,0.0,0.0
S2A_MSIL2A_20170803T094031_N9999_R036_T34TCR_61_64,Arable land,0.0,0.0
S2A_MSIL2A_20170803T094031_N9999_R036_T34TCR_62_53,Arable land,0.0,0.0
S2A_MSIL2A_20170803T094031_N9999_R036_T34TCR_62_60,Arable land,0.0,2.0
S2A_MSIL2A_20170803T094031_N9999_R036_T34TCR_64_16,Arable land,0.0,0.0
S2A_MSIL2A_20170803T094031_N9999_R036_T34TCR_64_40,Arable land,0.0,0.0
S2A_MSIL2A_20170803T094031_N9999_R036_T34TCR_64_88,Arable land,0.0,0.0
S2A_MSIL2A_20170803T094031_N9999_R036_T34TCR_65_02,Arable land,0.0,0.0
S2A_MSIL2A_20170803T094031_N9999_R036_T34TCR_65_08,Arable land,0.0,0.0
S2A_MSIL2A_20170803T094031_N9999_R036_T34TCR_65_56,Arable land,0.0,0.0
S2A_MSIL2A_20170803T094031_N9999_R036_T34TCR_65_60,Arable land,0.0,0.0
S2A_MSIL2A_20170803T094031_N9999_R036_T34TCR_65_72,Arable land,0.0,0.0
S2A_MSIL2A_20170803T094031_N9999_R036_T34TCR_65_85,Arable land,0.0,0.0
S2A_MSIL2A_20170803T094031_N9999_R036_T34TCR_66_26,Arable land,0.0,0.0
S2A_MSIL2A_20170803T094031_N9999_R036_T34TCR_66_31,Arable land,0.0,0.0
S2A_MSIL2A_20170803T094031_N9999_R036_T34TCR_67_41,Arable land,0.0,0.0
S2A_MSIL2A_20170803T094031_N9999_R036_T34TCR_68_24,Arable land,0.0,0.0
S2A_MSIL2A_20170803T094031_N9999_R036_T34TCR_70_11,Arable land,0.0,0.0
S2A_MSIL2A_20170803T094031_N9999_R036_T34TCR_70_70,Arable land,0.0,4.0
S2A_MSIL2A_20170803T094031_N9999_R036_T34TCR_71_10,Arable land,0.0,0.0
S2A_MSIL2A_20170803T094031_N9999_R036_T34TCR_71_22,Arable land,0.0,0.0
S2A_MSIL2A_20170803T094031_N9999_R036_T34TCR_72_05,Arable land,0.0,0.0
S2A_MSIL2A_20170803T094031_N9999_R036_T34TCR_72_33,Arable land,0.0,0.0
S2A_MSIL2A_20170803T094031_N9999_R036_T34TCR_72_61,Arable land,0.0,0.0
S2A_MSIL2A_20170803T094031_N9999_R036_T34TCR_73_59,Arable land,0.0,0.0
S2A_MSIL2A_20170803T094031_N9999_R036_T34TCR_73_75,Arable land,0.0,0.0
S2A_MSIL2A_20170803T094031_N9999_R036_T34TCR_74_66,Arable land,0.0,4.0
S2A_MSIL2A_20170803T094031_N9999_R036_T34TCR_75_31,Arable land,0.0,0.0
S2A_MSIL2A_20170803T094031_N9999_R036_T34TCR_75_65,Arable land,0.0,0.0
S2A_MSIL2A_20170803T094031_N9999_R036_T34TCR_75_79,Arable land,0.0,0.0
S2A_MSIL2A_20170803T094031_N9999_R036_T34TCR_76_06,Arable land,0.0,0.0
S2A_MSIL2A_20170803T094031_N9999_R036_T34TCR_78_01,Arable land,0.0,0.0
S2A_MSIL2A_20170803T094031_N9999_R036_T34TCR_78_44,Arable land,0.0,0.0
S2A_MSIL2A_20170803T094031_N9999_R036_T34TCR_78_47,Arable land,0.0,0.0
S2A_MSIL2A_20170803T094031_N9999_R036_T34TCR_78_63,Arable land,0.0,0.0
S2A_MSIL2A_20170803T094031_N9999_R036_T34TCR_79_23,Arable land,0.0,0.0
S2A_MSIL2A_20170803T094031_N9999_R036_T34TCR_79_56,Arable land,0.0,0.0
S2A_MSIL2A_20170803T094031_N9999_R036_T34TCR_80_27,Arable land,0.0,0.0
S2A_MSIL2A_20170803T094031_N9999_R036_T34TCR_80_38,Arable land,0.0,4.0
S2A_MSIL2A_20170803T094031_N9999_R036_T34TCR_80_74,Arable land,0.0,0.0
S2A_MSIL2A_20170803T094031_N9999_R036_T34TCR_80_84,Broad-leaved forest,2.0,2.0
S2A_MSIL2A_20170803T094031_N9999_R036_T34TCR_80_87,Arable land,0.0,0.0
S2A_MSIL2A_20170803T094031_N9999_R036_T34TCR_82_01,Arable land,0.0,0.0
S2A_MSIL2A_20170803T094031_N9999_R036_T34TCR_82_03,Arable land,0.0,0.0
S2A_MSIL2A_20170803T094031_N9999_R036_T34TCR_82_30,Arable land,0.0,0.0
S2A_MSIL2A_20170803T094031_N9999_R036_T34TCR_82_71,Arable land,0.0,0.0
S2A_MSIL2A_20170803T094031_N9999_R036_T34TCR_85_12,Arable land,0.0,0.0
S2A_MSIL2A_20170803T094031_N9999_R036_T34TCR_85_24,Arable land,0.0,0.0
S2A_MSIL2A_20170803T094031_N9999_R036_T34TCR_85_36,Arable land,0.0,0.0
S2A_MSIL2A_20170803T094031_N9999_R036_T34TCR_85_48,Arable land,0.0,0.0
S2A_MSIL2A_20170803T094031_N9999_R036_T34TCR_86_00,Arable land,0.0,0.0
S2A_MSIL2A_20170803T094031_N9999_R036_T34TCR_86_11,Arable land,0.0,0.0
S2A_MSIL2A_20170803T094031_N9999_R036_T34TCR_86_82,Broad-leaved forest,2.0,2.0
S2A_MSIL2A_20170803T094031_N9999_R036_T34TCR_88_29,Arable land,0.0,0.0
S2A_MSIL2A_20170803T094031_N9999_R036_T34TCR_88_49,Arable land,0.0,0.0
S2A_MSIL2A_20170803T094031_N9999_R036_T34TCR_88_58,Arable land,0.0,0.0
S2A_MSIL2A_20170803T094031_N9999_R036_T34TCR_89_00,Arable land,0.0,0.0
S2A_MSIL2A_20170803T094031_N9999_R036_T34TCR_89_32,Arable land,0.0,0.0
S2A_MSIL2A_20170803T094031_N9999_R036_T34TCR_89_69,Pastures,7.0,0.0
S2A_MSIL2A_20170803T094031_N9999_R036_T34TCR_90_04,Arable land,0.0,0.0
S2A_MSIL2A_20170803T094031_N9999_R036_T34TCR_90_47,Arable land,0.0,0.0
S2A_MSIL2A_20170813T112121_N9999_R037_T29SNC_01_55,Marine waters,3.0,3.0
S2A_MSIL2A_20170813T112121_N9999_R037_T29SNC_01_78,Marine waters,3.0,3.0
S2A_MSIL2A_20170813T112121_N9999_R037_T29SNC_02_51,Marine waters,3.0,3.0
S2A_MSIL2A_20170813T112121_N9999_R037_T29SNC_02_60,Marine waters,3.0,3.0
S2A_MSIL2A_20170813T112121_N9999_R037_T29SNC_03_01,Coastal wetlands,16.0,0.0
S2A_MSIL2A_20170813T112121_N9999_R037_T29SNC_03_67,Marine waters,3.0,3.0
S2A_MSIL2A_20170813T112121_N9999_R037_T29SNC_03_73,Marine waters,3.0,3.0
S2A_MSIL2A_20170813T112121_N9999_R037_T29SNC_05_41,Marine waters,3.0,3.0
S2A_MSIL2A_20170813T112121_N9999_R037_T29SNC_05_44,Marine waters,3.0,3.0
S2A_MSIL2A_20170813T112121_N9999_R037_T29SNC_05_48,Marine waters,3.0,3.0
S2A_MSIL2A_20170813T112121_N9999_R037_T29SNC_05_57,Marine waters,3.0,3.0
S2A_MSIL2A_20170813T112121_N9999_R037_T29SNC_06_56,Marine waters,3.0,3.0
S2A_MSIL2A_20170813T112121_N9999_R037_T29SNC_06_88,Marine waters,3.0,3.0
S2A_MSIL2A_20170813T112121_N9999_R037_T29SNC_07_09,Arable land,0.0,0.0
S2A_MSIL2A_20170813T112121_N9999_R037_T29SNC_07_47,Marine waters,3.0,3.0
S2A_MSIL2A_20170813T112121_N9999_R037_T29SNC_07_82,Marine waters,3.0,3.0
S2A_MSIL2A_20170813T112121_N9999_R037_T29SNC_08_80,Marine waters,3.0,3.0
S2A_MSIL2A_20170813T112121_N9999_R037_T29SNC_09_12,Agro-forestry areas,4.0,4.0
S2A_MSIL2A_20170813T112121_N9999_R037_T29SNC_10_63,Marine waters,3.0,3.0
S2A_MSIL2A_20170813T112121_N9999_R037_T29SNC_10_65,Marine waters,3.0,3.0
S2A_MSIL2A_20170813T112121_N9999_R037_T29SNC_11_30,Coastal wetlands,16.0,0.0
S2A_MSIL2A_20170813T112121_N9999_R037_T29SNC_13_05,Broad-leaved forest,2.0,4.0
S2A_MSIL2A_20170813T112121_N9999_R037_T29SNC_14_16,Arable land,0.0,4.0
S2A_MSIL2A_20170813T112121_N9999_R037_T29SNC_15_21,Complex cultivation patterns,5.0,0.0
S2A_MSIL2A_20170813T112121_N9999_R037_T29SNC_16_28,Coastal wetlands,16.0,0.0
S2A_MSIL2A_20170813T112121_N9999_R037_T29SNC_16_47,Arable land,0.0,0.0
S2A_MSIL2A_20170813T112121_N9999_R037_T29SNC_16_89,Arable land,0.0,4.0
S2A_MSIL2A_20170813T112121_N9999_R037_T29SNC_18_70,Arable land,0.0,0.0
S2A_MSIL2A_20170813T112121_N9999_R037_T29SNC_18_76,Agro-forestry areas,4.0,4.0
S2A_MSIL2A_20170813T112121_N9999_R037_T29SNC_19_04,Broad-leaved forest,2.0,4.0
S2A_MSIL2A_20170813T112121_N9999_R037_T29SNC_21_38,Marine waters,3.0,3.0
S2A_MSIL2A_20170813T112121_N9999_R037_T29SNC_22_45,Arable land,0.0,0.0
S2A_MSIL2A_20170813T112121_N9999_R037_T29SNC_22_90,Arable land,0.0,4.0
S2A_MSIL2A_20170813T112121_N9999_R037_T29SNC_23_39,Arable land,0.0,0.0
S2A_MSIL2A_20170813T112121_N9999_R037_T29SNC_25_09,Arable land,0.0,4.0
S2A_MSIL2A_20170813T112121_N9999_R037_T29SNC_25_31,Agro-forestry areas,4.0,4.0
S2A_MSIL2A_20170813T112121_N9999_R037_T29SNC_25_57,Arable land,0.0,4.0
S2A_MSIL2A_20170813T112121_N9999_R037_T29SNC_25_80,Broad-leaved forest,2.0,0.0
S2A_MSIL2A_20170813T112121_N9999_R037_T29SNC_28_37,Arable land,0.0,0.0
S2A_MSIL2A_20170813T112121_N9999_R037_T29SNC_28_85,Agro-forestry areas,4.0,4.0
S2A_MSIL2A_20170813T112121_N9999_R037_T29SNC_29_04,Agro-forestry areas,4.0,0.0
S2A_MSIL2A_20170813T112121_N9999_R037_T29SNC_29_25,Agro-forestry areas,4.0,4.0
S2A_MSIL2A_20170813T112121_N9999_R037_T29SNC_29_51,Agro-forestry areas,4.0,0.0
S2A_MSIL2A_20170813T112121_N9999_R037_T29SNC_30_19,Broad-leaved forest,2.0,4.0
S2A_MSIL2A_20170813T112121_N9999_R037_T29SNC_31_85,Agro-forestry areas,4.0,4.0
S2A_MSIL2A_20170813T112121_N9999_R037_T29SNC_32_10,Agro-forestry areas,4.0,4.0
S2A_MSIL2A_20170813T112121_N9999_R037_T29SNC_32_27,Agro-forestry areas,4.0,0.0
S2A_MSIL2A_20170813T112121_N9999_R037_T29SNC_33_64,Agro-forestry areas,4.0,4.0
S2A_MSIL2A_20170813T112121_N9999_R037_T29SNC_33_66,Agro-forestry areas,4.0,4.0
S2A_MSIL2A_20170813T112121_N9999_R037_T29SNC_33_73,Agro-forestry areas,4.0,4.0
S2A_MSIL2A_20170813T112121_N9999_R037_T29SNC_34_03,Agro-forestry areas,4.0,0.0
S2A_MSIL2A_20170813T112121_N9999_R037_T29SNC_35_30,Agro-forestry areas,4.0,0.0
S2A_MSIL2A_20170813T112121_N9999_R037_T29SNC_35_51,Broad-leaved forest,2.0,0.0
S2A_MSIL2A_20170813T112121_N9999_R037_T29SNC_36_67,Agro-forestry areas,4.0,0.0
S2A_MSIL2A_20170813T112121_N9999_R037_T29SNC_37_02,Broad-leaved forest,2.0,4.0
S2A_MSIL2A_20170813T112121_N9999_R037_T29SNC_37_41,Arable land,0.0,4.0
S2A_MSIL2A_20170813T112121_N9999_R037_T29SNC_37_85,Agro-forestry areas,4.0,4.0
S2A_MSIL2A_20170813T112121_N9999_R037_T29SNC_38_02,Broad-leaved forest,2.0,0.0
S2A_MSIL2A_20170813T112121_N9999_R037_T29SNC_38_13,Coniferous forest,1.0,0.0
S2A_MSIL2A_20170813T112121_N9999_R037_T29SNC_38_32,Agro-forestry areas,4.0,4.0
S2A_MSIL2A_20170813T112121_N9999_R037_T29SNC_38_89,Agro-forestry areas,4.0,4.0
S2A_MSIL2A_20170813T112121_N9999_R037_T29SNC_39_02,Broad-leaved forest,2.0,0.0
S2A_MSIL2A_20170813T112121_N9999_R037_T29SNC_39_64,Agro-forestry areas,4.0,4.0
S2A_MSIL2A_20170813T112121_N9999_R037_T29SNC_40_65,Agro-forestry areas,4.0,0.0
S2A_MSIL2A_20170813T112121_N9999_R037_T29SNC_41_73,Agro-forestry areas,4.0,4.0
S2A_MSIL2A_20170813T112121_N9999_R037_T29SNC_43_53,Agro-forestry areas,4.0,0.0
S2A_MSIL2A_20170813T112121_N9999_R037_T29SNC_43_74,Arable land,0.0,4.0
S2A_MSIL2A_20170813T112121_N9999_R037_T29SNC_43_84,Agro-forestry areas,4.0,0.0
S2A_MSIL2A_20170813T112121_N9999_R037_T29SNC_44_73,Agro-forestry areas,4.0,4.0
S2A_MSIL2A_20170813T112121_N9999_R037_T29SNC_45_71,Agro-forestry areas,4.0,4.0
S2A_MSIL2A_20170813T112121_N9999_R037_T29SNC_45_86,Arable land,0.0,0.0
S2A_MSIL2A_20170813T112121_N9999_R037_T29SNC_46_08,Agro-forestry areas,4.0,0.0
S2A_MSIL2A_20170813T112121_N9999_R037_T29SNC_46_66,Arable land,0.0,4.0
S2A_MSIL2A_20170813T112121_N9999_R037_T29SNC_46_72,Agro-forestry areas,4.0,4.0
S2A_MSIL2A_20170813T112121_N9999_R037_T29SNC_47_46,Broad-leaved forest,2.0,4.0
S2A_MSIL2A_20170813T112121_N9999_R037_T29SNC_48_05,Agro-forestry areas,4.0,4.0
S2A_MSIL2A_20170813T112121_N9999_R037_T29SNC_48_85,Arable land,0.0,0.0
S2A_MSIL2A_20170813T112121_N9999_R037_T29SNC_49_89,Permanent crops,15.0,4.0
S2A_MSIL2A_20170813T112121_N9999_R037_T29SNC_50_30,Agro-forestry areas,4.0,4.0
S2A_MSIL2A_20170813T112121_N9999_R037_T29SNC_50_36,Agro-forestry areas,4.0,4.0
S2A_MSIL2A_20170813T112121_N9999_R037_T29SNC_50_63,Agro-forestry areas,4.0,4.0
S2A_MSIL2A_20170813T112121_N9999_R037_T29SNC_51_04,Agro-forestry areas,4.0,0.0
S2A_MSIL2A_20170813T112121_N9999_R037_T29SNC_51_08,Agro-forestry areas,4.0,4.0
S2A_MSIL2A_20170813T112121_N9999_R037_T29SNC_51_13,Agro-forestry areas,4.0,4.0
S2A_MSIL2A_20170813T112121_N9999_R037_T29SNC_51_55,Agro-forestry areas,4.0,0.0
S2A_MSIL2A_20170813T112121_N9999_R037_T29SNC_51_73,Agro-forestry areas,4.0,4.0
S2A_MSIL2A_20170813T112121_N9999_R037_T29SNC_51_77,Agro-forestry areas,4.0,4.0
S2A_MSIL2A_20170813T112121_N9999_R037_T29SNC_51_78,Agro-forestry areas,4.0,4.0
S2A_MSIL2A_20170813T112121_N9999_R037_T29SNC_52_41,Agro-forestry areas,4.0,4.0
S2A_MSIL2A_20170813T112121_N9999_R037_T29SNC_52_49,Agro-forestry areas,4.0,4.0
S2A_MSIL2A_20170813T112121_N9999_R037_T29SNC_53_50,Agro-forestry areas,4.0,0.0
S2A_MSIL2A_20170813T112121_N9999_R037_T29SNC_54_24,Agro-forestry areas,4.0,4.0
S2A_MSIL2A_20170813T112121_N9999_R037_T29SNC_54_67,Arable land,0.0,4.0
S2A_MSIL2A_20170813T112121_N9999_R037_T29SNC_55_47,Agro-forestry areas,4.0,4.0
S2A_MSIL2A_20170813T112121_N9999_R037_T29SNC_57_15,Agro-forestry areas,4.0,4.0
S2A_MSIL2A_20170813T112121_N9999_R037_T29SNC_57_47,Agro-forestry areas,4.0,4.0
S2A_MSIL2A_20170813T112121_N9999_R037_T29SNC_58_52,Agro-forestry areas,4.0,4.0
S2A_MSIL2A_20170813T112121_N9999_R037_T29SNC_58_54,Agro-forestry areas,4.0,4.0
S2A_MSIL2A_20170813T112121_N9999_R037_T29SNC_58_75,Arable land,0.0,0.0
S2A_MSIL2A_20170813T112121_N9999_R037_T29SNC_59_53,Agro-forestry areas,4.0,4.0
S2A_MSIL2A_20170813T112121_N9999_R037_T29SNC_59_60,Agro-forestry areas,4.0,4.0
S2A_MSIL2A_20170813T112121_N9999_R037_T29SNC_60_46,Arable land,0.0,0.0
S2A_MSIL2A_20170813T112121_N9999_R037_T29SNC_61_05,Agro-forestry areas,4.0,4.0
S2A_MSIL2A_20170813T112121_N9999_R037_T29SNC_61_67,Agro-forestry areas,4.0,0.0
S2A_MSIL2A_20170813T112121_N9999_R037_T29SNC_62_05,Agro-forestry areas,4.0,4.0
S2A_MSIL2A_20170813T112121_N9999_R037_T29SNC_62_06,Agro-forestry areas,4.0,4.0
S2A_MSIL2A_20170813T112121_N9999_R037_T29SNC_62_20,Agro-forestry areas,4.0,4.0
S2A_MSIL2A_20170813T112121_N9999_R037_T29SNC_62_62,Agro-forestry areas,4.0,4.0
S2A_MSIL2A_20170813T112121_N9999_R037_T29SNC_63_05,Agro-forestry areas,4.0,4.0
S2A_MSIL2A_20170813T112121_N9999_R037_T29SNC_64_18,Agro-forestry areas,4.0,4.0
S2A_MSIL2A_20170813T112121_N9999_R037_T29SNC_64_39,Agro-forestry areas,4.0,4.0
S2A_MSIL2A_20170813T112121_N9999_R037_T29SNC_64_41,Agro-forestry areas,4.0,4.0
S2A_MSIL2A_20170813T112121_N9999_R037_T29SNC_64_55,Agro-forestry areas,4.0,4.0
S2A_MSIL2A_20170813T112121_N9999_R037_T29SNC_65_22,Agro-forestry areas,4.0,4.0
S2A_MSIL2A_20170813T112121_N9999_R037_T29SNC_65_24,Agro-forestry areas,4.0,4.0
S2A_MSIL2A_20170813T112121_N9999_R037_T29SNC_65_65,Arable land,0.0,4.0
S2A_MSIL2A_20170813T112121_N9999_R037_T29SNC_66_42,Agro-forestry areas,4.0,4.0
S2A_MSIL2A_20170813T112121_N9999_R037_T29SNC_67_46,Agro-forestry areas,4.0,4.0
S2A_MSIL2A_20170813T112121_N9999_R037_T29SNC_68_52,Arable land,0.0,0.0
S2A_MSIL2A_20170813T112121_N9999_R037_T29SNC_69_02,Agro-forestry areas,4.0,0.0
S2A_MSIL2A_20170813T112121_N9999_R037_T29SNC_69_19,Agro-forestry areas,4.0,4.0
S2A_MSIL2A_20170813T112121_N9999_R037_T29SNC_69_47,Agro-forestry areas,4.0,4.0
S2A_MSIL2A_20170813T112121_N9999_R037_T29SNC_69_54,Agro-forestry areas,4.0,4.0
S2A_MSIL2A_20170813T112121_N9999_R037_T29SNC_69_75,Arable land,0.0,0.0
S2A_MSIL2A_20170813T112121_N9999_R037_T29SNC_71_22,Agro-forestry areas,4.0,4.0
S2A_MSIL2A_20170813T112121_N9999_R037_T29SNC_71_25,Agro-forestry areas,4.0,4.0
S2A_MSIL2A_20170813T112121_N9999_R037_T29SNC_71_51,Broad-leaved forest,2.0,4.0
S2A_MSIL2A_20170813T112121_N9999_R037_T29SNC_71_88,Arable land,0.0,0.0
S2A_MSIL2A_20170813T112121_N9999_R037_T29SNC_72_52,Agro-forestry areas,4.0,4.0
S2A_MSIL2A_20170813T112121_N9999_R037_T29SNC_72_82,Arable land,0.0,4.0
S2A_MSIL2A_20170813T112121_N9999_R037_T29SNC_72_85,Agro-forestry areas,4.0,0.0
S2A_MSIL2A_20170813T112121_N9999_R037_T29SNC_73_24,Agro-forestry areas,4.0,4.0
S2A_MSIL2A_20170813T112121_N9999_R037_T29SNC_74_79,Permanent crops,15.0,0.0
S2A_MSIL2A_20170813T112121_N9999_R037_T29SNC_75_46,Agro-forestry areas,4.0,4.0
S2A_MSIL2A_20170813T112121_N9999_R037_T29SNC_76_36,Arable land,0.0,4.0
S2A_MSIL2A_20170813T112121_N9999_R037_T29SNC_77_14,Inland waters,6.0,4.0
S2A_MSIL2A_20170813T112121_N9999_R037_T29SNC_77_27,Agro-forestry areas,4.0,4.0
S2A_MSIL2A_20170813T112121_N9999_R037_T29SNC_77_36,Agro-forestry areas,4.0,4.0
S2A_MSIL2A_20170813T112121_N9999_R037_T29SNC_77_65,Permanent crops,15.0,4.0
S2A_MSIL2A_20170813T112121_N9999_R037_T29SNC_78_10,Arable land,0.0,4.0
S2A_MSIL2A_20170813T112121_N9999_R037_T29SNC_78_33,Arable land,0.0,4.0
S2A_MSIL2A_20170813T112121_N9999_R037_T29SNC_78_39,Agro-forestry areas,4.0,4.0
S2A_MSIL2A_20170813T112121_N9999_R037_T29SNC_78_78,Arable land,0.0,0.0
S2A_MSIL2A_20170813T112121_N9999_R037_T29SNC_79_01,Agro-forestry areas,4.0,0.0
S2A_MSIL2A_20170813T112121_N9999_R037_T29SNC_79_34,Agro-forestry areas,4.0,0.0
S2A_MSIL2A_20170813T112121_N9999_R037_T29SNC_80_65,Arable land,0.0,0.0
S2A_MSIL2A_20170813T112121_N9999_R037_T29SNC_80_84,Agro-forestry areas,4.0,4.0
S2A_MSIL2A_20170813T112121_N9999_R037_T29SNC_81_07,Arable land,0.0,4.0
S2A_MSIL2A_20170813T112121_N9999_R037_T29SNC_81_19,Agro-forestry areas,4.0,0.0
S2A_MSIL2A_20170813T112121_N9999_R037_T29SNC_81_35,Agro-forestry areas,4.0,4.0
S2A_MSIL2A_20170813T112121_N9999_R037_T29SNC_81_77,Arable land,0.0,0.0
S2A_MSIL2A_20170813T112121_N9999_R037_T29SNC_82_21,Agro-forestry areas,4.0,4.0
S2A_MSIL2A_20170813T112121_N9999_R037_T29SNC_82_32,Agro-forestry areas,4.0,4.0
S2A_MSIL2A_20170813T112121_N9999_R037_T29SNC_83_29,Agro-forestry areas,4.0,0.0
S2A_MSIL2A_20170813T112121_N9999_R037_T29SNC_83_44,Agro-forestry areas,4.0,4.0
S2A_MSIL2A_20170813T112121_N9999_R037_T29SNC_83_46,Agro-forestry areas,4.0,0.0
S2A_MSIL2A_20170813T112121_N9999_R037_T29SNC_84_16,Agro-forestry areas,4.0,4.0
S2A_MSIL2A_20170813T112121_N9999_R037_T29SNC_84_33,Agro-forestry areas,4.0,4.0
S2A_MSIL2A_20170813T112121_N9999_R037_T29SNC_84_69,Arable land,0.0,0.0
S2A_MSIL2A_20170813T112121_N9999_R037_T29SNC_85_03,Agro-forestry areas,4.0,4.0
S2A_MSIL2A_20170813T112121_N9999_R037_T29SNC_85_12,Agro-forestry areas,4.0,4.0
S2A_MSIL2A_20170813T112121_N9999_R037_T29SNC_88_58,Arable land,0.0,4.0
S2A_MSIL2A_20170813T112121_N9999_R037_T29SNC_89_15,Agro-forestry areas,4.0,0.0
S2A_MSIL2A_20170813T112121_N9999_R037_T29SNC_89_90,Agro-forestry areas,4.0,4.0
S2A_MSIL2A_20170813T112121_N9999_R037_T29SNC_90_69,Agro-forestry areas,4.0,0.0
S2A_MSIL2A_20170818T103021_N9999_R108_T32TMT_00_50,Arable land,0.0,2.0
S2A_MSIL2A_20170818T103021_N9999_R108_T32TMT_01_37,Arable land,0.0,0.0
S2A_MSIL2A_20170818T103021_N9999_R108_T32TMT_01_67,Broad-leaved forest,2.0,0.0
S2A_MSIL2A_20170818T103021_N9999_R108_T32TMT_01_72,Coniferous forest,1.0,0.0
S2A_MSIL2A_20170818T103021_N9999_R108_T32TMT_03_74,Arable land,0.0,0.0
S2A_MSIL2A_20170818T103021_N9999_R108_T32TMT_04_28,Arable land,0.0,1.0
S2A_MSIL2A_20170818T103021_N9999_R108_T32TMT_06_90,Complex cultivation patterns,5.0,0.0
S2A_MSIL2A_20170818T103021_N9999_R108_T32TMT_07_55,Arable land,0.0,0.0
S2A_MSIL2A_20170818T103021_N9999_R108_T32TMT_07_67,Complex cultivation patterns,5.0,0.0
S2A_MSIL2A_20170818T103021_N9999_R108_T32TMT_08_80,Coniferous forest,1.0,1.0
S2A_MSIL2A_20170818T103021_N9999_R108_T32TMT_09_29,Arable land,0.0,0.0
S2A_MSIL2A_20170818T103021_N9999_R108_T32TMT_09_45,Broad-leaved forest,2.0,0.0
S2A_MSIL2A_20170818T103021_N9999_R108_T32TMT_09_57,Arable land,0.0,1.0
S2A_MSIL2A_20170818T103021_N9999_R108_T32TMT_10_25,Arable land,0.0,0.0
S2A_MSIL2A_20170818T103021_N9999_R108_T32TMT_11_33,Arable land,0.0,0.0
S2A_MSIL2A_20170818T103021_N9999_R108_T32TMT_12_29,Arable land,0.0,0.0
S2A_MSIL2A_20170818T103021_N9999_R108_T32TMT_12_36,Arable land,0.0,0.0
S2A_MSIL2A_20170818T103021_N9999_R108_T32TMT_12_38,Arable land,0.0,0.0
S2A_MSIL2A_20170818T103021_N9999_R108_T32TMT_15_38,Arable land,0.0,0.0
S2A_MSIL2A_20170818T103021_N9999_R108_T32TMT_17_31,Arable land,0.0,0.0
S2A_MSIL2A_20170818T103021_N9999_R108_T32TMT_17_59,Arable land,0.0,0.0
S2A_MSIL2A_20170818T103021_N9999_R108_T32TMT_18_55,Arable land,0.0,0.0
S2A_MSIL2A_20170818T103021_N9999_R108_T32TMT_19_61,Arable land,0.0,0.0
S2A_MSIL2A_20170818T103021_N9999_R108_T32TMT_20_53,Arable land,0.0,0.0
S2A_MSIL2A_20170818T103021_N9999_R108_T32TMT_21_40,Arable land,0.0,0.0
S2A_MSIL2A_20170818T103021_N9999_R108_T32TMT_21_62,Arable land,0.0,0.0
S2A_MSIL2A_20170818T103021_N9999_R108_T32TMT_21_72,Complex cultivation patterns,5.0,8.0
S2A_MSIL2A_20170818T103021_N9999_R108_T32TMT_22_39,Arable land,0.0,0.0
S2A_MSIL2A_20170818T103021_N9999_R108_T32TMT_22_41,Mixed forest,9.0,0.0
S2A_MSIL2A_20170818T103021_N9999_R108_T32TMT_22_44,Arable land,0.0,0.0
S2A_MSIL2A_20170818T103021_N9999_R108_T32TMT_22_73,Arable land,0.0,1.0
S2A_MSIL2A_20170818T103021_N9999_R108_T32TMT_22_84,Coniferous forest,1.0,1.0
S2A_MSIL2A_20170818T103021_N9999_R108_T32TMT_23_71,Arable land,0.0,0.0
S2A_MSIL2A_20170818T103021_N9999_R108_T32TMT_25_89,Coniferous forest,1.0,1.0
S2A_MSIL2A_20170818T103021_N9999_R108_T32TMT_26_42,Arable land,0.0,0.0
S2A_MSIL2A_20170818T103021_N9999_R108_T32TMT_26_68,Arable land,0.0,0.0
S2A_MSIL2A_20170818T103021_N9999_R108_T32TMT_27_41,Arable land,0.0,0.0
S2A_MSIL2A_20170818T103021_N9999_R108_T32TMT_27_84,Coniferous forest,1.0,0.0
S2A_MSIL2A_20170818T103021_N9999_R108_T32TMT_28_41,Arable land,0.0,0.0
S2A_MSIL2A_20170818T103021_N9999_R108_T32TMT_28_45,Arable land,0.0,0.0
S2A_MSIL2A_20170818T103021_N9999_R108_T32TMT_29_42,Arable land,0.0,0.0
S2A_MSIL2A_20170818T103021_N9999_R108_T32TMT_30_63,Arable land,0.0,0.0
S2A_MSIL2A_20170818T103021_N9999_R108_T32TMT_30_71,Arable land,0.0,0.0
S2A_MSIL2A_20170818T103021_N9999_R108_T32TMT_31_77,Complex cultivation patterns,5.0,0.0
S2A_MSIL2A_20170818T103021_N9999_R108_T32TMT_31_83,Coniferous forest,1.0,1.0
S2A_MSIL2A_20170818T103021_N9999_R108_T32TMT_32_21,Arable land,0.0,0.0
S2A_MSIL2A_20170818T103021_N9999_R108_T32TMT_32_23,Arable land,0.0,0.0
S2A_MSIL2A_20170818T103021_N9999_R108_T32TMT_32_38,Broad-leaved forest,2.0,0.0
S2A_MSIL2A_20170818T103021_N9999_R108_T32TMT_32_86,Coniferous forest,1.0,2.0
S2A_MSIL2A_20170818T103021_N9999_R108_T32TMT_33_34,Industrial or commercial units,11.0,0.0
S2A_MSIL2A_20170818T103021_N9999_R108_T32TMT_33_88,Complex cultivation patterns,5.0,1.0
S2A_MSIL2A_20170818T103021_N9999_R108_T32TMT_37_32,Arable land,0.0,0.0
S2A_MSIL2A_20170818T103021_N9999_R108_T32TMT_37_43,Arable land,0.0,0.0
S2A_MSIL2A_20170818T103021_N9999_R108_T32TMT_37_85,Arable land,0.0,0.0
S2A_MSIL2A_20170818T103021_N9999_R108_T32TMT_38_33,Arable land,0.0,0.0
S2A_MSIL2A_20170818T103021_N9999_R108_T32TMT_38_42,Arable land,0.0,0.0
S2A_MSIL2A_20170818T103021_N9999_R108_T32TMT_40_26,Arable land,0.0,0.0
S2A_MSIL2A_20170818T103021_N9999_R108_T32TMT_40_44,Arable land,0.0,0.0
S2A_MSIL2A_20170818T103021_N9999_R108_T32TMT_40_66,Arable land,0.0,0.0
S2A_MSIL2A_20170818T103021_N9999_R108_T32TMT_41_26,Arable land,0.0,1.0
S2A_MSIL2A_20170818T103021_N9999_R108_T32TMT_41_71,Arable land,0.0,0.0
S2A_MSIL2A_20170818T103021_N9999_R108_T32TMT_41_84,Coniferous forest,1.0,1.0
S2A_MSIL2A_20170818T103021_N9999_R108_T32TMT_42_40,Arable land,0.0,0.0
S2A_MSIL2A_20170818T103021_N9999_R108_T32TMT_44_26,Arable land,0.0,0.0
S2A_MSIL2A_20170818T103021_N9999_R108_T32TMT_44_88,Broad-leaved forest,2.0,2.0
S2A_MSIL2A_20170818T103021_N9999_R108_T32TMT_45_25,Arable land,0.0,0.0
S2A_MSIL2A_20170818T103021_N9999_R108_T32TMT_45_77,Inland waters,6.0,3.0
S2A_MSIL2A_20170818T103021_N9999_R108_T32TMT_47_15,Arable land,0.0,0.0
S2A_MSIL2A_20170818T103021_N9999_R108_T32TMT_47_58,Arable land,0.0,0.0
S2A_MSIL2A_20170818T103021_N9999_R108_T32TMT_48_45,Arable land,0.0,0.0
S2A_MSIL2A_20170818T103021_N9999_R108_T32TMT_50_21,Arable land,0.0,0.0
S2A_MSIL2A_20170818T103021_N9999_R108_T32TMT_50_25,Arable land,0.0,0.0
S2A_MSIL2A_20170818T103021_N9999_R108_T32TMT_50_88,Natural grassland and sparsely vegetated areas,18.0,0.0
S2A_MSIL2A_20170818T103021_N9999_R108_T32TMT_51_07,Arable land,0.0,0.0
S2A_MSIL2A_20170818T103021_N9999_R108_T32TMT_52_10,Arable land,0.0,0.0
S2A_MSIL2A_20170818T103021_N9999_R108_T32TMT_53_27,Arable land,0.0,0.0
S2A_MSIL2A_20170818T103021_N9999_R108_T32TMT_53_38,Arable land,0.0,0.0
S2A_MSIL2A_20170818T103021_N9999_R108_T32TMT_54_53,Arable land,0.0,0.0
S2A_MSIL2A_20170818T103021_N9999_R108_T32TMT_55_64,Complex cultivation patterns,5.0,0.0
S2A_MSIL2A_20170818T103021_N9999_R108_T32TMT_56_41,Arable land,0.0,0.0
S2A_MSIL2A_20170818T103021_N9999_R108_T32TMT_56_53,Arable land,0.0,0.0
S2A_MSIL2A_20170818T103021_N9999_R108_T32TMT_56_80,Complex cultivation patterns,5.0,2.0
S2A_MSIL2A_20170818T103021_N9999_R108_T32TMT_58_35,Arable land,0.0,0.0
S2A_MSIL2A_20170818T103021_N9999_R108_T32TMT_59_07,Arable land,0.0,0.0
S2A_MSIL2A_20170818T103021_N9999_R108_T32TMT_59_29,Arable land,0.0,0.0
S2A_MSIL2A_20170818T103021_N9999_R108_T32TMT_59_63,Complex cultivation patterns,5.0,0.0
S2A_MSIL2A_20170818T103021_N9999_R108_T32TMT_59_74,Arable land,0.0,0.0
S2A_MSIL2A_20170818T103021_N9999_R108_T32TMT_60_55,Arable land,0.0,3.0
S2A_MSIL2A_20170818T103021_N9999_R108_T32TMT_62_84,Broad-leaved forest,2.0,1.0
S2A_MSIL2A_20170818T103021_N9999_R108_T32TMT_64_30,Arable land,0.0,0.0
S2A_MSIL2A_20170818T103021_N9999_R108_T32TMT_64_48,Arable land,0.0,3.0
S2A_MSIL2A_20170818T103021_N9999_R108_T32TMT_65_54,Arable land,0.0,0.0
S2A_MSIL2A_20170818T103021_N9999_R108_T32TMT_65_58,Inland waters,6.0,3.0
S2A_MSIL2A_20170818T103021_N9999_R108_T32TMT_66_24,Arable land,0.0,0.0
S2A_MSIL2A_20170818T103021_N9999_R108_T32TMT_66_69,Complex cultivation patterns,5.0,0.0
S2A_MSIL2A_20170818T103021_N9999_R108_T32TMT_67_41,Arable land,0.0,0.0
S2A_MSIL2A_20170818T103021_N9999_R108_T32TMT_68_40,Arable land,0.0,0.0
S2A_MSIL2A_20170818T103021_N9999_R108_T32TMT_68_70,Complex cultivation patterns,5.0,1.0
S2A_MSIL2A_20170905T095031_N9999_R079_T35VNL_00_81,Inland waters,6.0,1.0
S2A_MSIL2A_20170905T095031_N9999_R079_T35VNL_01_21,Coniferous forest,1.0,0.0
S2A_MSIL2A_20170905T095031_N9999_R079_T35VNL_02_11,Coniferous forest,1.0,1.0
S2A_MSIL2A_20170905T095031_N9999_R079_T35VNL_02_71,Coniferous forest,1.0,0.0
S2A_MSIL2A_20170905T095031_N9999_R079_T35VNL_02_77,Mixed forest,9.0,1.0
S2A_MSIL2A_20170905T095031_N9999_R079_T35VNL_03_84,Broad-leaved forest,2.0,1.0
S2A_MSIL2A_20170905T095031_N9999_R079_T35VNL_03_86,Coniferous forest,1.0,1.0
S2A_MSIL2A_20170905T095031_N9999_R079_T35VNL_04_23,Arable land,0.0,1.0
S2A_MSIL2A_20170905T095031_N9999_R079_T35VNL_07_11,Coniferous forest,1.0,1.0
S2A_MSIL2A_20170905T095031_N9999_R079_T35VNL_07_32,Arable land,0.0,0.0
S2A_MSIL2A_20170905T095031_N9999_R079_T35VNL_07_66,"Land principally occupied by agriculture, with significant areas of natural vegetation",8.0,0.0
S2A_MSIL2A_20170905T095031_N9999_R079_T35VNL_08_63,Broad-leaved forest,2.0,1.0
S2A_MSIL2A_20170905T095031_N9999_R079_T35VNL_08_77,Coniferous forest,1.0,1.0
S2A_MSIL2A_20170905T095031_N9999_R079_T35VNL_09_14,Coniferous forest,1.0,1.0
S2A_MSIL2A_20170905T095031_N9999_R079_T35VNL_09_71,Coniferous forest,1.0,1.0
S2A_MSIL2A_20170905T095031_N9999_R079_T35VNL_10_12,Coniferous forest,1.0,1.0
S2A_MSIL2A_20170905T095031_N9999_R079_T35VNL_10_78,Arable land,0.0,1.0
S2A_MSIL2A_20170905T095031_N9999_R079_T35VNL_12_17,Coniferous forest,1.0,1.0
S2A_MSIL2A_20170905T095031_N9999_R079_T35VNL_12_60,Broad-leaved forest,2.0,1.0
S2A_MSIL2A_20170905T095031_N9999_R079_T35VNL_13_56,Arable land,0.0,1.0
S2A_MSIL2A_20170905T095031_N9999_R079_T35VNL_13_77,Inland waters,6.0,1.0
S2A_MSIL2A_20170905T095031_N9999_R079_T35VNL_14_67,Broad-leaved forest,2.0,1.0
S2A_MSIL2A_20170905T095031_N9999_R079_T35VNL_15_09,Coniferous forest,1.0,1.0
S2A_MSIL2A_20170905T095031_N9999_R079_T35VNL_16_06,Coniferous forest,1.0,1.0
S2A_MSIL2A_20170905T095031_N9999_R079_T35VNL_16_65,Arable land,0.0,1.0
S2A_MSIL2A_20170905T095031_N9999_R079_T35VNL_16_82,Arable land,0.0,1.0
S2A_MSIL2A_20170905T095031_N9999_R079_T35VNL_16_88,Arable land,0.0,1.0
S2A_MSIL2A_20170905T095031_N9999_R079_T35VNL_17_07,Coniferous forest,1.0,1.0
S2A_MSIL2A_20170905T095031_N9999_R079_T35VNL_17_20,Inland waters,6.0,0.0
S2A_MSIL2A_20170905T095031_N9999_R079_T35VNL_17_44,Arable land,0.0,1.0
S2A_MSIL2A_20170905T095031_N9999_R079_T35VNL_17_88,Arable land,0.0,1.0
S2A_MSIL2A_20170905T095031_N9999_R079_T35VNL_18_02,Coniferous forest,1.0,1.0
S2A_MSIL2A_20170905T095031_N9999_R079_T35VNL_18_86,Coniferous forest,1.0,1.0
S2A_MSIL2A_20170905T095031_N9999_R079_T35VNL_19_33,Arable land,0.0,0.0
S2A_MSIL2A_20170905T095031_N9999_R079_T35VNL_19_48,Coniferous forest,1.0,1.0
S2A_MSIL2A_20170905T095031_N9999_R079_T35VNL_20_37,Arable land,0.0,0.0
S2A_MSIL2A_20170905T095031_N9999_R079_T35VNL_21_26,Coniferous forest,1.0,1.0
S2A_MSIL2A_20170905T095031_N9999_R079_T35VNL_21_66,Coniferous forest,1.0,1.0
S2A_MSIL2A_20170905T095031_N9999_R079_T35VNL_21_68,Coniferous forest,1.0,1.0
S2A_MSIL2A_20170905T095031_N9999_R079_T35VNL_21_81,Arable land,0.0,0.0
S2A_MSIL2A_20170905T095031_N9999_R079_T35VNL_22_03,Coniferous forest,1.0,1.0
S2A_MSIL2A_20170905T095031_N9999_R079_T35VNL_22_08,Coniferous forest,1.0,1.0
S2A_MSIL2A_20170905T095031_N9999_R079_T35VNL_22_27,Coniferous forest,1.0,0.0
S2A_MSIL2A_20170905T095031_N9999_R079_T35VNL_22_51,Broad-leaved forest,2.0,1.0
S2A_MSIL2A_20170905T095031_N9999_R079_T35VNL_22_74,Arable land,0.0,0.0
S2A_MSIL2A_20170905T095031_N9999_R079_T35VNL_23_18,Coniferous forest,1.0,1.0
S2A_MSIL2A_20170905T095031_N9999_R079_T35VNL_23_20,Coniferous forest,1.0,1.0
S2A_MSIL2A_20170905T095031_N9999_R079_T35VNL_23_80,Arable land,0.0,0.0
S2A_MSIL2A_20170905T095031_N9999_R079_T35VNL_23_86,Arable land,0.0,0.0
S2A_MSIL2A_20170905T095031_N9999_R079_T35VNL_24_35,Coniferous forest,1.0,1.0
S2A_MSIL2A_20170905T095031_N9999_R079_T35VNL_24_39,Coniferous forest,1.0,1.0
S2A_MSIL2A_20170905T095031_N9999_R079_T35VNL_24_43,Coniferous forest,1.0,0.0
S2A_MSIL2A_20170905T095031_N9999_R079_T35VNL_24_55,Coniferous forest,1.0,1.0
S2A_MSIL2A_20170905T095031_N9999_R079_T35VNL_26_04,Coniferous forest,1.0,1.0
S2A_MSIL2A_20170905T095031_N9999_R079_T35VNL_26_50,Broad-leaved forest,2.0,1.0
S2A_MSIL2A_20170905T095031_N9999_R079_T35VNL_27_02,Coniferous forest,1.0,1.0
S2A_MSIL2A_20170905T095031_N9999_R079_T35VNL_27_67,Arable land,0.0,1.0
S2A_MSIL2A_20170905T095031_N9999_R079_T35VNL_27_73,Arable land,0.0,1.0
S2A_MSIL2A_20170905T095031_N9999_R079_T35VNL_27_77,Coniferous forest,1.0,1.0
S2A_MSIL2A_20170905T095031_N9999_R079_T35VNL_28_53,Coniferous forest,1.0,1.0
S2A_MSIL2A_20170905T095031_N9999_R079_T35VNL_28_72,Arable land,0.0,0.0
S2A_MSIL2A_20170905T095031_N9999_R079_T35VNL_29_01,Coniferous forest,1.0,1.0
S2A_MSIL2A_20170905T095031_N9999_R079_T35VNL_30_04,Coniferous forest,1.0,1.0
S2A_MSIL2A_20170905T095031_N9999_R079_T35VNL_30_23,Coniferous forest,1.0,1.0
S2A_MSIL2A_20170905T095031_N9999_R079_T35VNL_30_43,Coniferous forest,1.0,1.0
S2A_MSIL2A_20170905T095031_N9999_R079_T35VNL_31_51,Coniferous forest,1.0,1.0
S2A_MSIL2A_20170905T095031_N9999_R079_T35VNL_31_73,Arable land,0.0,0.0
S2A_MSIL2A_20170905T095031_N9999_R079_T35VNL_32_05,Coniferous forest,1.0,1.0
S2A_MSIL2A_20170905T095031_N9999_R079_T35VNL_32_56,"Land principally occupied by agriculture, with significant areas of natural vegetation",8.0,0.0
S2A_MSIL2A_20170905T095031_N9999_R079_T35VNL_32_68,Broad-leaved forest,2.0,1.0
S2A_MSIL2A_20170905T095031_N9999_R079_T35VNL_32_80,Arable land,0.0,1.0
S2A_MSIL2A_20170905T095031_N9999_R079_T35VNL_33_09,Coniferous forest,1.0,1.0
S2A_MSIL2A_20170905T095031_N9999_R079_T35VNL_33_73,"Land principally occupied by agriculture, with significant areas of natural vegetation",8.0,0.0
S2A_MSIL2A_20170905T095031_N9999_R079_T35VNL_33_77,Arable land,0.0,0.0
S2A_MSIL2A_20170905T095031_N9999_R079_T35VNL_35_79,Arable land,0.0,0.0
S2A_MSIL2A_20170905T095031_N9999_R079_T35VNL_35_83,Arable land,0.0,0.0
S2A_MSIL2A_20170905T095031_N9999_R079_T35VNL_36_74,Coniferous forest,1.0,1.0
S2A_MSIL2A_20170905T095031_N9999_R079_T35VNL_37_40,Coniferous forest,1.0,1.0
S2A_MSIL2A_20170905T095031_N9999_R079_T35VNL_38_13,Coniferous forest,1.0,1.0
S2A_MSIL2A_20170905T095031_N9999_R079_T35VNL_38_19,Coniferous forest,1.0,1.0
S2A_MSIL2A_20170905T095031_N9999_R079_T35VNL_38_35,Coniferous forest,1.0,1.0
S2A_MSIL2A_20170905T095031_N9999_R079_T35VNL_39_16,Coniferous forest,1.0,1.0
S2A_MSIL2A_20170905T095031_N9999_R079_T35VNL_39_17,Inland waters,6.0,6.0
S2A_MSIL2A_20170905T095031_N9999_R079_T35VNL_39_49,Coniferous forest,1.0,1.0
S2A_MSIL2A_20170905T095031_N9999_R079_T35VNL_39_60,Broad-leaved forest,2.0,1.0
S2A_MSIL2A_20170905T095031_N9999_R079_T35VNL_40_63,Inland waters,6.0,1.0
S2A_MSIL2A_20170905T095031_N9999_R079_T35VNL_41_33,Coniferous forest,1.0,1.0
S2A_MSIL2A_20170905T095031_N9999_R079_T35VNL_41_58,Broad-leaved forest,2.0,1.0
S2A_MSIL2A_20170905T095031_N9999_R079_T35VNL_41_63,Inland waters,6.0,1.0
S2A_MSIL2A_20170905T095031_N9999_R079_T35VNL_42_15,Coniferous forest,1.0,1.0
S2A_MSIL2A_20170905T095031_N9999_R079_T35VNL_43_33,Coniferous forest,1.0,1.0
S2A_MSIL2A_20170905T095031_N9999_R079_T35VNL_45_21,Coniferous forest,1.0,1.0
S2A_MSIL2A_20170905T095031_N9999_R079_T35VNL_46_75,Inland waters,6.0,1.0
S2A_MSIL2A_20170905T095031_N9999_R079_T35VNL_47_33,Coniferous forest,1.0,1.0
S2A_MSIL2A_20170905T095031_N9999_R079_T35VNL_47_35,Coniferous forest,1.0,1.0
S2A_MSIL2A_20170905T095031_N9999_R079_T35VNL_48_23,Coniferous forest,1.0,1.0
S2A_MSIL2A_20170905T095031_N9999_R079_T35VNL_50_24,Coniferous forest,1.0,1.0
S2A_MSIL2A_20170905T095031_N9999_R079_T35VNL_50_30,Coniferous forest,1.0,1.0
S2A_MSIL2A_20170905T095031_N9999_R079_T35VNL_51_36,Coniferous forest,1.0,1.0
S2A_MSIL2A_20170905T095031_N9999_R079_T35VNL_51_53,Broad-leaved forest,2.0,1.0
S2A_MSIL2A_20170905T095031_N9999_R079_T35VNL_52_33,Coniferous forest,1.0,1.0
S2A_MSIL2A_20170905T095031_N9999_R079_T35VNL_52_83,Arable land,0.0,1.0
S2A_MSIL2A_20170905T095031_N9999_R079_T35VNL_53_31,Coniferous forest,1.0,1.0
S2A_MSIL2A_20170905T095031_N9999_R079_T35VNL_53_39,Coniferous forest,1.0,1.0
S2A_MSIL2A_20170905T095031_N9999_R079_T35VNL_53_81,Coniferous forest,1.0,1.0
S2A_MSIL2A_20170905T095031_N9999_R079_T35VNL_54_52,Coniferous forest,1.0,1.0
S2A_MSIL2A_20170905T095031_N9999_R079_T35VNL_54_64,Coniferous forest,1.0,1.0
S2A_MSIL2A_20170905T095031_N9999_R079_T35VNL_55_03,Coniferous forest,1.0,1.0
S2A_MSIL2A_20170905T095031_N9999_R079_T35VNL_55_86,Inland waters,6.0,6.0
S2A_MSIL2A_20170905T095031_N9999_R079_T35VNL_56_28,Coniferous forest,1.0,1.0
S2A_MSIL2A_20170905T095031_N9999_R079_T35VNL_56_73,Inland waters,6.0,1.0
S2A_MSIL2A_20170905T095031_N9999_R079_T35VNL_58_43,Coniferous forest,1.0,1.0
S2A_MSIL2A_20170905T095031_N9999_R079_T35VNL_61_65,Arable land,0.0,1.0
S2A_MSIL2A_20170905T095031_N9999_R079_T35VNL_61_74,Arable land,0.0,0.0
S2A_MSIL2A_20170905T095031_N9999_R079_T35VNL_62_01,Coniferous forest,1.0,1.0
S2A_MSIL2A_20170905T095031_N9999_R079_T35VNL_62_20,Coniferous forest,1.0,1.0
S2A_MSIL2A_20170905T095031_N9999_R079_T35VNL_64_27,Coniferous forest,1.0,1.0
S2A_MSIL2A_20170905T095031_N9999_R079_T35VNL_64_29,Coniferous forest,1.0,1.0
S2A_MSIL2A_20170905T095031_N9999_R079_T35VNL_64_51,Coniferous forest,1.0,1.0
S2A_MSIL2A_20170905T095031_N9999_R079_T35VNL_64_53,Coniferous forest,1.0,1.0
S2A_MSIL2A_20170905T095031_N9999_R079_T35VNL_65_13,Coniferous forest,1.0,1.0
S2A_MSIL2A_20170905T095031_N9999_R079_T35VNL_68_43,Coniferous forest,1.0,1.0
S2A_MSIL2A_20170905T095031_N9999_R079_T35VNL_68_55,Coniferous forest,1.0,1.0
S2A_MSIL2A_20170905T095031_N9999_R079_T35VNL_68_60,Coniferous forest,1.0,1.0
S2A_MSIL2A_20170905T095031_N9999_R079_T35VNL_69_28,"Land principally occupied by agriculture, with significant areas of natural vegetation",8.0,1.0
S2A_MSIL2A_20170905T095031_N9999_R079_T35VNL_70_66,Coniferous forest,1.0,1.0
S2A_MSIL2A_20170905T095031_N9999_R079_T35VNL_70_78,Coniferous forest,1.0,1.0
S2A_MSIL2A_20170905T095031_N9999_R079_T35VNL_71_28,Coniferous forest,1.0,0.0
S2A_MSIL2A_20170905T095031_N9999_R079_T35VNL_71_63,Coniferous forest,1.0,1.0
S2A_MSIL2A_20170905T095031_N9999_R079_T35VNL_72_16,Coniferous forest,1.0,1.0
S2A_MSIL2A_20170905T095031_N9999_R079_T35VNL_72_32,Arable land,0.0,0.0
S2A_MSIL2A_20170905T095031_N9999_R079_T35VNL_72_55,Coniferous forest,1.0,1.0
S2A_MSIL2A_20170905T095031_N9999_R079_T35VNL_74_52,Coniferous forest,1.0,1.0
S2A_MSIL2A_20170905T095031_N9999_R079_T35VNL_75_18,Coniferous forest,1.0,1.0
S2A_MSIL2A_20170905T095031_N9999_R079_T35VNL_77_29,Arable land,0.0,1.0
S2A_MSIL2A_20170905T095031_N9999_R079_T35VNL_77_35,Arable land,0.0,1.0
S2A_MSIL2A_20170905T095031_N9999_R079_T35VNL_77_54,Coniferous forest,1.0,1.0
S2A_MSIL2A_20170905T095031_N9999_R079_T35VNL_77_66,Coniferous forest,1.0,1.0
S2A_MSIL2A_20170905T095031_N9999_R079_T35VNL_78_05,Coniferous forest,1.0,1.0
S2A_MSIL2A_20170905T095031_N9999_R079_T35VNL_78_65,Coniferous forest,1.0,1.0
S2A_MSIL2A_20170905T095031_N9999_R079_T35VNL_80_15,Coniferous forest,1.0,1.0
S2A_MSIL2A_20170905T095031_N9999_R079_T35VNL_82_75,Coniferous forest,1.0,1.0
S2A_MSIL2A_20170905T095031_N9999_R079_T35VNL_83_24,Coniferous forest,1.0,1.0
S2A_MSIL2A_20170905T095031_N9999_R079_T35VNL_84_72,Coniferous forest,1.0,1.0
S2A_MSIL2A_20170905T095031_N9999_R079_T35VNL_85_23,Coniferous forest,1.0,1.0
S2A_MSIL2A_20170905T095031_N9999_R079_T35VNL_86_46,Coniferous forest,1.0,1.0
S2A_MSIL2A_20170905T095031_N9999_R079_T35VNL_87_36,Coniferous forest,1.0,1.0
S2A_MSIL2A_20170905T095031_N9999_R079_T35VNL_87_41,Coniferous forest,1.0,0.0
S2A_MSIL2A_20170905T095031_N9999_R079_T35VNL_87_79,Coniferous forest,1.0,1.0
S2A_MSIL2A_20170905T095031_N9999_R079_T35VNL_89_15,Coniferous forest,1.0,1.0
S2A_MSIL2A_20170905T095031_N9999_R079_T35VNL_90_16,Coniferous forest,1.0,1.0
S2A_MSIL2A_20170905T095031_N9999_R079_T35WPN_00_65,Inland waters,6.0,6.0
S2A_MSIL2A_20170905T095031_N9999_R079_T35WPN_00_73,Coniferous forest,1.0,1.0
S2A_MSIL2A_20170905T095031_N9999_R079_T35WPN_01_38,Coniferous forest,1.0,1.0
S2A_MSIL2A_20170905T095031_N9999_R079_T35WPN_02_22,Coniferous forest,1.0,1.0
S2A_MSIL2A_20170905T095031_N9999_R079_T35WPN_02_90,Coniferous forest,1.0,1.0
S2A_MSIL2A_20170905T095031_N9999_R079_T35WPN_03_35,Coniferous forest,1.0,1.0
S2A_MSIL2A_20170905T095031_N9999_R079_T35WPN_03_37,Coniferous forest,1.0,1.0
S2A_MSIL2A_20170905T095031_N9999_R079_T35WPN_03_49,Coniferous forest,1.0,1.0
S2A_MSIL2A_20170905T095031_N9999_R079_T35WPN_03_56,Coniferous forest,1.0,1.0
S2A_MSIL2A_20170905T095031_N9999_R079_T35WPN_03_69,Coniferous forest,1.0,1.0
S2A_MSIL2A_20170905T095031_N9999_R079_T35WPN_04_25,Coniferous forest,1.0,1.0
S2A_MSIL2A_20170905T095031_N9999_R079_T35WPN_04_45,Coniferous forest,1.0,1.0
S2A_MSIL2A_20170905T095031_N9999_R079_T35WPN_05_31,Coniferous forest,1.0,1.0
S2A_MSIL2A_20170905T095031_N9999_R079_T35WPN_05_57,Coniferous forest,1.0,1.0
S2A_MSIL2A_20170905T095031_N9999_R079_T35WPN_05_59,Coniferous forest,1.0,1.0
S2A_MSIL2A_20170905T095031_N9999_R079_T35WPN_05_60,Coniferous forest,1.0,1.0
S2A_MSIL2A_20170905T095031_N9999_R079_T35WPN_05_63,Coniferous forest,1.0,1.0
S2A_MSIL2A_20170905T095031_N9999_R079_T35WPN_07_52,Coniferous forest,1.0,1.0
S2A_MSIL2A_20170905T095031_N9999_R079_T35WPN_08_23,Coniferous forest,1.0,1.0
S2A_MSIL2A_20170905T095031_N9999_R079_T35WPN_08_46,Coniferous forest,1.0,1.0
S2A_MSIL2A_20170905T095031_N9999_R079_T35WPN_10_00,Coniferous forest,1.0,1.0
S2A_MSIL2A_20170905T095031_N9999_R079_T35WPN_11_08,Coniferous forest,1.0,1.0
S2A_MSIL2A_20170905T095031_N9999_R079_T35WPN_11_44,Coniferous forest,1.0,1.0
S2A_MSIL2A_20170905T095031_N9999_R079_T35WPN_12_38,Coniferous forest,1.0,1.0
S2A_MSIL2A_20170905T095031_N9999_R079_T35WPN_12_49,Coniferous forest,1.0,1.0
S2A_MSIL2A_20170905T095031_N9999_R079_T35WPN_15_04,Coniferous forest,1.0,1.0
S2A_MSIL2A_20170905T095031_N9999_R079_T35WPN_15_06,Coniferous forest,1.0,1.0
S2A_MSIL2A_20170905T095031_N9999_R079_T35WPN_16_08,Coniferous forest,1.0,1.0
S2A_MSIL2A_20170905T095031_N9999_R079_T35WPN_16_40,Coniferous forest,1.0,1.0
S2A_MSIL2A_20170905T095031_N9999_R079_T35WPN_17_09,Coniferous forest,1.0,1.0
S2A_MSIL2A_20170905T095031_N9999_R079_T35WPN_17_85,Coniferous forest,1.0,1.0
S2A_MSIL2A_20170905T095031_N9999_R079_T35WPN_18_48,Coniferous forest,1.0,1.0
S2A_MSIL2A_20170905T095031_N9999_R079_T35WPN_18_55,Coniferous forest,1.0,1.0
S2A_MSIL2A_20170905T095031_N9999_R079_T35WPN_18_90,Coniferous forest,1.0,1.0
S2A_MSIL2A_20170905T095031_N9999_R079_T35WPN_19_38,Coniferous forest,1.0,1.0
S2A_MSIL2A_20170905T095031_N9999_R079_T35WPN_20_53,Coniferous forest,1.0,1.0
S2A_MSIL2A_20170905T095031_N9999_R079_T35WPN_21_23,Coniferous forest,1.0,1.0
S2A_MSIL2A_20170905T095031_N9999_R079_T35WPN_21_26,Coniferous forest,1.0,1.0
S2A_MSIL2A_20170905T095031_N9999_R079_T35WPN_23_57,Coniferous forest,1.0,1.0
S2A_MSIL2A_20170905T095031_N9999_R079_T35WPN_24_03,Coniferous forest,1.0,1.0
S2A_MSIL2A_20170905T095031_N9999_R079_T35WPN_24_21,Coniferous forest,1.0,1.0
S2A_MSIL2A_20170905T095031_N9999_R079_T35WPN_25_20,Coniferous forest,1.0,1.0
S2A_MSIL2A_20170905T095031_N9999_R079_T35WPN_32_09,Coniferous forest,1.0,1.0
S2A_MSIL2A_20170905T095031_N9999_R079_T35WPN_36_06,Coniferous forest,1.0,1.0
S2A_MSIL2A_20171002T094031_N9999_R036_T34TCR_28_16,Arable land,0.0,0.0
S2A_MSIL2A_20171002T094031_N9999_R036_T34TCR_34_30,Arable land,0.0,0.0
S2A_MSIL2A_20171002T094031_N9999_R036_T34TCR_38_20,Arable land,0.0,0.0
S2A_MSIL2A_20171002T094031_N9999_R036_T34TCR_38_35,Arable land,0.0,0.0
S2A_MSIL2A_20171002T094031_N9999_R036_T34TCR_38_60,Arable land,0.0,0.0
S2A_MSIL2A_20171002T094031_N9999_R036_T34TCR_41_34,Arable land,0.0,0.0
S2A_MSIL2A_20171002T094031_N9999_R036_T34TCR_44_40,Arable land,0.0,0.0
S2A_MSIL2A_20171002T094031_N9999_R036_T34TCR_44_51,Arable land,0.0,0.0
S2A_MSIL2A_20171002T094031_N9999_R036_T34TCR_44_62,Arable land,0.0,0.0
S2A_MSIL2A_20171002T094031_N9999_R036_T34TCR_45_06,Arable land,0.0,0.0
S2A_MSIL2A_20171002T094031_N9999_R036_T34TCR_45_60,Arable land,0.0,0.0
S2A_MSIL2A_20171002T094031_N9999_R036_T34TCR_46_25,Arable land,0.0,0.0
S2A_MSIL2A_20171002T094031_N9999_R036_T34TCR_46_45,Arable land,0.0,0.0
S2A_MSIL2A_20171002T094031_N9999_R036_T34TCR_46_78,Arable land,0.0,0.0
S2A_MSIL2A_20171002T094031_N9999_R036_T34TCR_47_37,Arable land,0.0,0.0
S2A_MSIL2A_20171002T094031_N9999_R036_T34TCR_47_69,Arable land,0.0,0.0
S2A_MSIL2A_20171002T094031_N9999_R036_T34TCR_47_78,Arable land,0.0,0.0
S2A_MSIL2A_20171002T094031_N9999_R036_T34TCR_48_78,Arable land,0.0,0.0
S2A_MSIL2A_20171002T094031_N9999_R036_T34TCR_48_86,Arable land,0.0,0.0
S2A_MSIL2A_20171002T094031_N9999_R036_T34TCR_49_14,Arable land,0.0,0.0
S2A_MSIL2A_20171002T094031_N9999_R036_T34TCR_51_20,Arable land,0.0,0.0
S2A_MSIL2A_20171002T094031_N9999_R036_T34TCR_52_53,Arable land,0.0,0.0
S2A_MSIL2A_20171002T094031_N9999_R036_T34TCR_53_35,Arable land,0.0,0.0
S2A_MSIL2A_20171002T094031_N9999_R036_T34TCR_53_66,Arable land,0.0,0.0
S2A_MSIL2A_20171002T094031_N9999_R036_T34TCR_55_26,Arable land,0.0,0.0
S2A_MSIL2A_20171002T094031_N9999_R036_T34TCR_55_34,Arable land,0.0,0.0
S2A_MSIL2A_20171002T094031_N9999_R036_T34TCR_55_42,Arable land,0.0,0.0
S2A_MSIL2A_20171002T094031_N9999_R036_T34TCR_55_51,Arable land,0.0,0.0
S2A_MSIL2A_20171002T094031_N9999_R036_T34TCR_55_55,Arable land,0.0,0.0
S2A_MSIL2A_20171002T094031_N9999_R036_T34TCR_55_79,Broad-leaved forest,2.0,2.0
S2A_MSIL2A_20171002T094031_N9999_R036_T34TCR_56_14,Arable land,0.0,0.0
S2A_MSIL2A_20171002T094031_N9999_R036_T34TCR_56_40,Arable land,0.0,0.0
S2A_MSIL2A_20171002T094031_N9999_R036_T34TCR_56_51,Arable land,0.0,0.0
S2A_MSIL2A_20171002T094031_N9999_R036_T34TCR_56_72,Arable land,0.0,0.0
S2A_MSIL2A_20171002T094031_N9999_R036_T34TCR_57_06,Arable land,0.0,0.0
S2A_MSIL2A_20171002T094031_N9999_R036_T34TCR_57_37,Arable land,0.0,0.0
S2A_MSIL2A_20171002T094031_N9999_R036_T34TCR_57_84,Arable land,0.0,0.0
S2A_MSIL2A_20171002T094031_N9999_R036_T34TCR_59_33,Arable land,0.0,0.0
S2A_MSIL2A_20171002T094031_N9999_R036_T34TCR_59_61,Arable land,0.0,0.0
S2A_MSIL2A_20171002T094031_N9999_R036_T34TCR_60_21,Arable land,0.0,0.0
S2A_MSIL2A_20171002T094031_N9999_R036_T34TCR_60_25,Arable land,0.0,0.0
S2A_MSIL2A_20171002T094031_N9999_R036_T34TCR_60_29,Arable land,0.0,0.0
S2A_MSIL2A_20171002T094031_N9999_R036_T34TCR_60_60,Arable land,0.0,0.0
S2A_MSIL2A_20171002T094031_N9999_R036_T34TCR_61_00,Arable land,0.0,0.0
S2A_MSIL2A_20171002T094031_N9999_R036_T34TCR_61_05,Arable land,0.0,0.0
S2A_MSIL2A_20171002T094031_N9999_R036_T34TCR_61_38,Arable land,0.0,0.0
S2A_MSIL2A_20171002T094031_N9999_R036_T34TCR_61_90,Arable land,0.0,0.0
S2A_MSIL2A_20171002T094031_N9999_R036_T34TCR_63_02,Arable land,0.0,0.0
S2A_MSIL2A_20171002T094031_N9999_R036_T34TCR_63_52,Arable land,0.0,0.0
S2A_MSIL2A_20171002T094031_N9999_R036_T34TCR_65_09,Arable land,0.0,0.0
S2A_MSIL2A_20171002T094031_N9999_R036_T34TCR_65_23,Arable land,0.0,0.0
S2A_MSIL2A_20171002T094031_N9999_R036_T34TCR_65_72,Arable land,0.0,0.0
S2A_MSIL2A_20171002T094031_N9999_R036_T34TCR_67_22,Arable land,0.0,0.0
S2A_MSIL2A_20171002T094031_N9999_R036_T34TCR_68_30,Arable land,0.0,0.0
S2A_MSIL2A_20171002T094031_N9999_R036_T34TCR_68_58,Arable land,0.0,0.0
S2A_MSIL2A_20171002T094031_N9999_R036_T34TCR_68_66,Arable land,0.0,0.0
S2A_MSIL2A_20171002T094031_N9999_R036_T34TCR_69_59,Arable land,0.0,0.0
S2A_MSIL2A_20171002T094031_N9999_R036_T34TCR_69_85,Arable land,0.0,0.0
S2A_MSIL2A_20171002T094031_N9999_R036_T34TCR_70_04,Arable land,0.0,0.0
S2A_MSIL2A_20171002T094031_N9999_R036_T34TCR_70_44,Arable land,0.0,0.0
S2A_MSIL2A_20171002T094031_N9999_R036_T34TCR_70_46,Arable land,0.0,0.0
S2A_MSIL2A_20171002T094031_N9999_R036_T34TCR_71_01,Arable land,0.0,0.0
S2A_MSIL2A_20171002T094031_N9999_R036_T34TCR_71_05,Arable land,0.0,0.0
S2A_MSIL2A_20171002T094031_N9999_R036_T34TCR_71_35,Arable land,0.0,0.0
S2A_MSIL2A_20171002T094031_N9999_R036_T34TCR_71_55,Arable land,0.0,0.0
S2A_MSIL2A_20171002T094031_N9999_R036_T34TCR_72_81,Arable land,0.0,2.0
S2A_MSIL2A_20171002T094031_N9999_R036_T34TCR_74_08,Arable land,0.0,0.0
S2A_MSIL2A_20171002T094031_N9999_R036_T34TCR_74_29,Arable land,0.0,0.0
S2A_MSIL2A_20171002T094031_N9999_R036_T34TCR_75_11,Arable land,0.0,0.0
S2A_MSIL2A_20171002T094031_N9999_R036_T34TCR_75_64,Arable land,0.0,0.0
S2A_MSIL2A_20171002T094031_N9999_R036_T34TCR_76_65,Arable land,0.0,0.0
S2A_MSIL2A_20171002T094031_N9999_R036_T34TCR_77_00,Arable land,0.0,0.0
S2A_MSIL2A_20171002T094031_N9999_R036_T34TCR_77_65,Arable land,0.0,0.0
S2A_MSIL2A_20171002T094031_N9999_R036_T34TCR_78_04,Arable land,0.0,0.0
S2A_MSIL2A_20171002T094031_N9999_R036_T34TCR_78_05,Arable land,0.0,0.0
S2A_MSIL2A_20171002T094031_N9999_R036_T34TCR_79_03,Arable land,0.0,0.0
S2A_MSIL2A_20171002T094031_N9999_R036_T34TCR_79_19,Arable land,0.0,0.0
S2A_MSIL2A_20171002T094031_N9999_R036_T34TCR_79_42,Arable land,0.0,0.0
S2A_MSIL2A_20171002T094031_N9999_R036_T34TCR_79_81,Broad-leaved forest,2.0,2.0
S2A_MSIL2A_20171002T094031_N9999_R036_T34TCR_80_12,Arable land,0.0,0.0
S2A_MSIL2A_20171002T094031_N9999_R036_T34TCR_80_40,Arable land,0.0,0.0
S2A_MSIL2A_20171002T094031_N9999_R036_T34TCR_81_89,Arable land,0.0,0.0
S2A_MSIL2A_20171002T094031_N9999_R036_T34TCR_82_25,Arable land,0.0,0.0
S2A_MSIL2A_20171002T094031_N9999_R036_T34TCR_83_12,Arable land,0.0,0.0
S2A_MSIL2A_20171002T094031_N9999_R036_T34TCR_84_30,Arable land,0.0,0.0
S2A_MSIL2A_20171002T094031_N9999_R036_T34TCR_84_90,Arable land,0.0,0.0
S2A_MSIL2A_20171002T094031_N9999_R036_T34TCR_85_81,Broad-leaved forest,2.0,2.0
S2A_MSIL2A_20171002T094031_N9999_R036_T34TCR_86_77,Complex cultivation patterns,5.0,0.0
S2A_MSIL2A_20171002T094031_N9999_R036_T34TCR_87_10,Arable land,0.0,0.0
S2A_MSIL2A_20171002T094031_N9999_R036_T34TCR_87_40,Arable land,0.0,0.0
S2A_MSIL2A_20171002T094031_N9999_R036_T34TCR_88_31,Arable land,0.0,0.0
S2A_MSIL2A_20171002T094031_N9999_R036_T34TCR_89_06,Arable land,0.0,0.0
S2A_MSIL2A_20171002T094031_N9999_R036_T34TCR_89_31,Arable land,0.0,0.0
S2A_MSIL2A_20171002T094031_N9999_R036_T34TCR_89_86,Broad-leaved forest,2.0,0.0
S2A_MSIL2A_20171002T094031_N9999_R036_T34TCR_89_90,Arable land,0.0,0.0
S2A_MSIL2A_20171002T094031_N9999_R036_T34TCR_90_16,Arable land,0.0,0.0
S2A_MSIL2A_20171002T094031_N9999_R036_T34TCR_90_21,Arable land,0.0,0.0
S2A_MSIL2A_20171002T094031_N9999_R036_T34TCR_90_24,Arable land,0.0,0.0
S2A_MSIL2A_20171002T094031_N9999_R036_T34TCR_90_45,Arable land,0.0,0.0
S2A_MSIL2A_20171002T094031_N9999_R036_T34TCR_90_58,Arable land,0.0,0.0
S2A_MSIL2A_20171002T094031_N9999_R036_T34TCS_43_84,Arable land,0.0,0.0
S2A_MSIL2A_20171002T094031_N9999_R036_T34TCS_43_88,Arable land,0.0,0.0
S2A_MSIL2A_20171002T094031_N9999_R036_T34TCS_43_89,Arable land,0.0,0.0
S2A_MSIL2A_20171002T094031_N9999_R036_T34TCS_53_88,Arable land,0.0,0.0
S2A_MSIL2A_20171002T094031_N9999_R036_T34TCS_59_89,Arable land,0.0,0.0
S2A_MSIL2A_20171002T094031_N9999_R036_T34TCS_66_87,Arable land,0.0,0.0
S2A_MSIL2A_20171002T094031_N9999_R036_T34TCS_66_88,Arable land,0.0,0.0
S2A_MSIL2A_20171002T094031_N9999_R036_T34TCS_67_79,Arable land,0.0,0.0
S2A_MSIL2A_20171002T094031_N9999_R036_T34TCS_70_87,Arable land,0.0,0.0
S2A_MSIL2A_20171002T094031_N9999_R036_T34TCS_71_90,Arable land,0.0,0.0
S2A_MSIL2A_20171002T094031_N9999_R036_T34TCS_72_87,Arable land,0.0,0.0
S2A_MSIL2A_20171002T094031_N9999_R036_T34TCS_76_80,Arable land,0.0,0.0
S2A_MSIL2A_20171002T094031_N9999_R036_T34TCS_81_86,Arable land,0.0,0.0
S2A_MSIL2A_20171002T094031_N9999_R036_T34TCS_85_88,Arable land,0.0,0.0
S2A_MSIL2A_20171002T112111_N9999_R037_T29SNB_00_54,Marine waters,3.0,3.0
S2A_MSIL2A_20171002T112111_N9999_R037_T29SNB_01_48,Marine waters,3.0,3.0
S2A_MSIL2A_20171002T112111_N9999_R037_T29SNB_01_71,Marine waters,3.0,3.0
S2A_MSIL2A_20171002T112111_N9999_R037_T29SNB_02_06,Marine waters,3.0,3.0
S2A_MSIL2A_20171002T112111_N9999_R037_T29SNB_02_11,Marine waters,3.0,3.0
S2A_MSIL2A_20171002T112111_N9999_R037_T29SNB_02_13,Marine waters,3.0,3.0
S2A_MSIL2A_20171002T112111_N9999_R037_T29SNB_02_15,Marine waters,3.0,3.0
S2A_MSIL2A_20171002T112111_N9999_R037_T29SNB_02_44,Marine waters,3.0,3.0
S2A_MSIL2A_20171002T112111_N9999_R037_T29SNB_03_09,Marine waters,3.0,3.0
S2A_MSIL2A_20171002T112111_N9999_R037_T29SNB_03_10,Marine waters,3.0,3.0
S2A_MSIL2A_20171002T112111_N9999_R037_T29SNB_04_06,Marine waters,3.0,3.0
S2A_MSIL2A_20171002T112111_N9999_R037_T29SNB_04_41,Marine waters,3.0,3.0
S2A_MSIL2A_20171002T112111_N9999_R037_T29SNB_05_70,Marine waters,3.0,3.0
S2A_MSIL2A_20171002T112111_N9999_R037_T29SNB_06_88,Marine waters,3.0,3.0
S2A_MSIL2A_20171002T112111_N9999_R037_T29SNB_07_32,Marine waters,3.0,3.0
S2A_MSIL2A_20171002T112111_N9999_R037_T29SNB_09_05,Marine waters,3.0,3.0
S2A_MSIL2A_20171002T112111_N9999_R037_T29SNB_09_15,Marine waters,3.0,3.0
S2A_MSIL2A_20171002T112111_N9999_R037_T29SNB_09_66,Marine waters,3.0,0.0
S2A_MSIL2A_20171002T112111_N9999_R037_T29SNB_10_51,Marine waters,3.0,3.0
S2A_MSIL2A_20171002T112111_N9999_R037_T29SNB_11_21,Marine waters,3.0,3.0
S2A_MSIL2A_20171002T112111_N9999_R037_T29SNB_11_74,Broad-leaved forest,2.0,2.0
S2A_MSIL2A_20171002T112111_N9999_R037_T29SNB_12_33,Marine waters,3.0,3.0
S2A_MSIL2A_20171002T112111_N9999_R037_T29SNB_13_67,Broad-leaved forest,2.0,2.0
S2A_MSIL2A_20171002T112111_N9999_R037_T29SNB_14_66,Arable land,0.0,2.0
S2A_MSIL2A_20171002T112111_N9999_R037_T29SNB_14_74,Broad-leaved forest,2.0,4.0
S2A_MSIL2A_20171002T112111_N9999_R037_T29SNB_16_11,Arable land,0.0,0.0
S2A_MSIL2A_20171002T112111_N9999_R037_T29SNB_16_21,Arable land,0.0,0.0
S2A_MSIL2A_20171002T112111_N9999_R037_T29SNB_16_59,Arable land,0.0,2.0
S2A_MSIL2A_20171002T112111_N9999_R037_T29SNB_18_15,Arable land,0.0,0.0
S2A_MSIL2A_20171002T112111_N9999_R037_T29SNB_18_17,Broad-leaved forest,2.0,0.0
S2A_MSIL2A_20171002T112111_N9999_R037_T29SNB_18_18,Arable land,0.0,0.0
S2A_MSIL2A_20171002T112111_N9999_R037_T29SNB_20_64,Broad-leaved forest,2.0,2.0
S2A_MSIL2A_20171002T112111_N9999_R037_T29SNB_21_04,Broad-leaved forest,2.0,4.0
S2A_MSIL2A_20171002T112111_N9999_R037_T29SNB_21_45,Arable land,0.0,2.0
S2A_MSIL2A_20171002T112111_N9999_R037_T29SNB_21_87,Marine waters,3.0,3.0
S2A_MSIL2A_20171002T112111_N9999_R037_T29SNB_22_49,Broad-leaved forest,2.0,4.0
S2A_MSIL2A_20171002T112111_N9999_R037_T29SNB_23_31,Agro-forestry areas,4.0,2.0
S2A_MSIL2A_20171002T112111_N9999_R037_T29SNB_23_32,Arable land,0.0,2.0
S2A_MSIL2A_20171002T112111_N9999_R037_T29SNB_24_19,Agro-forestry areas,4.0,2.0
S2A_MSIL2A_20171002T112111_N9999_R037_T29SNB_25_41,Arable land,0.0,4.0
S2A_MSIL2A_20171002T112111_N9999_R037_T29SNB_26_44,Broad-leaved forest,2.0,2.0
S2A_MSIL2A_20171002T112111_N9999_R037_T29SNB_26_77,Marine waters,3.0,3.0
S2A_MSIL2A_20171002T112111_N9999_R037_T29SNB_27_21,Arable land,0.0,4.0
S2A_MSIL2A_20171002T112111_N9999_R037_T29SNB_27_45,Broad-leaved forest,2.0,1.0
S2A_MSIL2A_20171002T112111_N9999_R037_T29SNB_27_86,Marine waters,3.0,3.0
S2A_MSIL2A_20171002T112111_N9999_R037_T29SNB_28_04,Arable land,0.0,4.0
S2A_MSIL2A_20171002T112111_N9999_R037_T29SNB_28_22,Agro-forestry areas,4.0,0.0
S2A_MSIL2A_20171002T112111_N9999_R037_T29SNB_29_40,Agro-forestry areas,4.0,4.0
S2A_MSIL2A_20171002T112111_N9999_R037_T29SNB_29_52,Broad-leaved forest,2.0,2.0
S2A_MSIL2A_20171002T112111_N9999_R037_T29SNB_29_56,Broad-leaved forest,2.0,2.0
S2A_MSIL2A_20171002T112111_N9999_R037_T29SNB_30_44,Arable land,0.0,0.0
S2A_MSIL2A_20171002T112111_N9999_R037_T29SNB_30_59,Broad-leaved forest,2.0,2.0
S2A_MSIL2A_20171002T112111_N9999_R037_T29SNB_32_43,Broad-leaved forest,2.0,2.0
S2A_MSIL2A_20171002T112111_N9999_R037_T29SNB_32_77,Marine waters,3.0,3.0
S2A_MSIL2A_20171002T112111_N9999_R037_T29SNB_32_89,Marine waters,3.0,3.0
S2A_MSIL2A_20171002T112111_N9999_R037_T29SNB_33_02,Agro-forestry areas,4.0,4.0
S2A_MSIL2A_20171002T112111_N9999_R037_T29SNB_34_79,Marine waters,3.0,3.0
S2A_MSIL2A_20171002T112111_N9999_R037_T29SNB_35_01,Agro-forestry areas,4.0,0.0
S2A_MSIL2A_20171002T112111_N9999_R037_T29SNB_35_37,Agro-forestry areas,4.0,0.0
S2A_MSIL2A_20171002T112111_N9999_R037_T29SNB_35_53,Broad-leaved forest,2.0,2.0
S2A_MSIL2A_20171002T112111_N9999_R037_T29SNB_36_35,Agro-forestry areas,4.0,4.0
S2A_MSIL2A_20171002T112111_N9999_R037_T29SNB_37_02,Agro-forestry areas,4.0,4.0
S2A_MSIL2A_20171002T112111_N9999_R037_T29SNB_37_72,Arable land,0.0,0.0
S2A_MSIL2A_20171002T112111_N9999_R037_T29SNB_38_07,Agro-forestry areas,4.0,4.0
S2A_MSIL2A_20171002T112111_N9999_R037_T29SNB_38_17,Agro-forestry areas,4.0,4.0
S2A_MSIL2A_20171002T112111_N9999_R037_T29SNB_38_22,Agro-forestry areas,4.0,4.0
S2A_MSIL2A_20171002T112111_N9999_R037_T29SNB_38_83,Marine waters,3.0,3.0
S2A_MSIL2A_20171002T112111_N9999_R037_T29SNB_43_18,Agro-forestry areas,4.0,2.0
S2A_MSIL2A_20171002T112111_N9999_R037_T29SNB_43_21,Agro-forestry areas,4.0,4.0
S2A_MSIL2A_20171002T112111_N9999_R037_T29SNB_43_28,Broad-leaved forest,2.0,2.0
S2A_MSIL2A_20171002T112111_N9999_R037_T29SNB_44_13,Agro-forestry areas,4.0,4.0
S2A_MSIL2A_20171002T112111_N9999_R037_T29SNB_44_71,Permanent crops,15.0,4.0
S2A_MSIL2A_20171002T112111_N9999_R037_T29SNB_44_73,Arable land,0.0,0.0
S2A_MSIL2A_20171002T112111_N9999_R037_T29SNB_44_86,Marine waters,3.0,3.0
S2A_MSIL2A_20171002T112111_N9999_R037_T29SNB_45_52,Agro-forestry areas,4.0,4.0
S2A_MSIL2A_20171002T112111_N9999_R037_T29SNB_45_67,Complex cultivation patterns,5.0,4.0
S2A_MSIL2A_20171002T112111_N9999_R037_T29SNB_45_79,Marine waters,3.0,3.0
S2A_MSIL2A_20171002T112111_N9999_R037_T29SNB_46_16,Agro-forestry areas,4.0,4.0
S2A_MSIL2A_20171002T112111_N9999_R037_T29SNB_46_35,Agro-forestry areas,4.0,2.0
S2A_MSIL2A_20171002T112111_N9999_R037_T29SNB_46_38,Broad-leaved forest,2.0,13.0
S2A_MSIL2A_20171002T112111_N9999_R037_T29SNB_47_47,Broad-leaved forest,2.0,2.0
S2A_MSIL2A_20171002T112111_N9999_R037_T29SNB_47_64,Complex cultivation patterns,5.0,4.0
S2A_MSIL2A_20171002T112111_N9999_R037_T29SNB_47_81,Marine waters,3.0,3.0
S2A_MSIL2A_20171002T112111_N9999_R037_T29SNB_48_17,Agro-forestry areas,4.0,4.0
S2A_MSIL2A_20171002T112111_N9999_R037_T29SNB_48_19,Agro-forestry areas,4.0,0.0
S2A_MSIL2A_20171002T112111_N9999_R037_T29SNB_48_78,Arable land,0.0,13.0
S2A_MSIL2A_20171002T112111_N9999_R037_T29SNB_49_60,"Moors, heathland and sclerophyllous vegetation",12.0,4.0
S2A_MSIL2A_20171002T112111_N9999_R037_T29SNB_51_01,Arable land,0.0,4.0
S2A_MSIL2A_20171002T112111_N9999_R037_T29SNB_51_07,Agro-forestry areas,4.0,0.0
S2A_MSIL2A_20171002T112111_N9999_R037_T29SNB_53_00,Arable land,0.0,0.0
S2A_MSIL2A_20171002T112111_N9999_R037_T29SNB_53_30,Agro-forestry areas,4.0,4.0
S2A_MSIL2A_20171002T112111_N9999_R037_T29SNB_54_28,Agro-forestry areas,4.0,4.0
S2A_MSIL2A_20171002T112111_N9999_R037_T29SNB_55_12,Arable land,0.0,4.0
S2A_MSIL2A_20171002T112111_N9999_R037_T29SNB_55_64,Complex cultivation patterns,5.0,0.0
S2A_MSIL2A_20171002T112111_N9999_R037_T29SNB_55_65,Complex cultivation patterns,5.0,4.0
S2A_MSIL2A_20171002T112111_N9999_R037_T29SNB_55_78,"Land principally occupied by agriculture, with significant areas of natural vegetation",8.0,0.0
S2A_MSIL2A_20171002T112111_N9999_R037_T29SNB_55_87,Marine waters,3.0,3.0
S2A_MSIL2A_20171002T112111_N9999_R037_T29SNB_56_77,"Land principally occupied by agriculture, with significant areas of natural vegetation",8.0,0.0
S2A_MSIL2A_20171002T112111_N9999_R037_T29SNB_57_66,Permanent crops,15.0,4.0
S2A_MSIL2A_20171002T112111_N9999_R037_T29SNB_58_76,Complex cultivation patterns,5.0,5.0
S2A_MSIL2A_20171002T112111_N9999_R037_T29SNB_59_56,Broad-leaved forest,2.0,2.0
S2A_MSIL2A_20171002T112111_N9999_R037_T29SNB_59_88,Marine waters,3.0,3.0
S2A_MSIL2A_20171002T112111_N9999_R037_T29SNB_60_74,"Moors, heathland and sclerophyllous vegetation",12.0,4.0
S2A_MSIL2A_20171002T112111_N9999_R037_T29SNB_61_73,"Land principally occupied by agriculture, with significant areas of natural vegetation",8.0,4.0
S2A_MSIL2A_20171002T112111_N9999_R037_T29SNB_61_88,Marine waters,3.0,3.0
S2A_MSIL2A_20171002T112111_N9999_R037_T29SNB_62_14,Arable land,0.0,0.0
S2A_MSIL2A_20171002T112111_N9999_R037_T29SNB_62_23,Agro-forestry areas,4.0,4.0
S2A_MSIL2A_20171002T112111_N9999_R037_T29SNB_62_26,Agro-forestry areas,4.0,0.0
S2A_MSIL2A_20171002T112111_N9999_R037_T29SNB_63_74,"Land principally occupied by agriculture, with significant areas of natural vegetation",8.0,4.0
S2A_MSIL2A_20171002T112111_N9999_R037_T29SNB_64_37,Agro-forestry areas,4.0,4.0
S2A_MSIL2A_20171002T112111_N9999_R037_T29SNB_64_44,Agro-forestry areas,4.0,4.0
S2A_MSIL2A_20171002T112111_N9999_R037_T29SNB_65_03,Agro-forestry areas,4.0,4.0
S2A_MSIL2A_20171002T112111_N9999_R037_T29SNB_65_23,Arable land,0.0,0.0
S2A_MSIL2A_20171002T112111_N9999_R037_T29SNB_66_39,Agro-forestry areas,4.0,4.0
S2A_MSIL2A_20171002T112111_N9999_R037_T29SNB_67_06,Agro-forestry areas,4.0,4.0
S2A_MSIL2A_20171002T112111_N9999_R037_T29SNB_67_71,"Land principally occupied by agriculture, with significant areas of natural vegetation",8.0,4.0
S2A_MSIL2A_20171002T112111_N9999_R037_T29SNB_68_36,Agro-forestry areas,4.0,0.0
S2A_MSIL2A_20171002T112111_N9999_R037_T29SNB_68_58,Broad-leaved forest,2.0,4.0
S2A_MSIL2A_20171002T112111_N9999_R037_T29SNB_69_30,Agro-forestry areas,4.0,4.0
S2A_MSIL2A_20171002T112111_N9999_R037_T29SNB_70_02,Agro-forestry areas,4.0,0.0
S2A_MSIL2A_20171002T112111_N9999_R037_T29SNB_70_07,Agro-forestry areas,4.0,4.0
S2A_MSIL2A_20171002T112111_N9999_R037_T29SNB_70_16,Arable land,0.0,4.0
S2A_MSIL2A_20171002T112111_N9999_R037_T29SNB_71_02,Agro-forestry areas,4.0,0.0
S2A_MSIL2A_20171002T112111_N9999_R037_T29SNB_71_47,Agro-forestry areas,4.0,4.0
S2A_MSIL2A_20171002T112111_N9999_R037_T29SNB_72_09,Agro-forestry areas,4.0,4.0
S2A_MSIL2A_20171002T112111_N9999_R037_T29SNB_73_04,Arable land,0.0,0.0
S2A_MSIL2A_20171002T112111_N9999_R037_T29SNB_73_40,Agro-forestry areas,4.0,0.0
S2A_MSIL2A_20171002T112111_N9999_R037_T29SNB_73_43,Agro-forestry areas,4.0,4.0
S2A_MSIL2A_20171002T112111_N9999_R037_T29SNB_74_60,Agro-forestry areas,4.0,2.0
S2A_MSIL2A_20171002T112111_N9999_R037_T29SNB_75_02,Arable land,0.0,0.0
S2A_MSIL2A_20171002T112111_N9999_R037_T29SNB_75_13,Agro-forestry areas,4.0,4.0
S2A_MSIL2A_20171002T112111_N9999_R037_T29SNB_75_43,Agro-forestry areas,4.0,0.0
S2A_MSIL2A_20171002T112111_N9999_R037_T29SNB_75_72,"Land principally occupied by agriculture, with significant areas of natural vegetation",8.0,4.0
S2A_MSIL2A_20171002T112111_N9999_R037_T29SNB_76_11,Agro-forestry areas,4.0,4.0
S2A_MSIL2A_20171002T112111_N9999_R037_T29SNB_76_19,Agro-forestry areas,4.0,4.0
S2A_MSIL2A_20171002T112111_N9999_R037_T29SNB_76_21,Arable land,0.0,0.0
S2A_MSIL2A_20171002T112111_N9999_R037_T29SNB_77_33,Agro-forestry areas,4.0,4.0
S2A_MSIL2A_20171002T112111_N9999_R037_T29SNB_78_37,Arable land,0.0,0.0
S2A_MSIL2A_20171002T112111_N9999_R037_T29SNB_79_56,Mixed forest,9.0,2.0
S2A_MSIL2A_20171002T112111_N9999_R037_T29SNB_80_26,Arable land,0.0,0.0
S2A_MSIL2A_20171002T112111_N9999_R037_T29SNB_80_63,Agro-forestry areas,4.0,4.0
S2A_MSIL2A_20171002T112111_N9999_R037_T29SNB_80_69,Mixed forest,9.0,2.0
S2A_MSIL2A_20171002T112111_N9999_R037_T29SNB_80_82,Arable land,0.0,5.0
S2A_MSIL2A_20171002T112111_N9999_R037_T29SNB_81_67,Mixed forest,9.0,2.0
S2A_MSIL2A_20171002T112111_N9999_R037_T29SNB_82_27,Arable land,0.0,4.0
S2A_MSIL2A_20171002T112111_N9999_R037_T29SNB_83_59,"Transitional woodland, shrub",14.0,2.0
S2A_MSIL2A_20171002T112111_N9999_R037_T29SNB_84_44,"Land principally occupied by agriculture, with significant areas of natural vegetation",8.0,4.0
S2A_MSIL2A_20171002T112111_N9999_R037_T29SNB_84_49,Agro-forestry areas,4.0,4.0
S2A_MSIL2A_20171002T112111_N9999_R037_T29SNB_85_27,Arable land,0.0,0.0
S2A_MSIL2A_20171002T112111_N9999_R037_T29SNB_85_83,Complex cultivation patterns,5.0,4.0
S2A_MSIL2A_20171002T112111_N9999_R037_T29SNB_87_50,"Land principally occupied by agriculture, with significant areas of natural vegetation",8.0,4.0
S2A_MSIL2A_20171002T112111_N9999_R037_T29SNB_87_51,"Land principally occupied by agriculture, with significant areas of natural vegetation",8.0,4.0
S2A_MSIL2A_20171002T112111_N9999_R037_T29SNB_87_59,"Moors, heathland and sclerophyllous vegetation",12.0,2.0
S2A_MSIL2A_20171002T112111_N9999_R037_T29SNB_88_10,Agro-forestry areas,4.0,4.0
S2A_MSIL2A_20171002T112111_N9999_R037_T29SNB_89_03,Agro-forestry areas,4.0,4.0
S2A_MSIL2A_20171002T112111_N9999_R037_T29SNB_89_24,Arable land,0.0,0.0
S2A_MSIL2A_20171002T112111_N9999_R037_T29SNB_89_65,"Land principally occupied by agriculture, with significant areas of natural vegetation",8.0,4.0
S2A_MSIL2A_20171002T112111_N9999_R037_T29SNB_90_54,Agro-forestry areas,4.0,4.0
S2A_MSIL2A_20171002T112111_N9999_R037_T29SNB_90_88,Marine waters,3.0,3.0
S2A_MSIL2A_20171002T112111_N9999_R037_T29SNC_03_64,Marine waters,3.0,3.0
S2A_MSIL2A_20171002T112111_N9999_R037_T29SNC_04_44,Marine waters,3.0,3.0
S2A_MSIL2A_20171002T112111_N9999_R037_T29SNC_04_79,Marine waters,3.0,3.0
S2A_MSIL2A_20171002T112111_N9999_R037_T29SNC_04_88,Marine waters,3.0,3.0
S2A_MSIL2A_20171002T112111_N9999_R037_T29SNC_07_26,Complex cultivation patterns,5.0,0.0
S2A_MSIL2A_20171002T112111_N9999_R037_T29SNC_08_57,Marine waters,3.0,3.0
S2A_MSIL2A_20171002T112111_N9999_R037_T29SNC_09_08,Broad-leaved forest,2.0,2.0
S2A_MSIL2A_20171002T112111_N9999_R037_T29SNC_09_21,Complex cultivation patterns,5.0,4.0
S2A_MSIL2A_20171002T112111_N9999_R037_T29SNC_09_60,Marine waters,3.0,3.0
S2A_MSIL2A_20171002T112111_N9999_R037_T29SNC_09_63,Marine waters,3.0,3.0
S2A_MSIL2A_20171002T112111_N9999_R037_T29SNC_10_54,Marine waters,3.0,3.0
S2A_MSIL2A_20171002T112111_N9999_R037_T29SNC_10_65,Marine waters,3.0,3.0
S2A_MSIL2A_20171002T112111_N9999_R037_T29SNC_11_12,Agro-forestry areas,4.0,4.0
S2A_MSIL2A_20171002T112111_N9999_R037_T29SNC_12_14,Agro-forestry areas,4.0,0.0
S2A_MSIL2A_20171002T112111_N9999_R037_T29SNC_12_42,Marine waters,3.0,3.0
S2A_MSIL2A_20171002T112111_N9999_R037_T29SNC_12_77,Complex cultivation patterns,5.0,4.0
S2A_MSIL2A_20171002T112111_N9999_R037_T29SNC_12_88,Marine waters,3.0,3.0
S2A_MSIL2A_20171002T112111_N9999_R037_T29SNC_13_04,Broad-leaved forest,2.0,4.0
S2A_MSIL2A_20171002T112111_N9999_R037_T29SNC_13_05,Broad-leaved forest,2.0,4.0
S2A_MSIL2A_20171002T112111_N9999_R037_T29SNC_13_58,Marine waters,3.0,3.0
S2A_MSIL2A_20171002T112111_N9999_R037_T29SNC_14_67,"Beaches, dunes, sands",13.0,13.0
S2A_MSIL2A_20171002T112111_N9999_R037_T29SNC_15_14,Agro-forestry areas,4.0,0.0
S2A_MSIL2A_20171002T112111_N9999_R037_T29SNC_15_32,"Beaches, dunes, sands",13.0,0.0
S2A_MSIL2A_20171002T112111_N9999_R037_T29SNC_18_04,Broad-leaved forest,2.0,4.0
S2A_MSIL2A_20171002T112111_N9999_R037_T29SNC_19_04,Broad-leaved forest,2.0,0.0
S2A_MSIL2A_20171002T112111_N9999_R037_T29SNC_19_35,Coastal wetlands,16.0,3.0
S2A_MSIL2A_20171002T112111_N9999_R037_T29SNC_19_75,Agro-forestry areas,4.0,4.0
S2A_MSIL2A_20171002T112111_N9999_R037_T29SNC_19_79,Broad-leaved forest,2.0,4.0
S2A_MSIL2A_20171002T112111_N9999_R037_T29SNC_20_09,Agro-forestry areas,4.0,4.0
S2A_MSIL2A_20171002T112111_N9999_R037_T29SNC_21_43,Arable land,0.0,0.0
S2A_MSIL2A_20171002T112111_N9999_R037_T29SNC_21_52,Coniferous forest,1.0,4.0
S2A_MSIL2A_20171002T112111_N9999_R037_T29SNC_22_36,Broad-leaved forest,2.0,1.0
S2A_MSIL2A_20171002T112111_N9999_R037_T29SNC_22_70,Agro-forestry areas,4.0,4.0
S2A_MSIL2A_20171002T112111_N9999_R037_T29SNC_22_75,Arable land,0.0,2.0
S2A_MSIL2A_20171002T112111_N9999_R037_T29SNC_23_31,Agro-forestry areas,4.0,0.0
S2A_MSIL2A_20171002T112111_N9999_R037_T29SNC_23_39,Arable land,0.0,0.0
S2A_MSIL2A_20171002T112111_N9999_R037_T29SNC_23_48,Arable land,0.0,0.0
S2A_MSIL2A_20171002T112111_N9999_R037_T29SNC_25_05,Arable land,0.0,0.0
S2A_MSIL2A_20171002T112111_N9999_R037_T29SNC_25_07,Arable land,0.0,4.0
S2A_MSIL2A_20171002T112111_N9999_R037_T29SNC_25_36,Broad-leaved forest,2.0,4.0
S2A_MSIL2A_20171002T112111_N9999_R037_T29SNC_25_41,Arable land,0.0,0.0
S2A_MSIL2A_20171002T112111_N9999_R037_T29SNC_26_15,Arable land,0.0,0.0
S2A_MSIL2A_20171002T112111_N9999_R037_T29SNC_26_71,Arable land,0.0,4.0
S2A_MSIL2A_20171002T112111_N9999_R037_T29SNC_27_22,Arable land,0.0,4.0
S2A_MSIL2A_20171002T112111_N9999_R037_T29SNC_27_67,Broad-leaved forest,2.0,4.0
S2A_MSIL2A_20171002T112111_N9999_R037_T29SNC_28_46,Broad-leaved forest,2.0,0.0
S2A_MSIL2A_20171002T112111_N9999_R037_T29SNC_28_80,Agro-forestry areas,4.0,4.0
S2A_MSIL2A_20171002T112111_N9999_R037_T29SNC_28_82,Agro-forestry areas,4.0,0.0
S2A_MSIL2A_20171002T112111_N9999_R037_T29SNC_29_44,Arable land,0.0,0.0
S2A_MSIL2A_20171002T112111_N9999_R037_T29SNC_29_58,Broad-leaved forest,2.0,4.0
S2A_MSIL2A_20171002T112111_N9999_R037_T29SNC_30_42,Arable land,0.0,0.0
S2A_MSIL2A_20171002T112111_N9999_R037_T29SNC_31_02,Agro-forestry areas,4.0,0.0
S2A_MSIL2A_20171002T112111_N9999_R037_T29SNC_31_03,Agro-forestry areas,4.0,4.0
S2A_MSIL2A_20171002T112111_N9999_R037_T29SNC_31_87,Arable land,0.0,4.0
S2A_MSIL2A_20171002T112111_N9999_R037_T29SNC_32_41,Arable land,0.0,0.0
S2A_MSIL2A_20171002T112111_N9999_R037_T29SNC_33_06,Agro-forestry areas,4.0,4.0
S2A_MSIL2A_20171002T112111_N9999_R037_T29SNC_33_63,Agro-forestry areas,4.0,4.0
S2A_MSIL2A_20171002T112111_N9999_R037_T29SNC_33_72,Agro-forestry areas,4.0,4.0
S2A_MSIL2A_20171002T112111_N9999_R037_T29SNC_34_01,Agro-forestry areas,4.0,4.0
S2A_MSIL2A_20171002T112111_N9999_R037_T29SNC_34_05,Agro-forestry areas,4.0,4.0
S2A_MSIL2A_20171002T112111_N9999_R037_T29SNC_35_29,Agro-forestry areas,4.0,4.0
S2A_MSIL2A_20171002T112111_N9999_R037_T29SNC_35_87,Agro-forestry areas,4.0,4.0
S2A_MSIL2A_20171002T112111_N9999_R037_T29SNC_37_59,Agro-forestry areas,4.0,4.0
S2A_MSIL2A_20171002T112111_N9999_R037_T29SNC_38_46,Agro-forestry areas,4.0,2.0
S2A_MSIL2A_20171002T112111_N9999_R037_T29SNC_38_58,Agro-forestry areas,4.0,4.0
S2A_MSIL2A_20171002T112111_N9999_R037_T29SNC_38_69,Agro-forestry areas,4.0,0.0
S2A_MSIL2A_20171002T112111_N9999_R037_T29SNC_38_73,Agro-forestry areas,4.0,0.0
S2A_MSIL2A_20171002T112111_N9999_R037_T29SNC_38_75,Agro-forestry areas,4.0,4.0
S2A_MSIL2A_20171002T112111_N9999_R037_T29SNC_39_16,Agro-forestry areas,4.0,4.0
S2A_MSIL2A_20171002T112111_N9999_R037_T29SNC_40_66,Agro-forestry areas,4.0,4.0
S2A_MSIL2A_20171002T112111_N9999_R037_T29SNC_40_79,Broad-leaved forest,2.0,4.0
S2A_MSIL2A_20171002T112111_N9999_R037_T29SNC_41_83,Agro-forestry areas,4.0,4.0
S2A_MSIL2A_20171002T112111_N9999_R037_T29SNC_42_33,Agro-forestry areas,4.0,4.0
S2A_MSIL2A_20171002T112111_N9999_R037_T29SNC_42_63,Agro-forestry areas,4.0,0.0
S2A_MSIL2A_20171002T112111_N9999_R037_T29SNC_42_90,Agro-forestry areas,4.0,4.0
S2A_MSIL2A_20171002T112111_N9999_R037_T29SNC_43_17,Agro-forestry areas,4.0,4.0
S2A_MSIL2A_20171002T112111_N9999_R037_T29SNC_43_75,Arable land,0.0,4.0
S2A_MSIL2A_20171002T112111_N9999_R037_T29SNC_43_89,Agro-forestry areas,4.0,4.0
S2A_MSIL2A_20171002T112111_N9999_R037_T29SNC_45_52,Agro-forestry areas,4.0,0.0
S2A_MSIL2A_20171002T112111_N9999_R037_T29SNC_46_27,Agro-forestry areas,4.0,4.0
S2A_MSIL2A_20171002T112111_N9999_R037_T29SNC_47_19,Agro-forestry areas,4.0,4.0
S2A_MSIL2A_20171002T112111_N9999_R037_T29SNC_47_46,Broad-leaved forest,2.0,4.0
S2A_MSIL2A_20171002T112111_N9999_R037_T29SNC_47_51,Broad-leaved forest,2.0,4.0
S2A_MSIL2A_20171002T112111_N9999_R037_T29SNC_48_04,Broad-leaved forest,2.0,4.0
S2A_MSIL2A_20171002T112111_N9999_R037_T29SNC_48_17,Agro-forestry areas,4.0,4.0
S2A_MSIL2A_20171002T112111_N9999_R037_T29SNC_49_09,Agro-forestry areas,4.0,4.0
S2A_MSIL2A_20171002T112111_N9999_R037_T29SNC_49_27,Agro-forestry areas,4.0,4.0
S2A_MSIL2A_20171002T112111_N9999_R037_T29SNC_49_47,Arable land,0.0,4.0
S2A_MSIL2A_20171002T112111_N9999_R037_T29SNC_51_58,Agro-forestry areas,4.0,4.0
S2A_MSIL2A_20171002T112111_N9999_R037_T29SNC_52_43,Agro-forestry areas,4.0,0.0
S2A_MSIL2A_20171002T112111_N9999_R037_T29SNC_52_81,Arable land,0.0,0.0
S2A_MSIL2A_20171002T112111_N9999_R037_T29SNC_53_25,Agro-forestry areas,4.0,0.0
S2A_MSIL2A_20171002T112111_N9999_R037_T29SNC_53_37,Agro-forestry areas,4.0,0.0
S2A_MSIL2A_20171002T112111_N9999_R037_T29SNC_54_56,Agro-forestry areas,4.0,4.0
S2A_MSIL2A_20171002T112111_N9999_R037_T29SNC_54_74,Arable land,0.0,0.0
S2A_MSIL2A_20171002T112111_N9999_R037_T29SNC_56_60,Agro-forestry areas,4.0,0.0
S2A_MSIL2A_20171002T112111_N9999_R037_T29SNC_57_33,Agro-forestry areas,4.0,4.0
S2A_MSIL2A_20171002T112111_N9999_R037_T29SNC_57_39,Agro-forestry areas,4.0,4.0
S2A_MSIL2A_20171002T112111_N9999_R037_T29SNC_57_83,Arable land,0.0,4.0
S2A_MSIL2A_20171002T112111_N9999_R037_T29SNC_58_17,Agro-forestry areas,4.0,5.0
S2A_MSIL2A_20171002T112111_N9999_R037_T29SNC_59_11,Agro-forestry areas,4.0,4.0
S2A_MSIL2A_20171002T112111_N9999_R037_T29SNC_59_63,Agro-forestry areas,4.0,0.0
S2A_MSIL2A_20171002T112111_N9999_R037_T29SNC_61_28,Agro-forestry areas,4.0,4.0
S2A_MSIL2A_20171002T112111_N9999_R037_T29SNC_61_45,Agro-forestry areas,4.0,4.0
S2A_MSIL2A_20171002T112111_N9999_R037_T29SNC_62_14,Agro-forestry areas,4.0,4.0
S2A_MSIL2A_20171002T112111_N9999_R037_T29SNC_62_67,Agro-forestry areas,4.0,0.0
S2A_MSIL2A_20171002T112111_N9999_R037_T29SNC_62_68,Agro-forestry areas,4.0,0.0
S2A_MSIL2A_20171002T112111_N9999_R037_T29SNC_62_89,Arable land,0.0,0.0
S2A_MSIL2A_20171002T112111_N9999_R037_T29SNC_63_04,Agro-forestry areas,4.0,4.0
S2A_MSIL2A_20171002T112111_N9999_R037_T29SNC_64_28,Agro-forestry areas,4.0,4.0
S2A_MSIL2A_20171002T112111_N9999_R037_T29SNC_64_64,Permanent crops,15.0,4.0
S2A_MSIL2A_20171002T112111_N9999_R037_T29SNC_64_67,Agro-forestry areas,4.0,4.0
S2A_MSIL2A_20171002T112111_N9999_R037_T29SNC_65_33,Agro-forestry areas,4.0,4.0
S2A_MSIL2A_20171002T112111_N9999_R037_T29SNC_66_08,Agro-forestry areas,4.0,4.0
S2A_MSIL2A_20171002T112111_N9999_R037_T29SNC_66_22,Agro-forestry areas,4.0,4.0
S2A_MSIL2A_20171002T112111_N9999_R037_T29SNC_66_34,Agro-forestry areas,4.0,4.0
S2A_MSIL2A_20171002T112111_N9999_R037_T29SNC_66_62,Agro-forestry areas,4.0,4.0
S2A_MSIL2A_20171002T112111_N9999_R037_T29SNC_66_68,Arable land,0.0,0.0
S2A_MSIL2A_20171002T112111_N9999_R037_T29SNC_67_40,Agro-forestry areas,4.0,4.0
S2A_MSIL2A_20171002T112111_N9999_R037_T29SNC_67_55,Agro-forestry areas,4.0,4.0
S2A_MSIL2A_20171002T112111_N9999_R037_T29SNC_67_65,Arable land,0.0,0.0
S2A_MSIL2A_20171002T112111_N9999_R037_T29SNC_67_66,Arable land,0.0,4.0
S2A_MSIL2A_20171002T112111_N9999_R037_T29SNC_68_08,Agro-forestry areas,4.0,4.0
S2A_MSIL2A_20171002T112111_N9999_R037_T29SNC_68_11,Agro-forestry areas,4.0,4.0
S2A_MSIL2A_20171002T112111_N9999_R037_T29SNC_68_51,Agro-forestry areas,4.0,4.0
S2A_MSIL2A_20171002T112111_N9999_R037_T29SNC_68_59,Agro-forestry areas,4.0,4.0
S2A_MSIL2A_20171002T112111_N9999_R037_T29SNC_70_37,Agro-forestry areas,4.0,0.0
S2A_MSIL2A_20171002T112111_N9999_R037_T29SNC_72_29,Agro-forestry areas,4.0,4.0
S2A_MSIL2A_20171002T112111_N9999_R037_T29SNC_72_40,Agro-forestry areas,4.0,4.0
S2A_MSIL2A_20171002T112111_N9999_R037_T29SNC_72_72,Agro-forestry areas,4.0,0.0
S2A_MSIL2A_20171002T112111_N9999_R037_T29SNC_72_81,Arable land,0.0,0.0
S2A_MSIL2A_20171002T112111_N9999_R037_T29SNC_74_34,Arable land,0.0,0.0
S2A_MSIL2A_20171002T112111_N9999_R037_T29SNC_75_61,Agro-forestry areas,4.0,4.0
S2A_MSIL2A_20171002T112111_N9999_R037_T29SNC_76_40,Agro-forestry areas,4.0,0.0
S2A_MSIL2A_20171002T112111_N9999_R037_T29SNC_77_77,Arable land,0.0,0.0
S2A_MSIL2A_20171002T112111_N9999_R037_T29SNC_78_13,Agro-forestry areas,4.0,0.0
S2A_MSIL2A_20171002T112111_N9999_R037_T29SNC_78_42,Agro-forestry areas,4.0,4.0
S2A_MSIL2A_20171002T112111_N9999_R037_T29SNC_78_52,Agro-forestry areas,4.0,4.0
S2A_MSIL2A_20171002T112111_N9999_R037_T29SNC_80_01,Agro-forestry areas,4.0,0.0
S2A_MSIL2A_20171002T112111_N9999_R037_T29SNC_80_77,Arable land,0.0,0.0
S2A_MSIL2A_20171002T112111_N9999_R037_T29SNC_82_13,Agro-forestry areas,4.0,4.0
S2A_MSIL2A_20171002T112111_N9999_R037_T29SNC_82_60,Arable land,0.0,4.0
S2A_MSIL2A_20171002T112111_N9999_R037_T29SNC_83_21,Agro-forestry areas,4.0,0.0
S2A_MSIL2A_20171002T112111_N9999_R037_T29SNC_83_88,Agro-forestry areas,4.0,4.0
S2A_MSIL2A_20171002T112111_N9999_R037_T29SNC_84_25,Arable land,0.0,4.0
S2A_MSIL2A_20171002T112111_N9999_R037_T29SNC_84_81,Arable land,0.0,0.0
S2A_MSIL2A_20171002T112111_N9999_R037_T29SNC_85_05,Agro-forestry areas,4.0,0.0
S2A_MSIL2A_20171002T112111_N9999_R037_T29SNC_85_22,Agro-forestry areas,4.0,4.0
S2A_MSIL2A_20171002T112111_N9999_R037_T29SNC_85_48,Agro-forestry areas,4.0,4.0
S2A_MSIL2A_20171002T112111_N9999_R037_T29SNC_86_33,Agro-forestry areas,4.0,0.0
S2A_MSIL2A_20171002T112111_N9999_R037_T29SNC_86_57,Complex cultivation patterns,5.0,4.0
S2A_MSIL2A_20171002T112111_N9999_R037_T29SNC_86_71,Pastures,7.0,0.0
S2A_MSIL2A_20171002T112111_N9999_R037_T29SNC_86_90,Agro-forestry areas,4.0,4.0
S2A_MSIL2A_20171002T112111_N9999_R037_T29SNC_87_66,Agro-forestry areas,4.0,4.0
S2A_MSIL2A_20171002T112111_N9999_R037_T29SNC_88_64,Arable land,0.0,0.0
S2A_MSIL2A_20171002T112111_N9999_R037_T29SNC_89_41,Agro-forestry areas,4.0,4.0
S2A_MSIL2A_20171002T112111_N9999_R037_T29SNC_89_46,Agro-forestry areas,4.0,4.0
S2A_MSIL2A_20171002T112111_N9999_R037_T29SNC_89_51,Agro-forestry areas,4.0,0.0
S2A_MSIL2A_20171002T112111_N9999_R037_T29SNC_90_43,Agro-forestry areas,4.0,4.0
S2A_MSIL2A_20171015T095031_N9999_R079_T33UXP_00_09,Arable land,0.0,0.0
S2A_MSIL2A_20171015T095031_N9999_R079_T33UXP_00_28,Arable land,0.0,0.0
S2A_MSIL2A_20171015T095031_N9999_R079_T33UXP_00_85,Arable land,0.0,0.0
S2A_MSIL2A_20171015T095031_N9999_R079_T33UXP_00_90,Arable land,0.0,0.0
S2A_MSIL2A_20171015T095031_N9999_R079_T33UXP_01_02,Arable land,0.0,0.0
S2A_MSIL2A_20171015T095031_N9999_R079_T33UXP_01_29,Arable land,0.0,0.0
S2A_MSIL2A_20171015T095031_N9999_R079_T33UXP_01_61,Arable land,0.0,0.0
S2A_MSIL2A_20171015T095031_N9999_R079_T33UXP_02_26,Arable land,0.0,0.0
S2A_MSIL2A_20171015T095031_N9999_R079_T33UXP_02_40,Complex cultivation patterns,5.0,4.0
S2A_MSIL2A_20171015T095031_N9999_R079_T33UXP_03_70,Arable land,0.0,0.0
S2A_MSIL2A_20171015T095031_N9999_R079_T33UXP_03_80,Arable land,0.0,0.0
S2A_MSIL2A_20171015T095031_N9999_R079_T33UXP_04_47,Inland waters,6.0,2.0
S2A_MSIL2A_20171015T095031_N9999_R079_T33UXP_04_83,Arable land,0.0,0.0
S2A_MSIL2A_20171015T095031_N9999_R079_T33UXP_05_32,Arable land,0.0,0.0
S2A_MSIL2A_20171015T095031_N9999_R079_T33UXP_05_64,Arable land,0.0,0.0
S2A_MSIL2A_20171015T095031_N9999_R079_T33UXP_05_80,Arable land,0.0,0.0
S2A_MSIL2A_20171015T095031_N9999_R079_T33UXP_05_90,Arable land,0.0,0.0
S2A_MSIL2A_20171015T095031_N9999_R079_T33UXP_06_47,Industrial or commercial units,11.0,0.0
S2A_MSIL2A_20171015T095031_N9999_R079_T33UXP_06_87,Arable land,0.0,0.0
S2A_MSIL2A_20171015T095031_N9999_R079_T33UXP_07_21,Arable land,0.0,0.0
S2A_MSIL2A_20171015T095031_N9999_R079_T33UXP_07_64,Arable land,0.0,0.0
S2A_MSIL2A_20171015T095031_N9999_R079_T33UXP_08_07,Arable land,0.0,0.0
S2A_MSIL2A_20171015T095031_N9999_R079_T33UXP_08_37,Arable land,0.0,0.0
S2A_MSIL2A_20171015T095031_N9999_R079_T33UXP_08_39,Arable land,0.0,0.0
S2A_MSIL2A_20171015T095031_N9999_R079_T33UXP_08_48,Arable land,0.0,0.0
S2A_MSIL2A_20171015T095031_N9999_R079_T33UXP_09_17,Arable land,0.0,0.0
S2A_MSIL2A_20171015T095031_N9999_R079_T33UXP_09_28,Arable land,0.0,0.0
S2A_MSIL2A_20171015T095031_N9999_R079_T33UXP_10_07,Arable land,0.0,0.0
S2A_MSIL2A_20171015T095031_N9999_R079_T33UXP_10_25,Arable land,0.0,0.0
S2A_MSIL2A_20171015T095031_N9999_R079_T33UXP_11_03,Arable land,0.0,0.0
S2A_MSIL2A_20171015T095031_N9999_R079_T33UXP_11_74,Arable land,0.0,0.0
S2A_MSIL2A_20171015T095031_N9999_R079_T33UXP_13_38,Arable land,0.0,0.0
S2A_MSIL2A_20171015T095031_N9999_R079_T33UXP_13_50,Arable land,0.0,0.0
S2A_MSIL2A_20171015T095031_N9999_R079_T33UXP_13_90,Arable land,0.0,0.0
S2A_MSIL2A_20171015T095031_N9999_R079_T33UXP_14_73,Arable land,0.0,0.0
S2A_MSIL2A_20171015T095031_N9999_R079_T33UXP_15_06,Arable land,0.0,0.0
S2A_MSIL2A_20171015T095031_N9999_R079_T33UXP_15_54,Arable land,0.0,0.0
S2A_MSIL2A_20171015T095031_N9999_R079_T33UXP_16_02,Arable land,0.0,0.0
S2A_MSIL2A_20171015T095031_N9999_R079_T33UXP_16_07,Arable land,0.0,0.0
S2A_MSIL2A_20171015T095031_N9999_R079_T33UXP_16_20,Arable land,0.0,0.0
S2A_MSIL2A_20171015T095031_N9999_R079_T33UXP_16_52,Arable land,0.0,0.0
S2A_MSIL2A_20171015T095031_N9999_R079_T33UXP_16_74,Broad-leaved forest,2.0,1.0
S2A_MSIL2A_20171015T095031_N9999_R079_T33UXP_17_27,Arable land,0.0,0.0
S2A_MSIL2A_20171015T095031_N9999_R079_T33UXP_18_07,Arable land,0.0,0.0
S2A_MSIL2A_20171015T095031_N9999_R079_T33UXP_18_45,Arable land,0.0,0.0
S2A_MSIL2A_20171015T095031_N9999_R079_T33UXP_19_10,Arable land,0.0,0.0
S2A_MSIL2A_20171015T095031_N9999_R079_T33UXP_19_66,Arable land,0.0,0.0
S2A_MSIL2A_20171015T095031_N9999_R079_T33UXP_21_30,Arable land,0.0,0.0
S2A_MSIL2A_20171015T095031_N9999_R079_T33UXP_22_25,Arable land,0.0,0.0
S2A_MSIL2A_20171015T095031_N9999_R079_T33UXP_22_46,Arable land,0.0,0.0
S2A_MSIL2A_20171015T095031_N9999_R079_T33UXP_22_51,Arable land,0.0,0.0
S2A_MSIL2A_20171015T095031_N9999_R079_T33UXP_23_61,Arable land,0.0,0.0
S2A_MSIL2A_20171015T095031_N9999_R079_T33UXP_24_26,Arable land,0.0,0.0
S2A_MSIL2A_20171015T095031_N9999_R079_T33UXP_24_31,Arable land,0.0,0.0
S2A_MSIL2A_20171015T095031_N9999_R079_T33UXP_24_62,Permanent crops,15.0,0.0
S2A_MSIL2A_20171015T095031_N9999_R079_T33UXP_25_32,Arable land,0.0,0.0
S2A_MSIL2A_20171015T095031_N9999_R079_T33UXP_25_77,Inland waters,6.0,0.0
S2A_MSIL2A_20171015T095031_N9999_R079_T33UXP_26_27,Arable land,0.0,0.0
S2A_MSIL2A_20171015T095031_N9999_R079_T33UXP_26_34,Arable land,0.0,0.0
S2A_MSIL2A_20171015T095031_N9999_R079_T33UXP_26_42,Arable land,0.0,0.0
S2A_MSIL2A_20171015T095031_N9999_R079_T33UXP_27_42,Arable land,0.0,0.0
S2A_MSIL2A_20171015T095031_N9999_R079_T33UXP_28_42,Arable land,0.0,0.0
S2A_MSIL2A_20171015T095031_N9999_R079_T33UXP_29_32,Arable land,0.0,0.0
S2A_MSIL2A_20171015T095031_N9999_R079_T33UXP_29_80,Inland waters,6.0,6.0
S2A_MSIL2A_20171015T095031_N9999_R079_T33UXP_30_50,Arable land,0.0,0.0
S2A_MSIL2A_20171015T095031_N9999_R079_T33UXP_31_09,Arable land,0.0,0.0
S2A_MSIL2A_20171015T095031_N9999_R079_T33UXP_32_59,Arable land,0.0,0.0
S2A_MSIL2A_20171015T095031_N9999_R079_T33UXP_32_60,Arable land,0.0,0.0
S2A_MSIL2A_20171015T095031_N9999_R079_T33UXP_33_02,Arable land,0.0,0.0
S2A_MSIL2A_20171015T095031_N9999_R079_T33UXP_33_47,Arable land,0.0,0.0
S2A_MSIL2A_20171015T095031_N9999_R079_T33UXP_34_42,Broad-leaved forest,2.0,0.0
S2A_MSIL2A_20171015T095031_N9999_R079_T33UXP_34_79,Arable land,0.0,0.0
S2A_MSIL2A_20171015T095031_N9999_R079_T33UXP_35_80,Permanent crops,15.0,4.0
S2A_MSIL2A_20171015T095031_N9999_R079_T33UXP_36_54,Broad-leaved forest,2.0,0.0
S2A_MSIL2A_20171015T095031_N9999_R079_T33UXP_36_69,Arable land,0.0,0.0
S2A_MSIL2A_20171015T095031_N9999_R079_T33UXP_37_49,Arable land,0.0,0.0
S2A_MSIL2A_20171015T095031_N9999_R079_T33UXP_37_51,Arable land,0.0,0.0
S2A_MSIL2A_20171015T095031_N9999_R079_T33UXP_39_78,Arable land,0.0,0.0
S2A_MSIL2A_20171015T095031_N9999_R079_T33UXP_40_53,Arable land,0.0,0.0
S2A_MSIL2A_20171015T095031_N9999_R079_T33UXP_40_75,Arable land,0.0,0.0
S2A_MSIL2A_20171015T095031_N9999_R079_T33UXP_42_76,Arable land,0.0,0.0
S2A_MSIL2A_20171015T095031_N9999_R079_T33UXP_43_80,Arable land,0.0,0.0
S2A_MSIL2A_20171015T095031_N9999_R079_T33UXP_44_73,Arable land,0.0,0.0
S2A_MSIL2A_20171015T095031_N9999_R079_T33UXP_44_86,Arable land,0.0,0.0
S2A_MSIL2A_20171015T095031_N9999_R079_T33UXP_45_71,Arable land,0.0,0.0
S2A_MSIL2A_20171015T095031_N9999_R079_T33UXP_45_76,Arable land,0.0,0.0
S2A_MSIL2A_20171015T095031_N9999_R079_T33UXP_46_79,Arable land,0.0,0.0
S2A_MSIL2A_20171015T095031_N9999_R079_T33UXP_48_71,Arable land,0.0,4.0
S2A_MSIL2A_20171101T094131_N9999_R036_T35VNJ_00_26,Inland waters,6.0,1.0
S2A_MSIL2A_20171101T094131_N9999_R036_T35VNJ_00_56,Coniferous forest,1.0,1.0
S2A_MSIL2A_20171101T094131_N9999_R036_T35VNJ_01_10,Arable land,0.0,1.0
S2A_MSIL2A_20171101T094131_N9999_R036_T35VNJ_01_55,Coniferous forest,1.0,1.0
S2A_MSIL2A_20171101T094131_N9999_R036_T35VNJ_01_74,Coniferous forest,1.0,1.0
S2A_MSIL2A_20171101T094131_N9999_R036_T35VNJ_02_19,Coniferous forest,1.0,6.0
S2A_MSIL2A_20171101T094131_N9999_R036_T35VNJ_04_32,Coniferous forest,1.0,1.0
S2A_MSIL2A_20171101T094131_N9999_R036_T35VNJ_05_19,Coniferous forest,1.0,1.0
S2A_MSIL2A_20171101T094131_N9999_R036_T35VNJ_05_53,Coniferous forest,1.0,1.0
S2A_MSIL2A_20171101T094131_N9999_R036_T35VNJ_05_78,Coniferous forest,1.0,1.0
S2A_MSIL2A_20171101T094131_N9999_R036_T35VNJ_07_00,Coniferous forest,1.0,1.0
S2A_MSIL2A_20171101T094131_N9999_R036_T35VNJ_07_70,Coniferous forest,1.0,1.0
S2A_MSIL2A_20171101T094131_N9999_R036_T35VNJ_07_76,Coniferous forest,1.0,1.0
S2A_MSIL2A_20171101T094131_N9999_R036_T35VNJ_09_04,Coniferous forest,1.0,1.0
S2A_MSIL2A_20171101T094131_N9999_R036_T35VNJ_09_87,Coniferous forest,1.0,1.0
S2A_MSIL2A_20171101T094131_N9999_R036_T35VNJ_10_51,Arable land,0.0,1.0
S2A_MSIL2A_20171101T094131_N9999_R036_T35VNJ_11_81,Coniferous forest,1.0,1.0
S2A_MSIL2A_20171101T094131_N9999_R036_T35VNJ_12_61,Arable land,0.0,1.0
S2A_MSIL2A_20171101T094131_N9999_R036_T35VNJ_14_01,Coniferous forest,1.0,1.0
S2A_MSIL2A_20171101T094131_N9999_R036_T35VNJ_14_39,Coniferous forest,1.0,1.0
S2A_MSIL2A_20171101T094131_N9999_R036_T35VNJ_17_88,Coniferous forest,1.0,1.0
S2A_MSIL2A_20171101T094131_N9999_R036_T35VNJ_17_89,Coniferous forest,1.0,1.0
S2A_MSIL2A_20171101T094131_N9999_R036_T35VNJ_18_54,Broad-leaved forest,2.0,2.0
S2A_MSIL2A_20171101T094131_N9999_R036_T35VNJ_18_79,Coniferous forest,1.0,1.0
S2A_MSIL2A_20171101T094131_N9999_R036_T35VNJ_19_06,Coniferous forest,1.0,1.0
S2A_MSIL2A_20171101T094131_N9999_R036_T35VNJ_19_68,Coniferous forest,1.0,1.0
S2A_MSIL2A_20171101T094131_N9999_R036_T35VNJ_19_90,Coniferous forest,1.0,1.0
S2A_MSIL2A_20171101T094131_N9999_R036_T35VNJ_20_18,Coniferous forest,1.0,1.0
S2A_MSIL2A_20171101T094131_N9999_R036_T35VNJ_21_74,Coniferous forest,1.0,1.0
S2A_MSIL2A_20171101T094131_N9999_R036_T35VNJ_22_62,Coniferous forest,1.0,2.0
S2A_MSIL2A_20171101T094131_N9999_R036_T35VNJ_22_81,Coniferous forest,1.0,1.0
S2A_MSIL2A_20171101T094131_N9999_R036_T35VNJ_23_63,Coniferous forest,1.0,1.0
S2A_MSIL2A_20171101T094131_N9999_R036_T35VNJ_25_21,Arable land,0.0,1.0
S2A_MSIL2A_20171101T094131_N9999_R036_T35VNJ_25_51,Coniferous forest,1.0,1.0
S2A_MSIL2A_20171101T094131_N9999_R036_T35VNJ_25_71,Coniferous forest,1.0,1.0
S2A_MSIL2A_20171101T094131_N9999_R036_T35VNJ_26_67,Inland waters,6.0,1.0
S2A_MSIL2A_20171101T094131_N9999_R036_T35VNJ_26_70,Coniferous forest,1.0,1.0
S2A_MSIL2A_20171101T094131_N9999_R036_T35VNJ_27_48,Coniferous forest,1.0,1.0
S2A_MSIL2A_20171101T094131_N9999_R036_T35VNJ_27_89,Coniferous forest,1.0,1.0
S2A_MSIL2A_20171101T094131_N9999_R036_T35VNJ_32_09,Coniferous forest,1.0,1.0
S2A_MSIL2A_20171101T094131_N9999_R036_T35VNJ_32_21,Coniferous forest,1.0,1.0
S2A_MSIL2A_20171101T094131_N9999_R036_T35VNJ_32_30,Coniferous forest,1.0,1.0
S2A_MSIL2A_20171101T094131_N9999_R036_T35VNJ_34_60,Broad-leaved forest,2.0,1.0
S2A_MSIL2A_20171101T094131_N9999_R036_T35VNJ_37_30,Coniferous forest,1.0,1.0
S2A_MSIL2A_20171101T094131_N9999_R036_T35VNJ_38_03,Arable land,0.0,1.0
S2A_MSIL2A_20171101T094131_N9999_R036_T35VNJ_38_79,Coniferous forest,1.0,1.0
S2A_MSIL2A_20171101T094131_N9999_R036_T35VNJ_40_46,Arable land,0.0,1.0
S2A_MSIL2A_20171101T094131_N9999_R036_T35VNJ_40_51,Coniferous forest,1.0,1.0
S2A_MSIL2A_20171101T094131_N9999_R036_T35VNJ_41_38,Arable land,0.0,1.0
S2A_MSIL2A_20171101T094131_N9999_R036_T35VNJ_42_53,Coniferous forest,1.0,1.0
S2A_MSIL2A_20171101T094131_N9999_R036_T35VNJ_42_57,Coniferous forest,1.0,1.0
S2A_MSIL2A_20171101T094131_N9999_R036_T35VNJ_42_63,Coniferous forest,1.0,1.0
S2A_MSIL2A_20171101T094131_N9999_R036_T35VNJ_44_64,Coniferous forest,1.0,1.0
S2A_MSIL2A_20171101T094131_N9999_R036_T35VNJ_46_15,Arable land,0.0,1.0
S2A_MSIL2A_20171101T094131_N9999_R036_T35VNJ_47_00,Coniferous forest,1.0,1.0
S2A_MSIL2A_20171101T094131_N9999_R036_T35VNJ_49_41,Coniferous forest,1.0,1.0
S2A_MSIL2A_20171101T094131_N9999_R036_T35VNJ_49_83,Coniferous forest,1.0,1.0
S2A_MSIL2A_20171101T094131_N9999_R036_T35VNJ_50_27,Coniferous forest,1.0,1.0
S2A_MSIL2A_20171101T094131_N9999_R036_T35VNJ_50_57,Coniferous forest,1.0,1.0
S2A_MSIL2A_20171101T094131_N9999_R036_T35VNJ_52_01,Coniferous forest,1.0,1.0
S2A_MSIL2A_20171101T094131_N9999_R036_T35VNJ_52_40,Coniferous forest,1.0,1.0
S2A_MSIL2A_20171101T094131_N9999_R036_T35VNJ_52_41,Coniferous forest,1.0,1.0
S2A_MSIL2A_20171101T094131_N9999_R036_T35VNJ_53_65,Coniferous forest,1.0,6.0
S2A_MSIL2A_20171101T094131_N9999_R036_T35VNJ_55_45,Coniferous forest,1.0,1.0
S2A_MSIL2A_20171101T094131_N9999_R036_T35VNJ_55_52,Coniferous forest,1.0,1.0
S2A_MSIL2A_20171101T094131_N9999_R036_T35VNJ_55_61,Coniferous forest,1.0,1.0
S2A_MSIL2A_20171101T094131_N9999_R036_T35VNJ_58_25,Coniferous forest,1.0,1.0
S2A_MSIL2A_20171101T094131_N9999_R036_T35VNJ_59_10,Inland waters,6.0,1.0
S2A_MSIL2A_20171101T094131_N9999_R036_T35VNJ_60_15,Broad-leaved forest,2.0,1.0
S2A_MSIL2A_20171101T094131_N9999_R036_T35VNJ_60_80,Coniferous forest,1.0,1.0
S2A_MSIL2A_20171101T094131_N9999_R036_T35VNJ_61_44,Inland waters,6.0,1.0
S2A_MSIL2A_20171101T094131_N9999_R036_T35VNJ_63_81,Coniferous forest,1.0,1.0
S2A_MSIL2A_20171101T094131_N9999_R036_T35VNJ_70_50,Inland waters,6.0,1.0
S2A_MSIL2A_20171101T094131_N9999_R036_T35VNJ_72_31,Coniferous forest,1.0,1.0
S2A_MSIL2A_20171101T094131_N9999_R036_T35VNJ_72_49,Inland waters,6.0,6.0
S2A_MSIL2A_20171101T094131_N9999_R036_T35VNJ_72_60,Coniferous forest,1.0,1.0
S2A_MSIL2A_20171101T094131_N9999_R036_T35VNJ_75_33,Coniferous forest,1.0,1.0
S2A_MSIL2A_20171101T094131_N9999_R036_T35VNJ_75_79,Arable land,0.0,1.0
S2A_MSIL2A_20171101T094131_N9999_R036_T35VNJ_76_31,Coniferous forest,1.0,1.0
S2A_MSIL2A_20171101T094131_N9999_R036_T35VNJ_78_65,Coniferous forest,1.0,1.0
S2A_MSIL2A_20171101T094131_N9999_R036_T35VNJ_79_14,Coniferous forest,1.0,1.0
S2A_MSIL2A_20171101T094131_N9999_R036_T35VNJ_80_11,Coniferous forest,1.0,1.0
S2A_MSIL2A_20171101T094131_N9999_R036_T35VNJ_81_06,Coniferous forest,1.0,1.0
S2A_MSIL2A_20171101T094131_N9999_R036_T35VNJ_81_22,Coniferous forest,1.0,1.0
S2A_MSIL2A_20171101T094131_N9999_R036_T35VNJ_82_34,Coniferous forest,1.0,3.0
S2A_MSIL2A_20171101T094131_N9999_R036_T35VNJ_83_54,Coniferous forest,1.0,1.0
S2A_MSIL2A_20171101T094131_N9999_R036_T35VNJ_84_73,Broad-leaved forest,2.0,1.0
S2A_MSIL2A_20171101T094131_N9999_R036_T35VNJ_87_73,Coniferous forest,1.0,1.0
S2A_MSIL2A_20171101T094131_N9999_R036_T35VNJ_87_76,Coniferous forest,1.0,1.0
S2A_MSIL2A_20171101T094131_N9999_R036_T35VNJ_88_33,Coniferous forest,1.0,1.0
S2A_MSIL2A_20171101T094131_N9999_R036_T35VNJ_89_09,Arable land,0.0,1.0
S2A_MSIL2A_20171101T094131_N9999_R036_T35VNJ_89_53,Coniferous forest,1.0,1.0
S2A_MSIL2A_20171101T094131_N9999_R036_T35VNJ_90_37,Broad-leaved forest,2.0,1.0
S2A_MSIL2A_20171101T094131_N9999_R036_T35VNJ_90_49,Coniferous forest,1.0,1.0
S2A_MSIL2A_20171101T094131_N9999_R036_T35VNK_00_05,Coniferous forest,1.0,1.0
S2A_MSIL2A_20171101T094131_N9999_R036_T35VNK_00_33,Coniferous forest,1.0,1.0
S2A_MSIL2A_20171101T094131_N9999_R036_T35VNK_00_62,Coniferous forest,1.0,1.0
S2A_MSIL2A_20171101T094131_N9999_R036_T35VNK_00_64,Coniferous forest,1.0,1.0
S2A_MSIL2A_20171101T094131_N9999_R036_T35VNK_03_25,Inland waters,6.0,1.0
S2A_MSIL2A_20171101T094131_N9999_R036_T35VNK_04_49,Coniferous forest,1.0,1.0
S2A_MSIL2A_20171101T094131_N9999_R036_T35VNK_04_70,Coniferous forest,1.0,1.0
S2A_MSIL2A_20171101T094131_N9999_R036_T35VNK_05_06,Coniferous forest,1.0,1.0
S2A_MSIL2A_20171101T094131_N9999_R036_T35VNK_05_42,Arable land,0.0,1.0
S2A_MSIL2A_20171101T094131_N9999_R036_T35VNK_07_57,Coniferous forest,1.0,1.0
S2A_MSIL2A_20171101T094131_N9999_R036_T35VNK_07_76,Industrial or commercial units,11.0,1.0
S2A_MSIL2A_20171101T094131_N9999_R036_T35VNK_07_86,Coniferous forest,1.0,1.0
S2A_MSIL2A_20171101T094131_N9999_R036_T35VNK_08_33,Coniferous forest,1.0,1.0
S2A_MSIL2A_20171101T094131_N9999_R036_T35VNK_08_49,Arable land,0.0,1.0
S2A_MSIL2A_20171101T094131_N9999_R036_T35VNK_09_11,Coniferous forest,1.0,1.0
S2A_MSIL2A_20171101T094131_N9999_R036_T35VNK_10_66,Coniferous forest,1.0,1.0
S2A_MSIL2A_20171101T094131_N9999_R036_T35VNK_10_80,Coniferous forest,1.0,1.0
S2A_MSIL2A_20171101T094131_N9999_R036_T35VNK_11_16,Coniferous forest,1.0,1.0
S2A_MSIL2A_20171101T094131_N9999_R036_T35VNK_12_34,Coniferous forest,1.0,1.0
S2A_MSIL2A_20171101T094131_N9999_R036_T35VNK_13_51,Coniferous forest,1.0,1.0
S2A_MSIL2A_20171101T094131_N9999_R036_T35VNK_13_70,Coniferous forest,1.0,1.0
S2A_MSIL2A_20171101T094131_N9999_R036_T35VNK_14_12,Arable land,0.0,1.0
S2A_MSIL2A_20171101T094131_N9999_R036_T35VNK_16_41,Coniferous forest,1.0,1.0
S2A_MSIL2A_20171101T094131_N9999_R036_T35VNK_16_83,Coniferous forest,1.0,1.0
S2A_MSIL2A_20171101T094131_N9999_R036_T35VNK_18_52,Broad-leaved forest,2.0,1.0
S2A_MSIL2A_20171101T094131_N9999_R036_T35VNK_18_80,Coniferous forest,1.0,0.0
S2A_MSIL2A_20171101T094131_N9999_R036_T35VNK_19_40,Coniferous forest,1.0,1.0
S2A_MSIL2A_20171101T094131_N9999_R036_T35VNK_20_15,Coniferous forest,1.0,1.0
S2A_MSIL2A_20171101T094131_N9999_R036_T35VNK_20_55,Coniferous forest,1.0,1.0
S2A_MSIL2A_20171101T094131_N9999_R036_T35VNK_22_55,Coniferous forest,1.0,1.0
S2A_MSIL2A_20171101T094131_N9999_R036_T35VNK_22_69,Coniferous forest,1.0,1.0
S2A_MSIL2A_20171101T094131_N9999_R036_T35VNK_24_37,Coniferous forest,1.0,1.0
S2A_MSIL2A_20171101T094131_N9999_R036_T35VNK_25_84,Coniferous forest,1.0,1.0
S2A_MSIL2A_20171101T094131_N9999_R036_T35VNK_27_19,Coniferous forest,1.0,1.0
S2A_MSIL2A_20171101T094131_N9999_R036_T35VNK_28_10,Coniferous forest,1.0,1.0
S2A_MSIL2A_20171101T094131_N9999_R036_T35VNK_30_33,Coniferous forest,1.0,1.0
S2A_MSIL2A_20171101T094131_N9999_R036_T35VNK_30_46,Inland waters,6.0,1.0
S2A_MSIL2A_20171101T094131_N9999_R036_T35VNK_31_30,Coniferous forest,1.0,1.0
S2A_MSIL2A_20171101T094131_N9999_R036_T35VNK_34_00,Coniferous forest,1.0,1.0
S2A_MSIL2A_20171101T094131_N9999_R036_T35VNK_35_12,Arable land,0.0,3.0
S2A_MSIL2A_20171101T094131_N9999_R036_T35VNK_36_56,Inland waters,6.0,1.0
S2A_MSIL2A_20171101T094131_N9999_R036_T35VNK_37_06,"Land principally occupied by agriculture, with significant areas of natural vegetation",8.0,1.0
S2A_MSIL2A_20171101T094131_N9999_R036_T35VNK_37_21,Broad-leaved forest,2.0,1.0
S2A_MSIL2A_20171101T094131_N9999_R036_T35VNK_38_16,Coniferous forest,1.0,1.0
S2A_MSIL2A_20171101T094131_N9999_R036_T35VNK_38_47,Coniferous forest,1.0,1.0
S2A_MSIL2A_20171101T094131_N9999_R036_T35VNK_38_58,Coniferous forest,1.0,1.0
S2A_MSIL2A_20171101T094131_N9999_R036_T35VNK_41_19,Broad-leaved forest,2.0,1.0
S2A_MSIL2A_20171101T094131_N9999_R036_T35VNK_41_34,Coniferous forest,1.0,1.0
S2A_MSIL2A_20171101T094131_N9999_R036_T35VNK_42_68,Coniferous forest,1.0,1.0
S2A_MSIL2A_20171101T094131_N9999_R036_T35VNK_45_50,Arable land,0.0,1.0
S2A_MSIL2A_20171101T094131_N9999_R036_T35VNK_45_66,Coniferous forest,1.0,1.0
S2A_MSIL2A_20171101T094131_N9999_R036_T35VNK_47_33,Coniferous forest,1.0,1.0
S2A_MSIL2A_20171101T094131_N9999_R036_T35VNK_47_82,Coniferous forest,1.0,1.0
S2A_MSIL2A_20171101T094131_N9999_R036_T35VNK_48_29,Coniferous forest,1.0,1.0
S2A_MSIL2A_20171101T094131_N9999_R036_T35VNK_49_07,Broad-leaved forest,2.0,1.0
S2A_MSIL2A_20171101T094131_N9999_R036_T35VNK_50_23,Coniferous forest,1.0,1.0
S2A_MSIL2A_20171101T094131_N9999_R036_T35VNK_52_75,Coniferous forest,1.0,1.0
S2A_MSIL2A_20171101T094131_N9999_R036_T35VNK_54_34,Coniferous forest,1.0,1.0
S2A_MSIL2A_20171101T094131_N9999_R036_T35VNK_54_40,Coniferous forest,1.0,1.0
S2A_MSIL2A_20171101T094131_N9999_R036_T35VNK_54_48,Inland waters,6.0,3.0
S2A_MSIL2A_20171101T094131_N9999_R036_T35VNK_54_55,Coniferous forest,1.0,1.0
S2A_MSIL2A_20171101T094131_N9999_R036_T35VNK_55_65,Coniferous forest,1.0,1.0
S2A_MSIL2A_20171101T094131_N9999_R036_T35VNK_56_13,Coniferous forest,1.0,1.0
S2A_MSIL2A_20171101T094131_N9999_R036_T35VNK_56_40,Coniferous forest,1.0,1.0
S2A_MSIL2A_20171101T094131_N9999_R036_T35VNK_56_65,Coniferous forest,1.0,1.0
S2A_MSIL2A_20171101T094131_N9999_R036_T35VNK_57_05,Arable land,0.0,1.0
S2A_MSIL2A_20171101T094131_N9999_R036_T35VNK_57_40,Coniferous forest,1.0,1.0
S2A_MSIL2A_20171101T094131_N9999_R036_T35VNK_58_19,Coniferous forest,1.0,1.0
S2A_MSIL2A_20171101T094131_N9999_R036_T35VNK_58_25,Coniferous forest,1.0,1.0
S2A_MSIL2A_20171101T094131_N9999_R036_T35VNK_58_71,Coniferous forest,1.0,1.0
S2A_MSIL2A_20171101T094131_N9999_R036_T35VNK_59_33,Broad-leaved forest,2.0,1.0
S2A_MSIL2A_20171101T094131_N9999_R036_T35VNK_60_31,Coniferous forest,1.0,1.0
S2A_MSIL2A_20171101T094131_N9999_R036_T35VNK_60_83,Inland waters,6.0,1.0
S2A_MSIL2A_20171101T094131_N9999_R036_T35VNK_61_73,Coniferous forest,1.0,1.0
S2A_MSIL2A_20171101T094131_N9999_R036_T35VNK_63_02,Arable land,0.0,1.0
S2A_MSIL2A_20171101T094131_N9999_R036_T35VNK_64_47,Coniferous forest,1.0,1.0
S2A_MSIL2A_20171101T094131_N9999_R036_T35VNK_65_42,Coniferous forest,1.0,1.0
S2A_MSIL2A_20171101T094131_N9999_R036_T35VNK_65_72,Coniferous forest,1.0,1.0
S2A_MSIL2A_20171101T094131_N9999_R036_T35VNK_66_06,Coniferous forest,1.0,1.0
S2A_MSIL2A_20171101T094131_N9999_R036_T35VNK_66_28,Coniferous forest,1.0,1.0
S2A_MSIL2A_20171101T094131_N9999_R036_T35VNK_66_74,Broad-leaved forest,2.0,1.0
S2A_MSIL2A_20171101T094131_N9999_R036_T35VNK_67_24,Arable land,0.0,1.0
S2A_MSIL2A_20171101T094131_N9999_R036_T35VNK_67_65,Mixed forest,9.0,1.0
S2A_MSIL2A_20171101T094131_N9999_R036_T35VNK_68_11,Coniferous forest,1.0,1.0
S2A_MSIL2A_20171101T094131_N9999_R036_T35VNK_68_13,Coniferous forest,1.0,1.0
S2A_MSIL2A_20171101T094131_N9999_R036_T35VNK_69_24,Coniferous forest,1.0,1.0
S2A_MSIL2A_20171101T094131_N9999_R036_T35VNK_69_64,Coniferous forest,1.0,1.0
S2A_MSIL2A_20171101T094131_N9999_R036_T35VNK_70_66,Coniferous forest,1.0,1.0
S2A_MSIL2A_20171101T094131_N9999_R036_T35VNK_73_09,Coniferous forest,1.0,1.0
S2A_MSIL2A_20171101T094131_N9999_R036_T35VNK_73_66,Coniferous forest,1.0,1.0
S2A_MSIL2A_20171101T094131_N9999_R036_T35VNK_75_52,Coniferous forest,1.0,1.0
S2A_MSIL2A_20171101T094131_N9999_R036_T35VNK_75_67,Inland waters,6.0,1.0
S2A_MSIL2A_20171101T094131_N9999_R036_T35VNK_75_82,Coniferous forest,1.0,1.0
S2A_MSIL2A_20171101T094131_N9999_R036_T35VNK_76_35,Coniferous forest,1.0,1.0
S2A_MSIL2A_20171101T094131_N9999_R036_T35VNK_76_59,Coniferous forest,1.0,1.0
S2A_MSIL2A_20171101T094131_N9999_R036_T35VNK_77_25,Coniferous forest,1.0,1.0
S2A_MSIL2A_20171101T094131_N9999_R036_T35VNK_77_32,Arable land,0.0,1.0
S2A_MSIL2A_20171101T094131_N9999_R036_T35VNK_77_72,Coniferous forest,1.0,1.0
S2A_MSIL2A_20171101T094131_N9999_R036_T35VNK_80_24,Coniferous forest,1.0,1.0
S2A_MSIL2A_20171101T094131_N9999_R036_T35VNK_80_45,Coniferous forest,1.0,1.0
S2A_MSIL2A_20171101T094131_N9999_R036_T35VNK_81_09,Coniferous forest,1.0,1.0
S2A_MSIL2A_20171101T094131_N9999_R036_T35VNK_81_14,Coniferous forest,1.0,1.0
S2A_MSIL2A_20171101T094131_N9999_R036_T35VNK_83_03,Coniferous forest,1.0,1.0
S2A_MSIL2A_20171101T094131_N9999_R036_T35VNK_83_15,Coniferous forest,1.0,1.0
S2A_MSIL2A_20171101T094131_N9999_R036_T35VNK_84_16,Coniferous forest,1.0,1.0
S2A_MSIL2A_20171101T094131_N9999_R036_T35VNK_85_61,Coniferous forest,1.0,1.0
S2A_MSIL2A_20171101T094131_N9999_R036_T35VNK_88_61,Coniferous forest,1.0,1.0
S2A_MSIL2A_20171101T094131_N9999_R036_T35VNK_90_24,Arable land,0.0,1.0
S2A_MSIL2A_20171101T094131_N9999_R036_T35VNK_90_54,Coniferous forest,1.0,1.0
S2A_MSIL2A_20171104T095201_N9999_R079_T33TXN_00_30,Arable land,0.0,0.0
S2A_MSIL2A_20171104T095201_N9999_R079_T33TXN_02_60,Arable land,0.0,0.0
S2A_MSIL2A_20171104T095201_N9999_R079_T33TXN_03_37,Complex cultivation patterns,5.0,0.0
S2A_MSIL2A_20171104T095201_N9999_R079_T33TXN_04_41,Arable land,0.0,1.0
S2A_MSIL2A_20171104T095201_N9999_R079_T33TXN_04_48,Broad-leaved forest,2.0,2.0
S2A_MSIL2A_20171104T095201_N9999_R079_T33TXN_04_66,Broad-leaved forest,2.0,1.0
S2A_MSIL2A_20171104T095201_N9999_R079_T33TXN_05_61,Broad-leaved forest,2.0,0.0
S2A_MSIL2A_20171104T095201_N9999_R079_T33TXN_06_36,Arable land,0.0,0.0
S2A_MSIL2A_20171104T095201_N9999_R079_T33TXN_07_39,Coniferous forest,1.0,2.0
S2A_MSIL2A_20171104T095201_N9999_R079_T33TXN_07_50,Arable land,0.0,0.0
S2A_MSIL2A_20171104T095201_N9999_R079_T33TXN_08_29,Arable land,0.0,0.0
S2A_MSIL2A_20171104T095201_N9999_R079_T33TXN_09_23,Arable land,0.0,0.0
S2A_MSIL2A_20171104T095201_N9999_R079_T33TXN_09_65,Arable land,0.0,0.0
S2A_MSIL2A_20171104T095201_N9999_R079_T33TXN_10_66,Arable land,0.0,0.0
S2A_MSIL2A_20171104T095201_N9999_R079_T33TXN_12_72,Arable land,0.0,0.0
S2A_MSIL2A_20171104T095201_N9999_R079_T33TXN_15_00,Arable land,0.0,0.0
S2A_MSIL2A_20171104T095201_N9999_R079_T33TXN_17_21,Arable land,0.0,0.0
S2A_MSIL2A_20171104T095201_N9999_R079_T33TXN_18_00,Arable land,0.0,0.0
S2A_MSIL2A_20171104T095201_N9999_R079_T33TXN_19_37,Arable land,0.0,0.0
S2A_MSIL2A_20171104T095201_N9999_R079_T33TXN_20_05,Broad-leaved forest,2.0,4.0
S2A_MSIL2A_20171104T095201_N9999_R079_T33TXN_20_33,Arable land,0.0,0.0
S2A_MSIL2A_20171104T095201_N9999_R079_T33TXN_21_24,Arable land,0.0,1.0
S2A_MSIL2A_20171104T095201_N9999_R079_T33TXN_22_08,Inland waters,6.0,0.0
S2A_MSIL2A_20171104T095201_N9999_R079_T33TXN_23_27,Arable land,0.0,0.0
S2A_MSIL2A_20171104T095201_N9999_R079_T33TXN_23_30,Arable land,0.0,1.0
S2A_MSIL2A_20171104T095201_N9999_R079_T33TXN_26_08,Complex cultivation patterns,5.0,0.0
S2A_MSIL2A_20171104T095201_N9999_R079_T33TXN_27_03,Inland waters,6.0,0.0
S2A_MSIL2A_20171104T095201_N9999_R079_T33TXN_31_00,Arable land,0.0,0.0
S2A_MSIL2A_20171104T095201_N9999_R079_T33TXN_31_03,Arable land,0.0,0.0
S2A_MSIL2A_20171104T095201_N9999_R079_T33TXN_36_12,Arable land,0.0,0.0
S2A_MSIL2A_20171104T095201_N9999_R079_T33TXN_38_00,Arable land,0.0,0.0
S2A_MSIL2A_20171104T095201_N9999_R079_T33TXN_38_13,Arable land,0.0,0.0
S2A_MSIL2A_20171104T095201_N9999_R079_T33TXN_40_10,Arable land,0.0,0.0
S2A_MSIL2A_20171121T112351_N9999_R037_T29SND_00_21,Complex cultivation patterns,5.0,0.0
S2A_MSIL2A_20171121T112351_N9999_R037_T29SND_00_78,Arable land,0.0,0.0
S2A_MSIL2A_20171121T112351_N9999_R037_T29SND_01_39,Broad-leaved forest,2.0,0.0
S2A_MSIL2A_20171121T112351_N9999_R037_T29SND_01_87,Marine waters,3.0,3.0
S2A_MSIL2A_20171121T112351_N9999_R037_T29SND_02_27,Complex cultivation patterns,5.0,0.0
S2A_MSIL2A_20171121T112351_N9999_R037_T29SND_05_47,Broad-leaved forest,2.0,2.0
S2A_MSIL2A_20171121T112351_N9999_R037_T29SND_06_35,Arable land,0.0,2.0
S2A_MSIL2A_20171121T112351_N9999_R037_T29SND_06_90,Broad-leaved forest,2.0,2.0
S2A_MSIL2A_20171121T112351_N9999_R037_T29SND_08_70,Arable land,0.0,0.0
S2A_MSIL2A_20171121T112351_N9999_R037_T29SND_09_02,Broad-leaved forest,2.0,0.0
S2A_MSIL2A_20171121T112351_N9999_R037_T29SND_10_07,Complex cultivation patterns,5.0,2.0
S2A_MSIL2A_20171121T112351_N9999_R037_T29SND_11_22,"Moors, heathland and sclerophyllous vegetation",12.0,0.0
S2A_MSIL2A_20171121T112351_N9999_R037_T29SND_11_53,Arable land,0.0,0.0
S2A_MSIL2A_20171121T112351_N9999_R037_T29SND_11_66,Arable land,0.0,0.0
S2A_MSIL2A_20171121T112351_N9999_R037_T29SND_11_83,Agro-forestry areas,4.0,2.0
S2A_MSIL2A_20171121T112351_N9999_R037_T29SND_12_23,"Moors, heathland and sclerophyllous vegetation",12.0,2.0
S2A_MSIL2A_20171121T112351_N9999_R037_T29SND_12_42,Complex cultivation patterns,5.0,0.0
S2A_MSIL2A_20171121T112351_N9999_R037_T29SND_12_62,Arable land,0.0,0.0
S2A_MSIL2A_20171121T112351_N9999_R037_T29SND_12_85,Broad-leaved forest,2.0,1.0
S2A_MSIL2A_20171121T112351_N9999_R037_T29SND_14_37,Broad-leaved forest,2.0,0.0
S2A_MSIL2A_20171121T112351_N9999_R037_T29SND_14_83,Agro-forestry areas,4.0,2.0
S2A_MSIL2A_20171121T112351_N9999_R037_T29SND_15_36,Broad-leaved forest,2.0,0.0
S2A_MSIL2A_20171121T112351_N9999_R037_T29SND_15_48,Arable land,0.0,4.0
S2A_MSIL2A_20171121T112351_N9999_R037_T29SND_17_32,Broad-leaved forest,2.0,2.0
S2A_MSIL2A_20171121T112351_N9999_R037_T29SND_17_79,Agro-forestry areas,4.0,4.0
S2A_MSIL2A_20171121T112351_N9999_R037_T29SND_18_14,"Land principally occupied by agriculture, with significant areas of natural vegetation",8.0,0.0
S2A_MSIL2A_20171121T112351_N9999_R037_T29SND_18_23,"Land principally occupied by agriculture, with significant areas of natural vegetation",8.0,2.0
S2A_MSIL2A_20171121T112351_N9999_R037_T29SND_18_52,Broad-leaved forest,2.0,2.0
S2A_MSIL2A_20171121T112351_N9999_R037_T29SND_18_67,Arable land,0.0,0.0
S2A_MSIL2A_20171121T112351_N9999_R037_T29SND_18_88,Broad-leaved forest,2.0,2.0
S2A_MSIL2A_20171121T112351_N9999_R037_T29SND_19_55,Arable land,0.0,0.0
S2A_MSIL2A_20171121T112351_N9999_R037_T29SND_20_23,"Land principally occupied by agriculture, with significant areas of natural vegetation",8.0,0.0
S2A_MSIL2A_20171121T112351_N9999_R037_T29SND_21_28,Arable land,0.0,0.0
S2A_MSIL2A_20171121T112351_N9999_R037_T29SND_22_04,Complex cultivation patterns,5.0,1.0
S2A_MSIL2A_20171121T112351_N9999_R037_T29SND_22_17,"Moors, heathland and sclerophyllous vegetation",12.0,2.0
S2A_MSIL2A_20171121T112351_N9999_R037_T29SND_23_13,Mixed forest,9.0,2.0
S2A_MSIL2A_20171121T112351_N9999_R037_T29SND_24_17,"Moors, heathland and sclerophyllous vegetation",12.0,0.0
S2A_MSIL2A_20171121T112351_N9999_R037_T29SND_24_20,Complex cultivation patterns,5.0,1.0
S2A_MSIL2A_20171121T112351_N9999_R037_T29SND_24_39,Arable land,0.0,0.0
S2A_MSIL2A_20171121T112351_N9999_R037_T29SND_24_68,Arable land,0.0,1.0
S2A_MSIL2A_20171121T112351_N9999_R037_T29SND_25_66,Agro-forestry areas,4.0,4.0
S2A_MSIL2A_20171121T112351_N9999_R037_T29SND_26_42,Arable land,0.0,0.0
S2A_MSIL2A_20171121T112351_N9999_R037_T29SND_27_21,"Land principally occupied by agriculture, with significant areas of natural vegetation",8.0,2.0
S2A_MSIL2A_20171121T112351_N9999_R037_T29SND_28_57,Agro-forestry areas,4.0,4.0
S2A_MSIL2A_20171121T112351_N9999_R037_T29SND_28_59,Agro-forestry areas,4.0,0.0
S2A_MSIL2A_20171121T112351_N9999_R037_T29SND_28_63,Broad-leaved forest,2.0,2.0
S2A_MSIL2A_20171121T112351_N9999_R037_T29SND_29_51,Complex cultivation patterns,5.0,0.0
S2A_MSIL2A_20171121T112351_N9999_R037_T29SND_30_10,"Land principally occupied by agriculture, with significant areas of natural vegetation",8.0,2.0
S2A_MSIL2A_20171121T112351_N9999_R037_T29SND_30_44,Arable land,0.0,0.0
S2A_MSIL2A_20171121T112351_N9999_R037_T29SND_31_16,"Land principally occupied by agriculture, with significant areas of natural vegetation",8.0,2.0
S2A_MSIL2A_20171121T112351_N9999_R037_T29SND_31_77,Agro-forestry areas,4.0,4.0
S2A_MSIL2A_20171121T112351_N9999_R037_T29SND_33_20,"Land principally occupied by agriculture, with significant areas of natural vegetation",8.0,0.0
S2A_MSIL2A_20171121T112351_N9999_R037_T29SND_33_47,Arable land,0.0,2.0
S2A_MSIL2A_20171121T112351_N9999_R037_T29SND_34_81,Agro-forestry areas,4.0,4.0
S2A_MSIL2A_20171121T112351_N9999_R037_T29SND_34_88,Arable land,0.0,2.0
S2A_MSIL2A_20171121T112351_N9999_R037_T29SND_35_27,Arable land,0.0,0.0
S2A_MSIL2A_20171121T112351_N9999_R037_T29SND_35_28,Arable land,0.0,0.0
S2A_MSIL2A_20171121T112351_N9999_R037_T29SND_35_41,Arable land,0.0,0.0
S2A_MSIL2A_20171121T112351_N9999_R037_T29SND_35_43,Arable land,0.0,0.0
S2A_MSIL2A_20171121T112351_N9999_R037_T29SND_36_53,Arable land,0.0,0.0
S2A_MSIL2A_20171121T112351_N9999_R037_T29SND_36_63,Agro-forestry areas,4.0,0.0
S2A_MSIL2A_20171121T112351_N9999_R037_T29SND_37_62,Agro-forestry areas,4.0,0.0
S2A_MSIL2A_20171121T112351_N9999_R037_T29SND_37_86,Broad-leaved forest,2.0,2.0
S2A_MSIL2A_20171121T112351_N9999_R037_T29SND_39_32,Arable land,0.0,1.0
S2A_MSIL2A_20171121T112351_N9999_R037_T29SND_41_37,Broad-leaved forest,2.0,2.0
S2A_MSIL2A_20171121T112351_N9999_R037_T29SND_41_71,Arable land,0.0,4.0
S2A_MSIL2A_20171121T112351_N9999_R037_T29SND_41_77,Agro-forestry areas,4.0,4.0
S2A_MSIL2A_20171121T112351_N9999_R037_T29SND_41_88,Agro-forestry areas,4.0,4.0
S2A_MSIL2A_20171121T112351_N9999_R037_T29SND_42_18,Arable land,0.0,5.0
S2A_MSIL2A_20171121T112351_N9999_R037_T29SND_42_20,Arable land,0.0,0.0
S2A_MSIL2A_20171121T112351_N9999_R037_T29SND_43_41,Arable land,0.0,0.0
S2A_MSIL2A_20171121T112351_N9999_R037_T29SND_44_06,Broad-leaved forest,2.0,2.0
S2A_MSIL2A_20171121T112351_N9999_R037_T29SND_45_18,Complex cultivation patterns,5.0,2.0
S2A_MSIL2A_20171121T112351_N9999_R037_T29SND_45_87,Agro-forestry areas,4.0,2.0
S2A_MSIL2A_20171121T112351_N9999_R037_T29SND_46_47,Arable land,0.0,2.0
S2A_MSIL2A_20171121T112351_N9999_R037_T29SND_46_89,Agro-forestry areas,4.0,0.0
S2A_MSIL2A_20171121T112351_N9999_R037_T29SND_47_55,Arable land,0.0,0.0
S2A_MSIL2A_20171121T112351_N9999_R037_T29SND_48_43,Agro-forestry areas,4.0,2.0
S2A_MSIL2A_20171121T112351_N9999_R037_T29SND_48_61,Arable land,0.0,0.0
S2A_MSIL2A_20171121T112351_N9999_R037_T29SND_48_69,Arable land,0.0,0.0
S2A_MSIL2A_20171121T112351_N9999_R037_T29SND_49_76,Agro-forestry areas,4.0,0.0
S2A_MSIL2A_20171121T112351_N9999_R037_T29SND_49_85,Agro-forestry areas,4.0,4.0
S2A_MSIL2A_20171121T112351_N9999_R037_T29SND_50_08,Broad-leaved forest,2.0,0.0
S2A_MSIL2A_20171121T112351_N9999_R037_T29SND_50_16,Inland waters,6.0,0.0
S2A_MSIL2A_20171121T112351_N9999_R037_T29SND_51_79,Broad-leaved forest,2.0,2.0
S2A_MSIL2A_20171121T112351_N9999_R037_T29SND_52_31,Agro-forestry areas,4.0,2.0
S2A_MSIL2A_20171121T112351_N9999_R037_T29SND_52_33,Complex cultivation patterns,5.0,2.0
S2A_MSIL2A_20171121T112351_N9999_R037_T29SND_53_33,"Transitional woodland, shrub",14.0,4.0
S2A_MSIL2A_20171121T112351_N9999_R037_T29SND_53_67,Arable land,0.0,0.0
S2A_MSIL2A_20171121T112351_N9999_R037_T29SND_53_69,Arable land,0.0,0.0
S2A_MSIL2A_20171121T112351_N9999_R037_T29SND_54_02,Broad-leaved forest,2.0,2.0
S2A_MSIL2A_20171121T112351_N9999_R037_T29SND_54_66,Arable land,0.0,0.0
S2A_MSIL2A_20171121T112351_N9999_R037_T29SND_54_88,Agro-forestry areas,4.0,4.0
S2A_MSIL2A_20171121T112351_N9999_R037_T29SND_55_06,Coniferous forest,1.0,1.0
S2A_MSIL2A_20171121T112351_N9999_R037_T29SND_57_47,Agro-forestry areas,4.0,4.0
S2A_MSIL2A_20171121T112351_N9999_R037_T29SND_59_42,Broad-leaved forest,2.0,2.0
S2A_MSIL2A_20171121T112351_N9999_R037_T29SND_59_55,Broad-leaved forest,2.0,4.0
S2A_MSIL2A_20171121T112351_N9999_R037_T29SND_59_59,"Land principally occupied by agriculture, with significant areas of natural vegetation",8.0,0.0
S2A_MSIL2A_20171121T112351_N9999_R037_T29SND_60_14,Coniferous forest,1.0,2.0
S2A_MSIL2A_20171121T112351_N9999_R037_T29SND_60_54,Broad-leaved forest,2.0,4.0
S2A_MSIL2A_20171121T112351_N9999_R037_T29SND_62_44,Arable land,0.0,4.0
S2A_MSIL2A_20171121T112351_N9999_R037_T29SND_62_58,Agro-forestry areas,4.0,4.0
S2A_MSIL2A_20171121T112351_N9999_R037_T29SND_62_82,Agro-forestry areas,4.0,4.0
S2A_MSIL2A_20171121T112351_N9999_R037_T29SND_62_87,Agro-forestry areas,4.0,2.0
S2A_MSIL2A_20171121T112351_N9999_R037_T29SND_63_08,Coniferous forest,1.0,2.0
S2A_MSIL2A_20171121T112351_N9999_R037_T29SND_63_10,Coniferous forest,1.0,2.0
S2A_MSIL2A_20171121T112351_N9999_R037_T29SND_63_60,Broad-leaved forest,2.0,4.0
S2A_MSIL2A_20171121T112351_N9999_R037_T29SND_64_22,"Land principally occupied by agriculture, with significant areas of natural vegetation",8.0,0.0
S2A_MSIL2A_20171121T112351_N9999_R037_T29SND_64_37,Arable land,0.0,0.0
S2A_MSIL2A_20171121T112351_N9999_R037_T29SND_66_39,Arable land,0.0,2.0
S2A_MSIL2A_20171121T112351_N9999_R037_T29SND_66_90,Agro-forestry areas,4.0,2.0
S2A_MSIL2A_20171121T112351_N9999_R037_T29SND_67_88,Agro-forestry areas,4.0,4.0
S2A_MSIL2A_20171121T112351_N9999_R037_T29SND_68_42,Agro-forestry areas,4.0,4.0
S2A_MSIL2A_20171121T112351_N9999_R037_T29SND_68_67,Agro-forestry areas,4.0,4.0
S2A_MSIL2A_20171121T112351_N9999_R037_T29SND_69_18,Complex cultivation patterns,5.0,2.0
S2A_MSIL2A_20171121T112351_N9999_R037_T29SND_69_73,Agro-forestry areas,4.0,0.0
S2A_MSIL2A_20171121T112351_N9999_R037_T29SND_69_86,Agro-forestry areas,4.0,4.0
S2A_MSIL2A_20171121T112351_N9999_R037_T29SND_70_46,Permanent crops,15.0,0.0
S2A_MSIL2A_20171121T112351_N9999_R037_T29SND_70_77,Agro-forestry areas,4.0,4.0
S2A_MSIL2A_20171121T112351_N9999_R037_T29SND_71_22,Broad-leaved forest,2.0,2.0
S2A_MSIL2A_20171121T112351_N9999_R037_T29SND_72_22,Broad-leaved forest,2.0,5.0
S2A_MSIL2A_20171121T112351_N9999_R037_T29SND_72_44,Broad-leaved forest,2.0,0.0
S2A_MSIL2A_20171121T112351_N9999_R037_T29SND_72_79,Agro-forestry areas,4.0,4.0
S2A_MSIL2A_20171121T112351_N9999_R037_T29SND_73_51,Arable land,0.0,4.0
S2A_MSIL2A_20171121T112351_N9999_R037_T29SND_74_62,Agro-forestry areas,4.0,4.0
S2A_MSIL2A_20171121T112351_N9999_R037_T29SND_74_66,Agro-forestry areas,4.0,2.0
S2A_MSIL2A_20171121T112351_N9999_R037_T29SND_74_78,Agro-forestry areas,4.0,0.0
S2A_MSIL2A_20171121T112351_N9999_R037_T29SND_75_00,Broad-leaved forest,2.0,2.0
S2A_MSIL2A_20171121T112351_N9999_R037_T29SND_75_65,Agro-forestry areas,4.0,0.0
S2A_MSIL2A_20171121T112351_N9999_R037_T29SND_75_67,Agro-forestry areas,4.0,2.0
S2A_MSIL2A_20171121T112351_N9999_R037_T29SND_76_03,"Land principally occupied by agriculture, with significant areas of natural vegetation",8.0,1.0
S2A_MSIL2A_20171121T112351_N9999_R037_T29SND_76_08,Broad-leaved forest,2.0,5.0
S2A_MSIL2A_20171121T112351_N9999_R037_T29SND_76_16,Broad-leaved forest,2.0,2.0
S2A_MSIL2A_20171121T112351_N9999_R037_T29SND_76_90,Arable land,0.0,4.0
S2A_MSIL2A_20171121T112351_N9999_R037_T29SND_77_70,Agro-forestry areas,4.0,2.0
S2A_MSIL2A_20171121T112351_N9999_R037_T29SND_78_08,Broad-leaved forest,2.0,1.0
S2A_MSIL2A_20171121T112351_N9999_R037_T29SND_78_27,Arable land,0.0,2.0
S2A_MSIL2A_20171121T112351_N9999_R037_T29SND_78_78,Agro-forestry areas,4.0,4.0
S2A_MSIL2A_20171121T112351_N9999_R037_T29SND_78_88,Agro-forestry areas,4.0,4.0
S2A_MSIL2A_20171121T112351_N9999_R037_T29SND_79_32,Arable land,0.0,4.0
S2A_MSIL2A_20171121T112351_N9999_R037_T29SND_79_52,Agro-forestry areas,4.0,4.0
S2A_MSIL2A_20171121T112351_N9999_R037_T29SND_79_57,Agro-forestry areas,4.0,4.0
S2A_MSIL2A_20171121T112351_N9999_R037_T29SND_81_50,Agro-forestry areas,4.0,0.0
S2A_MSIL2A_20171121T112351_N9999_R037_T29SND_81_56,Arable land,0.0,4.0
S2A_MSIL2A_20171121T112351_N9999_R037_T29SND_81_58,Agro-forestry areas,4.0,0.0
S2A_MSIL2A_20171121T112351_N9999_R037_T29SND_81_89,Agro-forestry areas,4.0,4.0
S2A_MSIL2A_20171121T112351_N9999_R037_T29SND_82_46,Broad-leaved forest,2.0,4.0
S2A_MSIL2A_20171121T112351_N9999_R037_T29SND_82_68,Agro-forestry areas,4.0,4.0
S2A_MSIL2A_20171121T112351_N9999_R037_T29SND_83_14,Broad-leaved forest,2.0,5.0
S2A_MSIL2A_20171121T112351_N9999_R037_T29SND_83_77,Agro-forestry areas,4.0,4.0
S2A_MSIL2A_20171121T112351_N9999_R037_T29SND_84_35,"Transitional woodland, shrub",14.0,4.0
S2A_MSIL2A_20171121T112351_N9999_R037_T29SND_85_29,Agro-forestry areas,4.0,4.0
S2A_MSIL2A_20171121T112351_N9999_R037_T29SND_86_02,Coniferous forest,1.0,1.0
S2A_MSIL2A_20171121T112351_N9999_R037_T29SND_86_07,Inland waters,6.0,2.0
S2A_MSIL2A_20171121T112351_N9999_R037_T29SND_86_61,Agro-forestry areas,4.0,4.0
S2A_MSIL2A_20171121T112351_N9999_R037_T29SND_87_78,Agro-forestry areas,4.0,2.0
S2A_MSIL2A_20171121T112351_N9999_R037_T29SND_88_25,Agro-forestry areas,4.0,4.0
S2A_MSIL2A_20171121T112351_N9999_R037_T29SND_88_31,Agro-forestry areas,4.0,4.0
S2A_MSIL2A_20171121T112351_N9999_R037_T29SND_89_07,Broad-leaved forest,2.0,2.0
S2A_MSIL2A_20171121T112351_N9999_R037_T29SND_90_10,Broad-leaved forest,2.0,2.0
S2A_MSIL2A_20171121T112351_N9999_R037_T29SND_90_81,Agro-forestry areas,4.0,2.0
S2A_MSIL2A_20171201T112431_N9999_R037_T29SNB_01_45,Marine waters,3.0,3.0
S2A_MSIL2A_20171201T112431_N9999_R037_T29SNB_01_69,Marine waters,3.0,3.0
S2A_MSIL2A_20171201T112431_N9999_R037_T29SNB_01_87,Marine waters,3.0,3.0
S2A_MSIL2A_20171201T112431_N9999_R037_T29SNB_02_34,Marine waters,3.0,3.0
S2A_MSIL2A_20171201T112431_N9999_R037_T29SNB_02_55,Marine waters,3.0,3.0
S2A_MSIL2A_20171201T112431_N9999_R037_T29SNB_02_69,Marine waters,3.0,3.0
S2A_MSIL2A_20171201T112431_N9999_R037_T29SNB_03_27,Marine waters,3.0,3.0
S2A_MSIL2A_20171201T112431_N9999_R037_T29SNB_03_37,Marine waters,3.0,3.0
S2A_MSIL2A_20171201T112431_N9999_R037_T29SNB_04_05,Marine waters,3.0,3.0
S2A_MSIL2A_20171201T112431_N9999_R037_T29SNB_04_35,Marine waters,3.0,3.0
S2A_MSIL2A_20171201T112431_N9999_R037_T29SNB_04_48,Marine waters,3.0,3.0
S2A_MSIL2A_20171201T112431_N9999_R037_T29SNB_04_72,Marine waters,3.0,3.0
S2A_MSIL2A_20171201T112431_N9999_R037_T29SNB_04_84,"Moors, heathland and sclerophyllous vegetation",12.0,4.0
S2A_MSIL2A_20171201T112431_N9999_R037_T29SNB_05_02,Marine waters,3.0,3.0
S2A_MSIL2A_20171201T112431_N9999_R037_T29SNB_06_31,Marine waters,3.0,3.0
S2A_MSIL2A_20171201T112431_N9999_R037_T29SNB_07_36,Marine waters,3.0,3.0
S2A_MSIL2A_20171201T112431_N9999_R037_T29SNB_07_59,Marine waters,3.0,3.0
S2A_MSIL2A_20171201T112431_N9999_R037_T29SNB_08_45,Marine waters,3.0,3.0
S2A_MSIL2A_20171201T112431_N9999_R037_T29SNB_09_31,Marine waters,3.0,3.0
S2A_MSIL2A_20171201T112431_N9999_R037_T29SNB_09_58,Marine waters,3.0,0.0
S2A_MSIL2A_20171201T112431_N9999_R037_T29SNB_09_64,"Beaches, dunes, sands",13.0,13.0
S2A_MSIL2A_20171201T112431_N9999_R037_T29SNB_09_70,Arable land,0.0,2.0
S2A_MSIL2A_20171201T112431_N9999_R037_T29SNB_09_80,Arable land,0.0,0.0
S2A_MSIL2A_20171201T112431_N9999_R037_T29SNB_10_44,Marine waters,3.0,3.0
S2A_MSIL2A_20171201T112431_N9999_R037_T29SNB_10_62,"Beaches, dunes, sands",13.0,1.0
S2A_MSIL2A_20171201T112431_N9999_R037_T29SNB_11_23,Marine waters,3.0,3.0
S2A_MSIL2A_20171201T112431_N9999_R037_T29SNB_11_45,Marine waters,3.0,3.0
S2A_MSIL2A_20171201T112431_N9999_R037_T29SNB_11_64,"Land principally occupied by agriculture, with significant areas of natural vegetation",8.0,1.0
S2A_MSIL2A_20171201T112431_N9999_R037_T29SNB_12_17,Marine waters,3.0,3.0
S2A_MSIL2A_20171201T112431_N9999_R037_T29SNB_14_31,Arable land,0.0,0.0
S2A_MSIL2A_20171201T112431_N9999_R037_T29SNB_15_11,Arable land,0.0,0.0
S2A_MSIL2A_20171201T112431_N9999_R037_T29SNB_17_66,Broad-leaved forest,2.0,1.0
S2A_MSIL2A_20171201T112431_N9999_R037_T29SNB_18_79,Complex cultivation patterns,5.0,0.0
S2A_MSIL2A_20171201T112431_N9999_R037_T29SNB_19_26,Arable land,0.0,0.0
S2A_MSIL2A_20171201T112431_N9999_R037_T29SNB_19_54,Broad-leaved forest,2.0,2.0
S2A_MSIL2A_20171201T112431_N9999_R037_T29SNB_20_44,Broad-leaved forest,2.0,2.0
S2A_MSIL2A_20171201T112431_N9999_R037_T29SNB_21_47,Broad-leaved forest,2.0,2.0
S2A_MSIL2A_20171201T112431_N9999_R037_T29SNB_21_63,Broad-leaved forest,2.0,2.0
S2A_MSIL2A_20171201T112431_N9999_R037_T29SNB_22_11,Arable land,0.0,2.0
S2A_MSIL2A_20171201T112431_N9999_R037_T29SNB_22_75,Arable land,0.0,4.0
S2A_MSIL2A_20171201T112431_N9999_R037_T29SNB_22_82,Marine waters,3.0,3.0
S2A_MSIL2A_20171201T112431_N9999_R037_T29SNB_23_15,Arable land,0.0,2.0
S2A_MSIL2A_20171201T112431_N9999_R037_T29SNB_24_16,Arable land,0.0,4.0
S2A_MSIL2A_20171201T112431_N9999_R037_T29SNB_25_00,Agro-forestry areas,4.0,2.0
S2A_MSIL2A_20171201T112431_N9999_R037_T29SNB_25_52,Broad-leaved forest,2.0,1.0
S2A_MSIL2A_20171201T112431_N9999_R037_T29SNB_27_35,Arable land,0.0,2.0
S2A_MSIL2A_20171201T112431_N9999_R037_T29SNB_28_44,Complex cultivation patterns,5.0,2.0
S2A_MSIL2A_20171201T112431_N9999_R037_T29SNB_28_58,Broad-leaved forest,2.0,5.0
S2A_MSIL2A_20171201T112431_N9999_R037_T29SNB_28_78,Marine waters,3.0,3.0
S2A_MSIL2A_20171201T112431_N9999_R037_T29SNB_28_81,Marine waters,3.0,3.0
S2A_MSIL2A_20171201T112431_N9999_R037_T29SNB_29_71,Complex cultivation patterns,5.0,0.0
S2A_MSIL2A_20171201T112431_N9999_R037_T29SNB_29_84,Marine waters,3.0,3.0
S2A_MSIL2A_20171201T112431_N9999_R037_T29SNB_31_38,Agro-forestry areas,4.0,4.0
S2A_MSIL2A_20171201T112431_N9999_R037_T29SNB_35_17,Agro-forestry areas,4.0,4.0
S2A_MSIL2A_20171201T112431_N9999_R037_T29SNB_35_69,"Land principally occupied by agriculture, with significant areas of natural vegetation",8.0,2.0
S2A_MSIL2A_20171201T112431_N9999_R037_T29SNB_35_80,Marine waters,3.0,3.0
S2A_MSIL2A_20171201T112431_N9999_R037_T29SNB_37_84,Marine waters,3.0,3.0
S2A_MSIL2A_20171201T112431_N9999_R037_T29SNB_42_55,Broad-leaved forest,2.0,2.0
S2A_MSIL2A_20171201T112431_N9999_R037_T29SNB_43_65,Broad-leaved forest,2.0,2.0
S2A_MSIL2A_20171201T112431_N9999_R037_T29SNB_43_86,Marine waters,3.0,3.0
S2A_MSIL2A_20171201T112431_N9999_R037_T29SNB_44_70,Permanent crops,15.0,2.0
S2A_MSIL2A_20171201T112431_N9999_R037_T29SNB_44_86,Marine waters,3.0,3.0
S2A_MSIL2A_20171201T112431_N9999_R037_T29SNB_45_16,Agro-forestry areas,4.0,4.0
S2A_MSIL2A_20171201T112431_N9999_R037_T29SNB_45_18,Agro-forestry areas,4.0,4.0
S2A_MSIL2A_20171201T112431_N9999_R037_T29SNB_45_33,Broad-leaved forest,2.0,2.0
S2A_MSIL2A_20171201T112431_N9999_R037_T29SNB_45_39,Broad-leaved forest,2.0,2.0
S2A_MSIL2A_20171201T112431_N9999_R037_T29SNB_46_01,Agro-forestry areas,4.0,4.0
S2A_MSIL2A_20171201T112431_N9999_R037_T29SNB_46_19,Agro-forestry areas,4.0,2.0
S2A_MSIL2A_20171201T112431_N9999_R037_T29SNB_46_48,Broad-leaved forest,2.0,2.0
S2A_MSIL2A_20171201T112431_N9999_R037_T29SNB_46_64,Inland waters,6.0,2.0
S2A_MSIL2A_20171201T112431_N9999_R037_T29SNB_47_18,Agro-forestry areas,4.0,4.0
S2A_MSIL2A_20171201T112431_N9999_R037_T29SNB_48_26,Agro-forestry areas,4.0,2.0
S2A_MSIL2A_20171201T112431_N9999_R037_T29SNB_48_60,Coniferous forest,1.0,2.0
S2A_MSIL2A_20171201T112431_N9999_R037_T29SNB_49_26,Agro-forestry areas,4.0,4.0
S2A_MSIL2A_20171201T112431_N9999_R037_T29SNB_49_55,Coniferous forest,1.0,2.0
S2A_MSIL2A_20171201T112431_N9999_R037_T29SNB_49_85,Marine waters,3.0,3.0
S2A_MSIL2A_20171201T112431_N9999_R037_T29SNB_50_77,Complex cultivation patterns,5.0,0.0
S2A_MSIL2A_20171201T112431_N9999_R037_T29SNB_51_65,Complex cultivation patterns,5.0,4.0
S2A_MSIL2A_20171201T112431_N9999_R037_T29SNB_52_02,Agro-forestry areas,4.0,4.0
S2A_MSIL2A_20171201T112431_N9999_R037_T29SNB_52_69,Permanent crops,15.0,2.0
S2A_MSIL2A_20171201T112431_N9999_R037_T29SNB_53_76,"Land principally occupied by agriculture, with significant areas of natural vegetation",8.0,4.0
S2A_MSIL2A_20171201T112431_N9999_R037_T29SNB_54_06,Arable land,0.0,0.0
S2A_MSIL2A_20171201T112431_N9999_R037_T29SNB_54_15,Arable land,0.0,0.0
S2A_MSIL2A_20171201T112431_N9999_R037_T29SNB_54_22,Agro-forestry areas,4.0,4.0
S2A_MSIL2A_20171201T112431_N9999_R037_T29SNB_54_56,"Land principally occupied by agriculture, with significant areas of natural vegetation",8.0,2.0
S2A_MSIL2A_20171201T112431_N9999_R037_T29SNB_54_61,Complex cultivation patterns,5.0,2.0
S2A_MSIL2A_20171201T112431_N9999_R037_T29SNB_55_45,Broad-leaved forest,2.0,2.0
S2A_MSIL2A_20171201T112431_N9999_R037_T29SNB_56_05,Agro-forestry areas,4.0,0.0
S2A_MSIL2A_20171201T112431_N9999_R037_T29SNB_57_67,Complex cultivation patterns,5.0,2.0
S2A_MSIL2A_20171201T112431_N9999_R037_T29SNB_58_34,Agro-forestry areas,4.0,4.0
S2A_MSIL2A_20171201T112431_N9999_R037_T29SNB_61_04,Agro-forestry areas,4.0,0.0
S2A_MSIL2A_20171201T112431_N9999_R037_T29SNB_61_17,Arable land,0.0,4.0
S2A_MSIL2A_20171201T112431_N9999_R037_T29SNB_61_58,Broad-leaved forest,2.0,2.0
S2A_MSIL2A_20171201T112431_N9999_R037_T29SNB_62_72,"Land principally occupied by agriculture, with significant areas of natural vegetation",8.0,4.0
S2A_MSIL2A_20171201T112431_N9999_R037_T29SNB_64_42,Agro-forestry areas,4.0,2.0
S2A_MSIL2A_20171201T112431_N9999_R037_T29SNB_64_52,Broad-leaved forest,2.0,2.0
S2A_MSIL2A_20171201T112431_N9999_R037_T29SNB_65_02,Agro-forestry areas,4.0,4.0
S2A_MSIL2A_20171201T112431_N9999_R037_T29SNB_67_11,Agro-forestry areas,4.0,4.0
S2A_MSIL2A_20171201T112431_N9999_R037_T29SNB_68_06,Agro-forestry areas,4.0,4.0
S2A_MSIL2A_20171201T112431_N9999_R037_T29SNB_69_04,Agro-forestry areas,4.0,4.0
S2A_MSIL2A_20171201T112431_N9999_R037_T29SNB_69_19,Arable land,0.0,0.0
S2A_MSIL2A_20171201T112431_N9999_R037_T29SNB_69_23,Arable land,0.0,0.0
S2A_MSIL2A_20171201T112431_N9999_R037_T29SNB_69_74,"Moors, heathland and sclerophyllous vegetation",12.0,2.0
S2A_MSIL2A_20171201T112431_N9999_R037_T29SNB_69_89,Marine waters,3.0,3.0
S2A_MSIL2A_20171201T112431_N9999_R037_T29SNB_71_48,Agro-forestry areas,4.0,4.0
S2A_MSIL2A_20171201T112431_N9999_R037_T29SNB_72_08,Agro-forestry areas,4.0,4.0
S2A_MSIL2A_20171201T112431_N9999_R037_T29SNB_72_18,Arable land,0.0,0.0
S2A_MSIL2A_20171201T112431_N9999_R037_T29SNB_72_25,Agro-forestry areas,4.0,4.0
S2A_MSIL2A_20171201T112431_N9999_R037_T29SNB_72_41,Agro-forestry areas,4.0,4.0
S2A_MSIL2A_20171201T112431_N9999_R037_T29SNB_74_05,Arable land,0.0,0.0
S2A_MSIL2A_20171201T112431_N9999_R037_T29SNB_74_39,Agro-forestry areas,4.0,0.0
S2A_MSIL2A_20171201T112431_N9999_R037_T29SNB_75_10,Agro-forestry areas,4.0,0.0
S2A_MSIL2A_20171201T112431_N9999_R037_T29SNB_75_68,Broad-leaved forest,2.0,2.0
S2A_MSIL2A_20171201T112431_N9999_R037_T29SNB_75_83,Coniferous forest,1.0,2.0
S2A_MSIL2A_20171201T112431_N9999_R037_T29SNB_77_10,Agro-forestry areas,4.0,0.0
S2A_MSIL2A_20171201T112431_N9999_R037_T29SNB_77_45,Agro-forestry areas,4.0,4.0
S2A_MSIL2A_20171201T112431_N9999_R037_T29SNB_78_58,Broad-leaved forest,2.0,2.0
S2A_MSIL2A_20171201T112431_N9999_R037_T29SNB_78_71,Complex cultivation patterns,5.0,1.0
S2A_MSIL2A_20171201T112431_N9999_R037_T29SNB_79_27,Arable land,0.0,0.0
S2A_MSIL2A_20171201T112431_N9999_R037_T29SNB_81_04,Agro-forestry areas,4.0,0.0
S2A_MSIL2A_20171201T112431_N9999_R037_T29SNB_82_64,Broad-leaved forest,2.0,2.0
S2A_MSIL2A_20171201T112431_N9999_R037_T29SNB_83_14,Arable land,0.0,4.0
S2A_MSIL2A_20171201T112431_N9999_R037_T29SNB_83_18,Agro-forestry areas,4.0,4.0
S2A_MSIL2A_20171201T112431_N9999_R037_T29SNB_83_69,Agro-forestry areas,4.0,2.0
S2A_MSIL2A_20171201T112431_N9999_R037_T29SNB_84_67,Mixed forest,9.0,2.0
S2A_MSIL2A_20171201T112431_N9999_R037_T29SNB_84_77,"Land principally occupied by agriculture, with significant areas of natural vegetation",8.0,0.0
S2A_MSIL2A_20171201T112431_N9999_R037_T29SNB_86_23,Arable land,0.0,0.0
S2A_MSIL2A_20171201T112431_N9999_R037_T29SNB_87_33,Arable land,0.0,0.0
S2A_MSIL2A_20171201T112431_N9999_R037_T29SNB_88_55,"Moors, heathland and sclerophyllous vegetation",12.0,2.0
S2A_MSIL2A_20171201T112431_N9999_R037_T29SNB_88_83,Arable land,0.0,0.0
S2A_MSIL2A_20171201T112431_N9999_R037_T29SNB_89_31,Arable land,0.0,4.0
S2A_MSIL2A_20171201T112431_N9999_R037_T29SNB_89_36,Arable land,0.0,0.0
S2A_MSIL2A_20171201T112431_N9999_R037_T29SNB_89_41,"Land principally occupied by agriculture, with significant areas of natural vegetation",8.0,4.0
S2A_MSIL2A_20171201T112431_N9999_R037_T29SNB_89_66,"Land principally occupied by agriculture, with significant areas of natural vegetation",8.0,2.0
S2A_MSIL2A_20171201T112431_N9999_R037_T29SNB_89_72,Complex cultivation patterns,5.0,4.0
S2A_MSIL2A_20171201T112431_N9999_R037_T29SNB_90_44,Arable land,0.0,4.0
S2A_MSIL2A_20171208T093351_N9999_R136_T34TEN_02_89,Broad-leaved forest,2.0,2.0
S2A_MSIL2A_20171208T093351_N9999_R136_T34TEN_03_50,Arable land,0.0,0.0
S2A_MSIL2A_20171208T093351_N9999_R136_T34TEN_04_83,Arable land,0.0,0.0
S2A_MSIL2A_20171208T093351_N9999_R136_T34TEN_05_90,Broad-leaved forest,2.0,2.0
S2A_MSIL2A_20171208T093351_N9999_R136_T34TEN_07_49,Arable land,0.0,0.0
S2A_MSIL2A_20171208T093351_N9999_R136_T34TEN_08_87,Arable land,0.0,0.0
S2A_MSIL2A_20171208T093351_N9999_R136_T34TEN_09_59,Arable land,0.0,0.0
S2A_MSIL2A_20171208T093351_N9999_R136_T34TEN_09_79,Arable land,0.0,0.0
S2A_MSIL2A_20171208T093351_N9999_R136_T34TEN_10_32,Arable land,0.0,4.0
S2A_MSIL2A_20171208T093351_N9999_R136_T34TEN_10_58,Arable land,0.0,0.0
S2A_MSIL2A_20171208T093351_N9999_R136_T34TEN_11_07,Broad-leaved forest,2.0,0.0
S2A_MSIL2A_20171208T093351_N9999_R136_T34TEN_11_63,Urban fabric,17.0,0.0
S2A_MSIL2A_20171208T093351_N9999_R136_T34TEN_12_11,Broad-leaved forest,2.0,2.0
S2A_MSIL2A_20171208T093351_N9999_R136_T34TEN_14_07,Broad-leaved forest,2.0,0.0
S2A_MSIL2A_20171208T093351_N9999_R136_T34TEN_15_52,Arable land,0.0,0.0
S2A_MSIL2A_20171208T093351_N9999_R136_T34TEN_16_02,Arable land,0.0,0.0
S2A_MSIL2A_20171208T093351_N9999_R136_T34TEN_16_18,Arable land,0.0,0.0
S2A_MSIL2A_20171208T093351_N9999_R136_T34TEN_17_01,Broad-leaved forest,2.0,2.0
S2A_MSIL2A_20171208T093351_N9999_R136_T34TEN_17_17,Broad-leaved forest,2.0,0.0
S2A_MSIL2A_20171208T093351_N9999_R136_T34TEN_18_00,Broad-leaved forest,2.0,2.0
S2A_MSIL2A_20171208T093351_N9999_R136_T34TEN_18_24,Broad-leaved forest,2.0,2.0
S2A_MSIL2A_20171208T093351_N9999_R136_T34TEN_18_76,Broad-leaved forest,2.0,2.0
S2A_MSIL2A_20171208T093351_N9999_R136_T34TEN_19_90,Arable land,0.0,0.0
S2A_MSIL2A_20171208T093351_N9999_R136_T34TEN_20_68,Broad-leaved forest,2.0,2.0
S2A_MSIL2A_20171208T093351_N9999_R136_T34TEN_21_22,Broad-leaved forest,2.0,2.0
S2A_MSIL2A_20171208T093351_N9999_R136_T34TEN_21_23,Broad-leaved forest,2.0,2.0
S2A_MSIL2A_20171208T093351_N9999_R136_T34TEN_21_89,Complex cultivation patterns,5.0,0.0
S2A_MSIL2A_20171208T093351_N9999_R136_T34TEN_22_06,Complex cultivation patterns,5.0,0.0
S2A_MSIL2A_20171208T093351_N9999_R136_T34TEN_22_85,Broad-leaved forest,2.0,2.0
S2A_MSIL2A_20171208T093351_N9999_R136_T34TEN_24_18,Broad-leaved forest,2.0,1.0
S2A_MSIL2A_20171208T093351_N9999_R136_T34TEN_24_68,Natural grassland and sparsely vegetated areas,18.0,2.0
S2A_MSIL2A_20171208T093351_N9999_R136_T34TEN_24_73,Broad-leaved forest,2.0,2.0
S2A_MSIL2A_20171208T093351_N9999_R136_T34TEN_26_15,Broad-leaved forest,2.0,2.0
S2A_MSIL2A_20171208T093351_N9999_R136_T34TEN_26_20,Broad-leaved forest,2.0,2.0
S2A_MSIL2A_20171208T093351_N9999_R136_T34TEN_26_87,Complex cultivation patterns,5.0,0.0
S2A_MSIL2A_20171208T093351_N9999_R136_T34TEN_27_87,Broad-leaved forest,2.0,0.0
S2A_MSIL2A_20171208T093351_N9999_R136_T34TEN_33_18,Broad-leaved forest,2.0,1.0
S2A_MSIL2A_20171208T093351_N9999_R136_T34TEN_33_48,Broad-leaved forest,2.0,2.0
S2A_MSIL2A_20171208T093351_N9999_R136_T34TEN_33_49,Broad-leaved forest,2.0,2.0
S2A_MSIL2A_20171208T093351_N9999_R136_T34TEN_34_08,Arable land,0.0,0.0
S2A_MSIL2A_20171208T093351_N9999_R136_T34TEN_34_82,Arable land,0.0,0.0
S2A_MSIL2A_20171208T093351_N9999_R136_T34TEN_34_83,Complex cultivation patterns,5.0,0.0
S2A_MSIL2A_20171208T093351_N9999_R136_T34TEN_35_51,Broad-leaved forest,2.0,2.0
S2A_MSIL2A_20171208T093351_N9999_R136_T34TEN_35_61,Broad-leaved forest,2.0,2.0
S2A_MSIL2A_20171208T093351_N9999_R136_T34TEN_36_28,Broad-leaved forest,2.0,2.0
S2A_MSIL2A_20171208T093351_N9999_R136_T34TEN_37_46,Broad-leaved forest,2.0,2.0
S2A_MSIL2A_20171208T093351_N9999_R136_T34TEN_38_39,Broad-leaved forest,2.0,2.0
S2A_MSIL2A_20171208T093351_N9999_R136_T34TEN_38_63,Broad-leaved forest,2.0,2.0
S2A_MSIL2A_20171208T093351_N9999_R136_T34TEN_38_65,Broad-leaved forest,2.0,2.0
S2A_MSIL2A_20171208T093351_N9999_R136_T34TEN_39_46,Broad-leaved forest,2.0,2.0
S2A_MSIL2A_20171208T093351_N9999_R136_T34TEN_39_52,Broad-leaved forest,2.0,2.0
S2A_MSIL2A_20171208T093351_N9999_R136_T34TEN_39_75,Arable land,0.0,0.0
S2A_MSIL2A_20171208T093351_N9999_R136_T34TEN_41_32,Broad-leaved forest,2.0,2.0
S2A_MSIL2A_20171208T093351_N9999_R136_T34TEN_41_73,Arable land,0.0,0.0
S2A_MSIL2A_20171208T093351_N9999_R136_T34TEN_42_20,Broad-leaved forest,2.0,0.0
S2A_MSIL2A_20171208T093351_N9999_R136_T34TEN_42_40,Broad-leaved forest,2.0,0.0
S2A_MSIL2A_20171208T093351_N9999_R136_T34TEN_42_48,Broad-leaved forest,2.0,2.0
S2A_MSIL2A_20171208T093351_N9999_R136_T34TEN_43_09,Complex cultivation patterns,5.0,0.0
S2A_MSIL2A_20171208T093351_N9999_R136_T34TEN_43_35,Broad-leaved forest,2.0,0.0
S2A_MSIL2A_20171208T093351_N9999_R136_T34TEN_43_38,Broad-leaved forest,2.0,0.0
S2A_MSIL2A_20171208T093351_N9999_R136_T34TEN_44_41,Broad-leaved forest,2.0,2.0
S2A_MSIL2A_20171208T093351_N9999_R136_T34TEN_45_71,Arable land,0.0,0.0
S2A_MSIL2A_20171208T093351_N9999_R136_T34TEN_46_23,Broad-leaved forest,2.0,0.0
S2A_MSIL2A_20171208T093351_N9999_R136_T34TEN_46_38,Arable land,0.0,0.0
S2A_MSIL2A_20171208T093351_N9999_R136_T34TEN_46_87,Broad-leaved forest,2.0,2.0
S2A_MSIL2A_20171208T093351_N9999_R136_T34TEN_47_63,Broad-leaved forest,2.0,0.0
S2A_MSIL2A_20171208T093351_N9999_R136_T34TEN_48_79,Broad-leaved forest,2.0,2.0
S2A_MSIL2A_20171208T093351_N9999_R136_T34TEN_49_40,Broad-leaved forest,2.0,2.0
S2A_MSIL2A_20171208T093351_N9999_R136_T34TEN_50_39,Broad-leaved forest,2.0,0.0
S2A_MSIL2A_20171208T093351_N9999_R136_T34TEN_50_55,Broad-leaved forest,2.0,2.0
S2A_MSIL2A_20171208T093351_N9999_R136_T34TEN_50_74,Broad-leaved forest,2.0,2.0
S2A_MSIL2A_20171208T093351_N9999_R136_T34TEN_52_07,Broad-leaved forest,2.0,0.0
S2A_MSIL2A_20171208T093351_N9999_R136_T34TEN_53_67,Broad-leaved forest,2.0,2.0
S2A_MSIL2A_20171208T093351_N9999_R136_T34TEN_54_32,Broad-leaved forest,2.0,0.0
S2A_MSIL2A_20171208T093351_N9999_R136_T34TEN_54_43,Broad-leaved forest,2.0,2.0
S2A_MSIL2A_20171208T093351_N9999_R136_T34TEN_55_25,Broad-leaved forest,2.0,0.0
S2A_MSIL2A_20171208T093351_N9999_R136_T34TEN_55_69,Broad-leaved forest,2.0,2.0
S2A_MSIL2A_20171208T093351_N9999_R136_T34TEN_56_31,Arable land,0.0,0.0
S2A_MSIL2A_20171208T093351_N9999_R136_T34TEN_56_83,Arable land,0.0,2.0
S2A_MSIL2A_20171208T093351_N9999_R136_T34TEN_56_87,Broad-leaved forest,2.0,2.0
S2A_MSIL2A_20171208T093351_N9999_R136_T34TEN_57_11,Arable land,0.0,2.0
S2A_MSIL2A_20171208T093351_N9999_R136_T34TEN_57_45,Complex cultivation patterns,5.0,0.0
S2A_MSIL2A_20171208T093351_N9999_R136_T34TEN_58_10,Arable land,0.0,0.0
S2A_MSIL2A_20171208T093351_N9999_R136_T34TEN_58_78,Arable land,0.0,0.0
S2A_MSIL2A_20171208T093351_N9999_R136_T34TEN_59_76,Arable land,0.0,0.0
S2A_MSIL2A_20171208T093351_N9999_R136_T34TEN_60_23,Arable land,0.0,0.0
S2A_MSIL2A_20171208T093351_N9999_R136_T34TEN_60_44,Arable land,0.0,0.0
S2A_MSIL2A_20171208T093351_N9999_R136_T34TEN_60_82,Arable land,0.0,0.0
S2A_MSIL2A_20171208T093351_N9999_R136_T34TEN_61_05,Arable land,0.0,0.0
S2A_MSIL2A_20171208T093351_N9999_R136_T34TEN_62_09,Broad-leaved forest,2.0,2.0
S2A_MSIL2A_20171208T093351_N9999_R136_T34TEN_63_16,Arable land,0.0,2.0
S2A_MSIL2A_20171208T093351_N9999_R136_T34TEN_63_71,Arable land,0.0,4.0
S2A_MSIL2A_20171208T093351_N9999_R136_T34TEN_64_46,Broad-leaved forest,2.0,1.0
S2A_MSIL2A_20171208T093351_N9999_R136_T34TEN_65_00,Arable land,0.0,0.0
S2A_MSIL2A_20171208T093351_N9999_R136_T34TEN_65_14,Arable land,0.0,0.0
S2A_MSIL2A_20171208T093351_N9999_R136_T34TEN_65_78,Broad-leaved forest,2.0,2.0
S2A_MSIL2A_20171208T093351_N9999_R136_T34TEN_67_07,Broad-leaved forest,2.0,2.0
S2A_MSIL2A_20171208T093351_N9999_R136_T34TEN_67_13,Arable land,0.0,2.0
S2A_MSIL2A_20171208T093351_N9999_R136_T34TEN_67_55,Broad-leaved forest,2.0,2.0
S2A_MSIL2A_20171208T093351_N9999_R136_T34TEN_67_59,Broad-leaved forest,2.0,0.0
S2A_MSIL2A_20171208T093351_N9999_R136_T34TEN_68_02,Arable land,0.0,2.0
S2A_MSIL2A_20171208T093351_N9999_R136_T34TEN_68_47,Broad-leaved forest,2.0,2.0
S2A_MSIL2A_20171208T093351_N9999_R136_T34TEN_69_45,Broad-leaved forest,2.0,2.0
S2A_MSIL2A_20171208T093351_N9999_R136_T34TEN_69_84,Broad-leaved forest,2.0,2.0
S2A_MSIL2A_20171208T093351_N9999_R136_T34TEN_70_36,Complex cultivation patterns,5.0,2.0
S2A_MSIL2A_20171208T093351_N9999_R136_T34TEN_70_74,Broad-leaved forest,2.0,2.0
S2A_MSIL2A_20171208T093351_N9999_R136_T34TEN_70_90,Broad-leaved forest,2.0,2.0
S2A_MSIL2A_20171208T093351_N9999_R136_T34TEN_71_24,Broad-leaved forest,2.0,2.0
S2A_MSIL2A_20171208T093351_N9999_R136_T34TEN_71_28,Arable land,0.0,2.0
S2A_MSIL2A_20171208T093351_N9999_R136_T34TEN_71_29,Broad-leaved forest,2.0,2.0
S2A_MSIL2A_20171208T093351_N9999_R136_T34TEN_71_32,Broad-leaved forest,2.0,0.0
S2A_MSIL2A_20171208T093351_N9999_R136_T34TEN_71_88,Broad-leaved forest,2.0,2.0
S2A_MSIL2A_20171208T093351_N9999_R136_T34TEN_72_00,Arable land,0.0,2.0
S2A_MSIL2A_20171208T093351_N9999_R136_T34TEN_72_44,Broad-leaved forest,2.0,2.0
S2A_MSIL2A_20171208T093351_N9999_R136_T34TEN_72_76,Broad-leaved forest,2.0,2.0
S2A_MSIL2A_20171208T093351_N9999_R136_T34TEN_72_86,Broad-leaved forest,2.0,2.0
S2A_MSIL2A_20171208T093351_N9999_R136_T34TEN_74_05,Broad-leaved forest,2.0,2.0
S2A_MSIL2A_20171208T093351_N9999_R136_T34TEN_75_16,Broad-leaved forest,2.0,2.0
S2A_MSIL2A_20171208T093351_N9999_R136_T34TEN_75_65,Broad-leaved forest,2.0,2.0
S2A_MSIL2A_20171208T093351_N9999_R136_T34TEN_76_13,Broad-leaved forest,2.0,1.0
S2A_MSIL2A_20171208T093351_N9999_R136_T34TEN_76_67,Broad-leaved forest,2.0,2.0
S2A_MSIL2A_20171208T093351_N9999_R136_T34TEN_77_12,Broad-leaved forest,2.0,2.0
S2A_MSIL2A_20171208T093351_N9999_R136_T34TEN_77_74,Broad-leaved forest,2.0,2.0
S2A_MSIL2A_20171208T093351_N9999_R136_T34TEN_78_07,Broad-leaved forest,2.0,2.0
S2A_MSIL2A_20171208T093351_N9999_R136_T34TEN_78_54,Broad-leaved forest,2.0,2.0
S2A_MSIL2A_20171208T093351_N9999_R136_T34TEN_81_27,Broad-leaved forest,2.0,2.0
S2A_MSIL2A_20171208T093351_N9999_R136_T34TEN_84_60,Broad-leaved forest,2.0,2.0
S2A_MSIL2A_20171208T093351_N9999_R136_T34TEN_84_66,Broad-leaved forest,2.0,2.0
S2A_MSIL2A_20171208T093351_N9999_R136_T34TEN_85_02,Broad-leaved forest,2.0,0.0
S2A_MSIL2A_20171208T093351_N9999_R136_T34TEN_85_53,Broad-leaved forest,2.0,1.0
S2A_MSIL2A_20171208T093351_N9999_R136_T34TEN_86_03,Broad-leaved forest,2.0,2.0
S2A_MSIL2A_20171208T093351_N9999_R136_T34TEN_87_11,Arable land,0.0,0.0
S2A_MSIL2A_20171208T093351_N9999_R136_T34TEN_87_12,Complex cultivation patterns,5.0,2.0
S2A_MSIL2A_20171208T093351_N9999_R136_T34TEN_87_23,Broad-leaved forest,2.0,0.0
S2A_MSIL2A_20171208T093351_N9999_R136_T34TEN_87_31,Broad-leaved forest,2.0,2.0
S2A_MSIL2A_20171208T093351_N9999_R136_T34TEN_89_45,Broad-leaved forest,2.0,0.0
S2A_MSIL2A_20171210T101411_N9999_R022_T33UWP_02_01,Arable land,0.0,0.0
S2A_MSIL2A_20171221T112501_N9999_R037_T29SND_00_18,Broad-leaved forest,2.0,0.0
S2A_MSIL2A_20171221T112501_N9999_R037_T29SND_00_52,Broad-leaved forest,2.0,2.0
S2A_MSIL2A_20171221T112501_N9999_R037_T29SND_01_26,Complex cultivation patterns,5.0,0.0
S2A_MSIL2A_20171221T112501_N9999_R037_T29SND_01_29,Complex cultivation patterns,5.0,0.0
S2A_MSIL2A_20171221T112501_N9999_R037_T29SND_01_41,Broad-leaved forest,2.0,0.0
S2A_MSIL2A_20171221T112501_N9999_R037_T29SND_01_42,Broad-leaved forest,2.0,2.0
S2A_MSIL2A_20171221T112501_N9999_R037_T29SND_02_14,Broad-leaved forest,2.0,0.0
S2A_MSIL2A_20171221T112501_N9999_R037_T29SND_02_40,Broad-leaved forest,2.0,5.0
S2A_MSIL2A_20171221T112501_N9999_R037_T29SND_02_69,Arable land,0.0,0.0
S2A_MSIL2A_20171221T112501_N9999_R037_T29SND_02_72,Arable land,0.0,0.0
S2A_MSIL2A_20171221T112501_N9999_R037_T29SND_03_04,Broad-leaved forest,2.0,0.0
S2A_MSIL2A_20171221T112501_N9999_R037_T29SND_03_20,Complex cultivation patterns,5.0,0.0
S2A_MSIL2A_20171221T112501_N9999_R037_T29SND_03_33,Broad-leaved forest,2.0,1.0
S2A_MSIL2A_20171221T112501_N9999_R037_T29SND_03_41,Broad-leaved forest,2.0,0.0
S2A_MSIL2A_20171221T112501_N9999_R037_T29SND_04_28,Broad-leaved forest,2.0,0.0
S2A_MSIL2A_20171221T112501_N9999_R037_T29SND_05_04,Coniferous forest,1.0,1.0
S2A_MSIL2A_20171221T112501_N9999_R037_T29SND_05_36,Broad-leaved forest,2.0,5.0
S2A_MSIL2A_20171221T112501_N9999_R037_T29SND_05_86,Arable land,0.0,0.0
S2A_MSIL2A_20171221T112501_N9999_R037_T29SND_06_04,Complex cultivation patterns,5.0,0.0
S2A_MSIL2A_20171221T112501_N9999_R037_T29SND_06_87,Agro-forestry areas,4.0,0.0
S2A_MSIL2A_20171221T112501_N9999_R037_T29SND_07_59,Broad-leaved forest,2.0,0.0
S2A_MSIL2A_20171221T112501_N9999_R037_T29SND_07_89,Broad-leaved forest,2.0,1.0
S2A_MSIL2A_20171221T112501_N9999_R037_T29SND_08_03,Complex cultivation patterns,5.0,0.0
S2A_MSIL2A_20171221T112501_N9999_R037_T29SND_09_21,"Moors, heathland and sclerophyllous vegetation",12.0,0.0
S2A_MSIL2A_20171221T112501_N9999_R037_T29SND_09_31,Complex cultivation patterns,5.0,0.0
S2A_MSIL2A_20171221T112501_N9999_R037_T29SND_09_58,Arable land,0.0,0.0
S2A_MSIL2A_20171221T112501_N9999_R037_T29SND_09_60,Arable land,0.0,0.0
S2A_MSIL2A_20171221T112501_N9999_R037_T29SND_09_87,Arable land,0.0,0.0
S2A_MSIL2A_20171221T112501_N9999_R037_T29SND_10_19,Complex cultivation patterns,5.0,0.0
S2A_MSIL2A_20171221T112501_N9999_R037_T29SND_10_58,Complex cultivation patterns,5.0,0.0
S2A_MSIL2A_20171221T112501_N9999_R037_T29SND_10_70,Arable land,0.0,0.0
S2A_MSIL2A_20171221T112501_N9999_R037_T29SND_11_09,Complex cultivation patterns,5.0,0.0
S2A_MSIL2A_20171221T112501_N9999_R037_T29SND_11_10,Complex cultivation patterns,5.0,0.0
S2A_MSIL2A_20171221T112501_N9999_R037_T29SND_11_87,Broad-leaved forest,2.0,1.0
S2A_MSIL2A_20171221T112501_N9999_R037_T29SND_12_03,Complex cultivation patterns,5.0,0.0
S2A_MSIL2A_20171221T112501_N9999_R037_T29SND_12_10,Complex cultivation patterns,5.0,0.0
S2A_MSIL2A_20171221T112501_N9999_R037_T29SND_12_34,Broad-leaved forest,2.0,2.0
S2A_MSIL2A_20171221T112501_N9999_R037_T29SND_13_55,Complex cultivation patterns,5.0,0.0
S2A_MSIL2A_20171221T112501_N9999_R037_T29SND_14_29,Complex cultivation patterns,5.0,0.0
S2A_MSIL2A_20171221T112501_N9999_R037_T29SND_14_41,Complex cultivation patterns,5.0,0.0
S2A_MSIL2A_20171221T112501_N9999_R037_T29SND_14_62,Arable land,0.0,0.0
S2A_MSIL2A_20171221T112501_N9999_R037_T29SND_15_84,Broad-leaved forest,2.0,2.0
S2A_MSIL2A_20171221T112501_N9999_R037_T29SND_16_20,"Moors, heathland and sclerophyllous vegetation",12.0,0.0
S2A_MSIL2A_20171221T112501_N9999_R037_T29SND_16_44,Arable land,0.0,0.0
S2A_MSIL2A_20171221T112501_N9999_R037_T29SND_16_75,Agro-forestry areas,4.0,0.0
S2A_MSIL2A_20171221T112501_N9999_R037_T29SND_17_10,Broad-leaved forest,2.0,1.0
S2A_MSIL2A_20171221T112501_N9999_R037_T29SND_18_08,Broad-leaved forest,2.0,5.0
S2A_MSIL2A_20171221T112501_N9999_R037_T29SND_18_19,"Land principally occupied by agriculture, with significant areas of natural vegetation",8.0,0.0
S2A_MSIL2A_20171221T112501_N9999_R037_T29SND_19_23,"Land principally occupied by agriculture, with significant areas of natural vegetation",8.0,0.0
S2A_MSIL2A_20171221T112501_N9999_R037_T29SND_19_48,Arable land,0.0,0.0
S2A_MSIL2A_20171221T112501_N9999_R037_T29SND_20_03,Complex cultivation patterns,5.0,0.0
S2A_MSIL2A_20171221T112501_N9999_R037_T29SND_20_46,Complex cultivation patterns,5.0,0.0
S2A_MSIL2A_20171221T112501_N9999_R037_T29SND_21_12,"Land principally occupied by agriculture, with significant areas of natural vegetation",8.0,5.0
S2A_MSIL2A_20171221T112501_N9999_R037_T29SND_21_80,Broad-leaved forest,2.0,0.0
S2A_MSIL2A_20171221T112501_N9999_R037_T29SND_22_02,Complex cultivation patterns,5.0,2.0
S2A_MSIL2A_20171221T112501_N9999_R037_T29SND_22_34,Arable land,0.0,0.0
S2A_MSIL2A_20171221T112501_N9999_R037_T29SND_22_83,Arable land,0.0,0.0
S2A_MSIL2A_20171221T112501_N9999_R037_T29SND_23_52,Arable land,0.0,0.0
S2A_MSIL2A_20171221T112501_N9999_R037_T29SND_24_14,"Land principally occupied by agriculture, with significant areas of natural vegetation",8.0,2.0
S2A_MSIL2A_20171221T112501_N9999_R037_T29SND_25_15,"Land principally occupied by agriculture, with significant areas of natural vegetation",8.0,2.0
S2A_MSIL2A_20171221T112501_N9999_R037_T29SND_26_36,Arable land,0.0,0.0
S2A_MSIL2A_20171221T112501_N9999_R037_T29SND_26_44,Arable land,0.0,0.0
S2A_MSIL2A_20171221T112501_N9999_R037_T29SND_26_54,Arable land,0.0,0.0
S2A_MSIL2A_20171221T112501_N9999_R037_T29SND_27_26,Arable land,0.0,4.0
S2A_MSIL2A_20171221T112501_N9999_R037_T29SND_30_17,Complex cultivation patterns,5.0,2.0
S2A_MSIL2A_20171221T112501_N9999_R037_T29SND_30_64,Broad-leaved forest,2.0,2.0
S2A_MSIL2A_20171221T112501_N9999_R037_T29SND_30_87,Agro-forestry areas,4.0,0.0
S2A_MSIL2A_20171221T112501_N9999_R037_T29SND_32_41,Arable land,0.0,0.0
S2A_MSIL2A_20171221T112501_N9999_R037_T29SND_32_74,Agro-forestry areas,4.0,4.0
S2A_MSIL2A_20171221T112501_N9999_R037_T29SND_33_53,Broad-leaved forest,2.0,2.0
S2A_MSIL2A_20171221T112501_N9999_R037_T29SND_33_71,Arable land,0.0,0.0
S2A_MSIL2A_20171221T112501_N9999_R037_T29SND_34_40,Arable land,0.0,0.0
S2A_MSIL2A_20171221T112501_N9999_R037_T29SND_34_79,Broad-leaved forest,2.0,2.0
S2A_MSIL2A_20171221T112501_N9999_R037_T29SND_35_49,Arable land,0.0,1.0
S2A_MSIL2A_20171221T112501_N9999_R037_T29SND_35_54,Arable land,0.0,0.0
S2A_MSIL2A_20171221T112501_N9999_R037_T29SND_36_22,Arable land,0.0,0.0
S2A_MSIL2A_20171221T112501_N9999_R037_T29SND_36_48,Arable land,0.0,1.0
S2A_MSIL2A_20171221T112501_N9999_R037_T29SND_36_83,Mixed forest,9.0,0.0
S2A_MSIL2A_20171221T112501_N9999_R037_T29SND_36_88,Agro-forestry areas,4.0,4.0
S2A_MSIL2A_20171221T112501_N9999_R037_T29SND_37_44,Arable land,0.0,2.0
S2A_MSIL2A_20171221T112501_N9999_R037_T29SND_37_61,Agro-forestry areas,4.0,0.0
S2A_MSIL2A_20171221T112501_N9999_R037_T29SND_38_11,Complex cultivation patterns,5.0,0.0
S2A_MSIL2A_20171221T112501_N9999_R037_T29SND_38_29,Arable land,0.0,0.0
S2A_MSIL2A_20171221T112501_N9999_R037_T29SND_38_37,"Land principally occupied by agriculture, with significant areas of natural vegetation",8.0,0.0
S2A_MSIL2A_20171221T112501_N9999_R037_T29SND_38_43,Broad-leaved forest,2.0,2.0
S2A_MSIL2A_20171221T112501_N9999_R037_T29SND_38_62,Agro-forestry areas,4.0,0.0
S2A_MSIL2A_20171221T112501_N9999_R037_T29SND_39_56,Broad-leaved forest,2.0,0.0
S2A_MSIL2A_20171221T112501_N9999_R037_T29SND_39_66,Agro-forestry areas,4.0,4.0
S2A_MSIL2A_20171221T112501_N9999_R037_T29SND_39_84,Agro-forestry areas,4.0,4.0
S2A_MSIL2A_20171221T112501_N9999_R037_T29SND_40_63,Broad-leaved forest,2.0,0.0
S2A_MSIL2A_20171221T112501_N9999_R037_T29SND_40_68,Complex cultivation patterns,5.0,0.0
S2A_MSIL2A_20171221T112501_N9999_R037_T29SND_41_59,Agro-forestry areas,4.0,4.0
S2A_MSIL2A_20171221T112501_N9999_R037_T29SND_41_67,Broad-leaved forest,2.0,2.0
S2A_MSIL2A_20171221T112501_N9999_R037_T29SND_41_79,Agro-forestry areas,4.0,2.0
S2A_MSIL2A_20171221T112501_N9999_R037_T29SND_42_55,Broad-leaved forest,2.0,4.0
S2A_MSIL2A_20171221T112501_N9999_R037_T29SND_42_59,Arable land,0.0,0.0
S2A_MSIL2A_20171221T112501_N9999_R037_T29SND_43_46,Agro-forestry areas,4.0,0.0
S2A_MSIL2A_20171221T112501_N9999_R037_T29SND_44_02,Broad-leaved forest,2.0,2.0
S2A_MSIL2A_20171221T112501_N9999_R037_T29SND_44_50,Broad-leaved forest,2.0,2.0
S2A_MSIL2A_20171221T112501_N9999_R037_T29SND_45_14,Arable land,0.0,0.0
S2A_MSIL2A_20171221T112501_N9999_R037_T29SND_45_47,Agro-forestry areas,4.0,4.0
S2A_MSIL2A_20171221T112501_N9999_R037_T29SND_46_09,Broad-leaved forest,2.0,0.0
S2A_MSIL2A_20171221T112501_N9999_R037_T29SND_47_33,Broad-leaved forest,2.0,2.0
S2A_MSIL2A_20171221T112501_N9999_R037_T29SND_48_01,Broad-leaved forest,2.0,0.0
S2A_MSIL2A_20171221T112501_N9999_R037_T29SND_48_15,Broad-leaved forest,2.0,0.0
S2A_MSIL2A_20171221T112501_N9999_R037_T29SND_48_57,Arable land,0.0,0.0
S2A_MSIL2A_20171221T112501_N9999_R037_T29SND_48_58,Agro-forestry areas,4.0,2.0
S2A_MSIL2A_20171221T112501_N9999_R037_T29SND_49_33,Agro-forestry areas,4.0,0.0
S2A_MSIL2A_20171221T112501_N9999_R037_T29SND_49_87,Agro-forestry areas,4.0,2.0
S2A_MSIL2A_20171221T112501_N9999_R037_T29SND_50_37,Broad-leaved forest,2.0,1.0
S2A_MSIL2A_20171221T112501_N9999_R037_T29SND_50_85,Agro-forestry areas,4.0,4.0
S2A_MSIL2A_20171221T112501_N9999_R037_T29SND_51_34,Broad-leaved forest,2.0,2.0
S2A_MSIL2A_20171221T112501_N9999_R037_T29SND_52_04,Broad-leaved forest,2.0,2.0
S2A_MSIL2A_20171221T112501_N9999_R037_T29SND_52_15,Broad-leaved forest,2.0,0.0
S2A_MSIL2A_20171221T112501_N9999_R037_T29SND_52_33,Complex cultivation patterns,5.0,2.0
S2A_MSIL2A_20171221T112501_N9999_R037_T29SND_52_34,"Moors, heathland and sclerophyllous vegetation",12.0,2.0
S2A_MSIL2A_20171221T112501_N9999_R037_T29SND_52_66,Agro-forestry areas,4.0,2.0
S2A_MSIL2A_20171221T112501_N9999_R037_T29SND_52_68,Arable land,0.0,0.0
S2A_MSIL2A_20171221T112501_N9999_R037_T29SND_52_69,Arable land,0.0,0.0
S2A_MSIL2A_20171221T112501_N9999_R037_T29SND_53_02,Broad-leaved forest,2.0,2.0
S2A_MSIL2A_20171221T112501_N9999_R037_T29SND_53_71,Arable land,0.0,0.0
S2A_MSIL2A_20171221T112501_N9999_R037_T29SND_54_19,Broad-leaved forest,2.0,2.0
S2A_MSIL2A_20171221T112501_N9999_R037_T29SND_54_30,Broad-leaved forest,2.0,2.0
S2A_MSIL2A_20171221T112501_N9999_R037_T29SND_54_46,Arable land,0.0,0.0
S2A_MSIL2A_20171221T112501_N9999_R037_T29SND_54_80,Broad-leaved forest,2.0,4.0
S2A_MSIL2A_20171221T112501_N9999_R037_T29SND_55_88,Agro-forestry areas,4.0,0.0
S2A_MSIL2A_20171221T112501_N9999_R037_T29SND_56_09,Broad-leaved forest,2.0,2.0
S2A_MSIL2A_20171221T112501_N9999_R037_T29SND_56_13,Broad-leaved forest,2.0,1.0
S2A_MSIL2A_20171221T112501_N9999_R037_T29SND_56_19,Broad-leaved forest,2.0,2.0
S2A_MSIL2A_20171221T112501_N9999_R037_T29SND_56_34,Broad-leaved forest,2.0,2.0
S2A_MSIL2A_20171221T112501_N9999_R037_T29SND_56_41,Arable land,0.0,0.0
S2A_MSIL2A_20171221T112501_N9999_R037_T29SND_56_67,Broad-leaved forest,2.0,2.0
S2A_MSIL2A_20171221T112501_N9999_R037_T29SND_56_88,Agro-forestry areas,4.0,2.0
S2A_MSIL2A_20171221T112501_N9999_R037_T29SND_57_55,Arable land,0.0,2.0
S2A_MSIL2A_20171221T112501_N9999_R037_T29SND_59_14,Broad-leaved forest,2.0,2.0
S2A_MSIL2A_20171221T112501_N9999_R037_T29SND_60_14,Coniferous forest,1.0,2.0
S2A_MSIL2A_20171221T112501_N9999_R037_T29SND_60_21,Industrial or commercial units,11.0,0.0
S2A_MSIL2A_20171221T112501_N9999_R037_T29SND_60_52,Agro-forestry areas,4.0,2.0
S2A_MSIL2A_20171221T112501_N9999_R037_T29SND_60_70,Agro-forestry areas,4.0,2.0
S2A_MSIL2A_20171221T112501_N9999_R037_T29SND_61_42,Broad-leaved forest,2.0,2.0
S2A_MSIL2A_20171221T112501_N9999_R037_T29SND_62_00,"Moors, heathland and sclerophyllous vegetation",12.0,1.0
S2A_MSIL2A_20171221T112501_N9999_R037_T29SND_62_27,Arable land,0.0,2.0
S2A_MSIL2A_20171221T112501_N9999_R037_T29SND_63_15,Complex cultivation patterns,5.0,2.0
S2A_MSIL2A_20171221T112501_N9999_R037_T29SND_64_12,Coniferous forest,1.0,2.0
S2A_MSIL2A_20171221T112501_N9999_R037_T29SND_64_22,"Land principally occupied by agriculture, with significant areas of natural vegetation",8.0,0.0
S2A_MSIL2A_20171221T112501_N9999_R037_T29SND_64_28,Agro-forestry areas,4.0,2.0
S2A_MSIL2A_20171221T112501_N9999_R037_T29SND_64_75,Agro-forestry areas,4.0,4.0
S2A_MSIL2A_20171221T112501_N9999_R037_T29SND_65_54,Arable land,0.0,0.0
S2A_MSIL2A_20171221T112501_N9999_R037_T29SND_66_52,Agro-forestry areas,4.0,4.0
S2A_MSIL2A_20171221T112501_N9999_R037_T29SND_67_46,Broad-leaved forest,2.0,4.0
S2A_MSIL2A_20171221T112501_N9999_R037_T29SND_68_15,Complex cultivation patterns,5.0,1.0
S2A_MSIL2A_20171221T112501_N9999_R037_T29SND_68_19,Broad-leaved forest,2.0,0.0
S2A_MSIL2A_20171221T112501_N9999_R037_T29SND_68_75,Agro-forestry areas,4.0,2.0
S2A_MSIL2A_20171221T112501_N9999_R037_T29SND_69_79,Agro-forestry areas,4.0,4.0
S2A_MSIL2A_20171221T112501_N9999_R037_T29SND_70_29,Arable land,0.0,2.0
S2A_MSIL2A_20171221T112501_N9999_R037_T29SND_70_45,Agro-forestry areas,4.0,0.0
S2A_MSIL2A_20171221T112501_N9999_R037_T29SND_71_21,"Land principally occupied by agriculture, with significant areas of natural vegetation",8.0,2.0
S2A_MSIL2A_20171221T112501_N9999_R037_T29SND_71_35,Broad-leaved forest,2.0,2.0
S2A_MSIL2A_20171221T112501_N9999_R037_T29SND_71_74,Agro-forestry areas,4.0,0.0
S2A_MSIL2A_20171221T112501_N9999_R037_T29SND_71_86,Agro-forestry areas,4.0,4.0
S2A_MSIL2A_20171221T112501_N9999_R037_T29SND_72_07,Coniferous forest,1.0,2.0
S2A_MSIL2A_20171221T112501_N9999_R037_T29SND_72_38,Arable land,0.0,0.0
S2A_MSIL2A_20171221T112501_N9999_R037_T29SND_75_03,Mixed forest,9.0,2.0
S2A_MSIL2A_20171221T112501_N9999_R037_T29SND_75_10,Coniferous forest,1.0,1.0
S2A_MSIL2A_20171221T112501_N9999_R037_T29SND_75_28,Broad-leaved forest,2.0,2.0
S2A_MSIL2A_20171221T112501_N9999_R037_T29SND_76_08,Broad-leaved forest,2.0,5.0
S2A_MSIL2A_20171221T112501_N9999_R037_T29SND_76_44,Agro-forestry areas,4.0,2.0
S2A_MSIL2A_20171221T112501_N9999_R037_T29SND_76_67,Agro-forestry areas,4.0,2.0
S2A_MSIL2A_20171221T112501_N9999_R037_T29SND_77_78,Agro-forestry areas,4.0,4.0
S2A_MSIL2A_20171221T112501_N9999_R037_T29SND_78_08,Broad-leaved forest,2.0,1.0
S2A_MSIL2A_20171221T112501_N9999_R037_T29SND_79_65,Arable land,0.0,4.0
S2A_MSIL2A_20171221T112501_N9999_R037_T29SND_80_02,"Land principally occupied by agriculture, with significant areas of natural vegetation",8.0,2.0
S2A_MSIL2A_20171221T112501_N9999_R037_T29SND_80_29,Arable land,0.0,2.0
S2A_MSIL2A_20171221T112501_N9999_R037_T29SND_80_36,Mixed forest,9.0,4.0
S2A_MSIL2A_20171221T112501_N9999_R037_T29SND_81_29,Arable land,0.0,2.0
S2A_MSIL2A_20171221T112501_N9999_R037_T29SND_81_49,Agro-forestry areas,4.0,4.0
S2A_MSIL2A_20171221T112501_N9999_R037_T29SND_82_37,Broad-leaved forest,2.0,4.0
S2A_MSIL2A_20171221T112501_N9999_R037_T29SND_83_26,Broad-leaved forest,2.0,2.0
S2A_MSIL2A_20171221T112501_N9999_R037_T29SND_83_45,Agro-forestry areas,4.0,4.0
S2A_MSIL2A_20171221T112501_N9999_R037_T29SND_83_61,Agro-forestry areas,4.0,0.0
S2A_MSIL2A_20171221T112501_N9999_R037_T29SND_84_35,"Transitional woodland, shrub",14.0,2.0
S2A_MSIL2A_20171221T112501_N9999_R037_T29SND_85_38,Broad-leaved forest,2.0,4.0
S2A_MSIL2A_20171221T112501_N9999_R037_T29SND_85_48,Agro-forestry areas,4.0,4.0
S2A_MSIL2A_20171221T112501_N9999_R037_T29SND_86_26,Agro-forestry areas,4.0,2.0
S2A_MSIL2A_20171221T112501_N9999_R037_T29SND_86_75,Agro-forestry areas,4.0,2.0
S2A_MSIL2A_20171221T112501_N9999_R037_T29SND_87_42,Agro-forestry areas,4.0,0.0
S2A_MSIL2A_20171221T112501_N9999_R037_T29SND_88_44,Agro-forestry areas,4.0,4.0
S2A_MSIL2A_20171221T112501_N9999_R037_T29SND_88_53,Agro-forestry areas,4.0,4.0
S2A_MSIL2A_20171221T112501_N9999_R037_T29SND_89_16,"Transitional woodland, shrub",14.0,2.0
S2A_MSIL2A_20180205T100211_N9999_R122_T35VLJ_00_75,Coniferous forest,1.0,1.0
S2A_MSIL2A_20180205T100211_N9999_R122_T35VLJ_02_04,Coniferous forest,1.0,1.0
S2A_MSIL2A_20180205T100211_N9999_R122_T35VLJ_03_47,Coniferous forest,1.0,1.0
S2A_MSIL2A_20180205T100211_N9999_R122_T35VLJ_04_18,Coniferous forest,1.0,1.0
S2A_MSIL2A_20180205T100211_N9999_R122_T35VLJ_06_83,Arable land,0.0,1.0
S2A_MSIL2A_20180205T100211_N9999_R122_T35VLJ_07_62,Coniferous forest,1.0,1.0
S2A_MSIL2A_20180205T100211_N9999_R122_T35VLJ_08_80,"Land principally occupied by agriculture, with significant areas of natural vegetation",8.0,1.0
S2A_MSIL2A_20180205T100211_N9999_R122_T35VLJ_10_26,Coniferous forest,1.0,1.0
S2A_MSIL2A_20180205T100211_N9999_R122_T35VLJ_12_17,Coniferous forest,1.0,1.0
S2A_MSIL2A_20180205T100211_N9999_R122_T35VLJ_17_41,Coniferous forest,1.0,1.0
S2A_MSIL2A_20180205T100211_N9999_R122_T35VLJ_18_20,Coniferous forest,1.0,1.0
S2A_MSIL2A_20180205T100211_N9999_R122_T35VLJ_20_74,Coniferous forest,1.0,1.0
S2A_MSIL2A_20180205T100211_N9999_R122_T35VLJ_21_08,Coniferous forest,1.0,1.0
S2A_MSIL2A_20180205T100211_N9999_R122_T35VLJ_27_74,Coniferous forest,1.0,1.0
S2A_MSIL2A_20180205T100211_N9999_R122_T35VLJ_29_55,Coniferous forest,1.0,1.0
S2A_MSIL2A_20180205T100211_N9999_R122_T35VLJ_35_15,Coniferous forest,1.0,1.0
S2A_MSIL2A_20180205T100211_N9999_R122_T35VLJ_38_40,Coniferous forest,1.0,1.0
S2A_MSIL2A_20180205T100211_N9999_R122_T35VLJ_39_42,Coniferous forest,1.0,1.0
S2A_MSIL2A_20180205T100211_N9999_R122_T35VLJ_42_70,Coniferous forest,1.0,1.0
S2A_MSIL2A_20180205T100211_N9999_R122_T35VLJ_42_85,Coniferous forest,1.0,1.0
S2A_MSIL2A_20180205T100211_N9999_R122_T35VLJ_46_53,Coniferous forest,1.0,1.0
S2A_MSIL2A_20180205T100211_N9999_R122_T35VLJ_47_09,Coniferous forest,1.0,1.0
S2A_MSIL2A_20180205T100211_N9999_R122_T35VLJ_47_30,Coniferous forest,1.0,1.0
S2A_MSIL2A_20180205T100211_N9999_R122_T35VLJ_47_35,Coniferous forest,1.0,1.0
S2A_MSIL2A_20180205T100211_N9999_R122_T35VLJ_49_29,Coniferous forest,1.0,1.0
S2A_MSIL2A_20180205T100211_N9999_R122_T35VLJ_49_73,Coniferous forest,1.0,1.0
S2A_MSIL2A_20180205T100211_N9999_R122_T35VLJ_52_84,Mixed forest,9.0,1.0
S2A_MSIL2A_20180205T100211_N9999_R122_T35VLJ_53_51,Coniferous forest,1.0,1.0
S2A_MSIL2A_20180205T100211_N9999_R122_T35VLJ_57_82,Coniferous forest,1.0,1.0
S2A_MSIL2A_20180205T100211_N9999_R122_T35VLJ_63_53,Coniferous forest,1.0,1.0
S2A_MSIL2A_20180205T100211_N9999_R122_T35VLJ_64_30,Coniferous forest,1.0,1.0
S2A_MSIL2A_20180205T100211_N9999_R122_T35VLJ_64_54,Coniferous forest,1.0,1.0
S2A_MSIL2A_20180205T100211_N9999_R122_T35VLJ_67_53,Coniferous forest,1.0,1.0
S2A_MSIL2A_20180205T100211_N9999_R122_T35VLJ_67_87,Coniferous forest,1.0,1.0
S2A_MSIL2A_20180205T100211_N9999_R122_T35VLJ_67_90,Coniferous forest,1.0,1.0
S2A_MSIL2A_20180205T100211_N9999_R122_T35VLJ_68_24,Coniferous forest,1.0,1.0
S2A_MSIL2A_20180205T100211_N9999_R122_T35VLJ_69_34,Coniferous forest,1.0,1.0
S2A_MSIL2A_20180205T100211_N9999_R122_T35VLJ_69_53,Coniferous forest,1.0,1.0
S2A_MSIL2A_20180205T100211_N9999_R122_T35VLJ_73_00,Coniferous forest,1.0,1.0
S2A_MSIL2A_20180205T100211_N9999_R122_T35VLJ_73_15,Coniferous forest,1.0,1.0
S2A_MSIL2A_20180205T100211_N9999_R122_T35VLJ_73_44,Coniferous forest,1.0,1.0
S2A_MSIL2A_20180205T100211_N9999_R122_T35VLJ_74_76,Coniferous forest,1.0,1.0
S2A_MSIL2A_20180205T100211_N9999_R122_T35VLJ_78_03,Coniferous forest,1.0,1.0
S2A_MSIL2A_20180205T100211_N9999_R122_T35VLJ_78_63,Coniferous forest,1.0,1.0
S2A_MSIL2A_20180205T100211_N9999_R122_T35VLJ_79_38,Coniferous forest,1.0,1.0
S2A_MSIL2A_20180205T100211_N9999_R122_T35VLJ_80_15,Coniferous forest,1.0,1.0
S2A_MSIL2A_20180205T100211_N9999_R122_T35VLJ_80_74,Coniferous forest,1.0,1.0
S2A_MSIL2A_20180205T100211_N9999_R122_T35VLJ_81_42,Coniferous forest,1.0,1.0
S2A_MSIL2A_20180205T100211_N9999_R122_T35VLJ_81_65,Coniferous forest,1.0,1.0
S2A_MSIL2A_20180205T100211_N9999_R122_T35VLJ_81_90,Coniferous forest,1.0,1.0
S2A_MSIL2A_20180205T100211_N9999_R122_T35VLJ_84_15,Coniferous forest,1.0,1.0
S2A_MSIL2A_20180205T100211_N9999_R122_T35VLJ_84_54,Coniferous forest,1.0,1.0
S2A_MSIL2A_20180205T100211_N9999_R122_T35VLJ_87_20,Broad-leaved forest,2.0,1.0
S2A_MSIL2A_20180205T100211_N9999_R122_T35VLJ_88_11,Coniferous forest,1.0,1.0
S2A_MSIL2A_20180205T100211_N9999_R122_T35VLJ_90_53,Coniferous forest,1.0,1.0
S2A_MSIL2A_20180205T100211_N9999_R122_T35VLJ_90_55,Coniferous forest,1.0,1.0
S2A_MSIL2A_20180219T094031_N9999_R036_T35WPP_10_67,Coniferous forest,1.0,1.0
S2A_MSIL2A_20180219T094031_N9999_R036_T35WPP_15_32,Coniferous forest,1.0,1.0
S2A_MSIL2A_20180225T114351_N9999_R123_T29UPU_00_16,Coniferous forest,1.0,2.0
S2A_MSIL2A_20180225T114351_N9999_R123_T29UPU_01_20,Mixed forest,9.0,1.0
S2A_MSIL2A_20180225T114351_N9999_R123_T29UPU_01_33,Pastures,7.0,0.0
S2A_MSIL2A_20180225T114351_N9999_R123_T29UPU_01_45,Coniferous forest,1.0,0.0
S2A_MSIL2A_20180225T114351_N9999_R123_T29UPU_02_50,Complex cultivation patterns,5.0,7.0
S2A_MSIL2A_20180225T114351_N9999_R123_T29UPU_03_02,Arable land,0.0,0.0
S2A_MSIL2A_20180225T114351_N9999_R123_T29UPU_03_15,Inland wetlands,10.0,0.0
S2A_MSIL2A_20180225T114351_N9999_R123_T29UPU_03_84,Pastures,7.0,0.0
S2A_MSIL2A_20180225T114351_N9999_R123_T29UPU_04_13,Coniferous forest,1.0,0.0
S2A_MSIL2A_20180225T114351_N9999_R123_T29UPU_05_08,Arable land,0.0,0.0
S2A_MSIL2A_20180225T114351_N9999_R123_T29UPU_06_10,Arable land,0.0,0.0
S2A_MSIL2A_20180225T114351_N9999_R123_T29UPU_06_36,Mixed forest,9.0,0.0
S2A_MSIL2A_20180225T114351_N9999_R123_T29UPU_06_37,Mixed forest,9.0,0.0
S2A_MSIL2A_20180225T114351_N9999_R123_T29UPU_06_75,Inland wetlands,10.0,0.0
S2A_MSIL2A_20180225T114351_N9999_R123_T29UPU_08_05,Arable land,0.0,7.0
S2A_MSIL2A_20180225T114351_N9999_R123_T29UPU_08_49,Pastures,7.0,0.0
S2A_MSIL2A_20180225T114351_N9999_R123_T29UPU_08_75,Arable land,0.0,0.0
S2A_MSIL2A_20180225T114351_N9999_R123_T29UPU_09_18,Complex cultivation patterns,5.0,0.0
S2A_MSIL2A_20180225T114351_N9999_R123_T29UPU_09_53,Pastures,7.0,7.0
S2A_MSIL2A_20180225T114351_N9999_R123_T29UPU_09_63,Arable land,0.0,0.0
S2A_MSIL2A_20180225T114351_N9999_R123_T29UPU_10_42,Arable land,0.0,0.0
S2A_MSIL2A_20180225T114351_N9999_R123_T29UPU_11_57,Arable land,0.0,0.0
S2A_MSIL2A_20180225T114351_N9999_R123_T29UPU_11_69,Arable land,0.0,0.0
S2A_MSIL2A_20180225T114351_N9999_R123_T29UPU_11_73,Mixed forest,9.0,0.0
S2A_MSIL2A_20180225T114351_N9999_R123_T29UPU_11_75,Pastures,7.0,0.0
S2A_MSIL2A_20180225T114351_N9999_R123_T29UPU_12_35,Coniferous forest,1.0,0.0
S2A_MSIL2A_20180225T114351_N9999_R123_T29UPU_12_67,Complex cultivation patterns,5.0,0.0
S2A_MSIL2A_20180225T114351_N9999_R123_T29UPU_14_13,Arable land,0.0,0.0
S2A_MSIL2A_20180225T114351_N9999_R123_T29UPU_15_67,Arable land,0.0,0.0
S2A_MSIL2A_20180225T114351_N9999_R123_T29UPU_17_34,Coniferous forest,1.0,0.0
S2A_MSIL2A_20180225T114351_N9999_R123_T29UPU_17_65,Pastures,7.0,7.0
S2A_MSIL2A_20180225T114351_N9999_R123_T29UPU_18_12,Arable land,0.0,0.0
S2A_MSIL2A_20180225T114351_N9999_R123_T29UPU_19_34,Pastures,7.0,7.0
S2A_MSIL2A_20180225T114351_N9999_R123_T29UPU_19_47,Coniferous forest,1.0,7.0
S2A_MSIL2A_20180225T114351_N9999_R123_T29UPU_19_74,"Land principally occupied by agriculture, with significant areas of natural vegetation",8.0,7.0
S2A_MSIL2A_20180225T114351_N9999_R123_T29UPU_20_63,Arable land,0.0,0.0
S2A_MSIL2A_20180225T114351_N9999_R123_T29UPU_21_02,Arable land,0.0,0.0
S2A_MSIL2A_20180225T114351_N9999_R123_T29UPU_21_67,Coniferous forest,1.0,0.0
S2A_MSIL2A_20180225T114351_N9999_R123_T29UPU_23_33,Pastures,7.0,0.0
S2A_MSIL2A_20180225T114351_N9999_R123_T29UPU_23_61,Arable land,0.0,0.0
S2A_MSIL2A_20180225T114351_N9999_R123_T29UPU_23_77,Coniferous forest,1.0,0.0
S2A_MSIL2A_20180225T114351_N9999_R123_T29UPU_24_28,Pastures,7.0,0.0
S2A_MSIL2A_20180225T114351_N9999_R123_T29UPU_25_79,Coniferous forest,1.0,0.0
S2A_MSIL2A_20180225T114351_N9999_R123_T29UPU_26_77,Pastures,7.0,0.0
S2A_MSIL2A_20180225T114351_N9999_R123_T29UPU_28_11,Arable land,0.0,0.0
S2A_MSIL2A_20180225T114351_N9999_R123_T29UPU_28_15,Complex cultivation patterns,5.0,0.0
S2A_MSIL2A_20180225T114351_N9999_R123_T29UPU_28_85,Arable land,0.0,0.0
S2A_MSIL2A_20180225T114351_N9999_R123_T29UPU_30_23,Arable land,0.0,0.0
S2A_MSIL2A_20180225T114351_N9999_R123_T29UPU_31_32,Arable land,0.0,0.0
S2A_MSIL2A_20180225T114351_N9999_R123_T29UPU_31_38,Arable land,0.0,0.0
S2A_MSIL2A_20180225T114351_N9999_R123_T29UPU_31_67,Coniferous forest,1.0,2.0
S2A_MSIL2A_20180225T114351_N9999_R123_T29UPU_33_66,"Land principally occupied by agriculture, with significant areas of natural vegetation",8.0,0.0
S2A_MSIL2A_20180225T114351_N9999_R123_T29UPU_33_68,Broad-leaved forest,2.0,0.0
S2A_MSIL2A_20180225T114351_N9999_R123_T29UPU_33_90,Arable land,0.0,0.0
S2A_MSIL2A_20180225T114351_N9999_R123_T29UPU_34_78,Arable land,0.0,0.0
S2A_MSIL2A_20180225T114351_N9999_R123_T29UPU_36_22,Arable land,0.0,0.0
S2A_MSIL2A_20180225T114351_N9999_R123_T29UPU_36_36,Arable land,0.0,0.0
S2A_MSIL2A_20180225T114351_N9999_R123_T29UPU_37_24,Arable land,0.0,0.0
S2A_MSIL2A_20180225T114351_N9999_R123_T29UPU_37_40,Arable land,0.0,0.0
S2A_MSIL2A_20180225T114351_N9999_R123_T29UPU_37_77,Arable land,0.0,0.0
S2A_MSIL2A_20180225T114351_N9999_R123_T29UPU_39_45,Arable land,0.0,0.0
S2A_MSIL2A_20180225T114351_N9999_R123_T29UPU_39_60,Coniferous forest,1.0,0.0
S2A_MSIL2A_20180225T114351_N9999_R123_T29UPU_39_61,"Land principally occupied by agriculture, with significant areas of natural vegetation",8.0,0.0
S2A_MSIL2A_20180225T114351_N9999_R123_T29UPU_39_70,Pastures,7.0,0.0
S2A_MSIL2A_20180225T114351_N9999_R123_T29UPU_39_84,Arable land,0.0,0.0
S2A_MSIL2A_20180225T114351_N9999_R123_T29UPU_40_81,Arable land,0.0,0.0
S2A_MSIL2A_20180225T114351_N9999_R123_T29UPU_42_41,Arable land,0.0,0.0
S2A_MSIL2A_20180225T114351_N9999_R123_T29UPU_42_42,Arable land,0.0,0.0
S2A_MSIL2A_20180225T114351_N9999_R123_T29UPU_42_75,Arable land,0.0,0.0
S2A_MSIL2A_20180225T114351_N9999_R123_T29UPU_42_87,Arable land,0.0,0.0
S2A_MSIL2A_20180225T114351_N9999_R123_T29UPU_43_76,Arable land,0.0,0.0
S2A_MSIL2A_20180225T114351_N9999_R123_T29UPU_44_59,Coniferous forest,1.0,0.0
S2A_MSIL2A_20180225T114351_N9999_R123_T29UPU_44_67,Arable land,0.0,0.0
S2A_MSIL2A_20180225T114351_N9999_R123_T29UPU_45_33,Pastures,7.0,0.0
S2A_MSIL2A_20180225T114351_N9999_R123_T29UPU_46_17,Arable land,0.0,0.0
S2A_MSIL2A_20180225T114351_N9999_R123_T29UPU_46_40,Arable land,0.0,0.0
S2A_MSIL2A_20180225T114351_N9999_R123_T29UPU_47_40,Arable land,0.0,0.0
S2A_MSIL2A_20180225T114351_N9999_R123_T29UPU_47_76,Arable land,0.0,0.0
S2A_MSIL2A_20180225T114351_N9999_R123_T29UPU_48_42,Arable land,0.0,0.0
S2A_MSIL2A_20180225T114351_N9999_R123_T29UPU_48_85,Arable land,0.0,0.0
S2A_MSIL2A_20180225T114351_N9999_R123_T29UPU_49_32,Arable land,0.0,0.0
S2A_MSIL2A_20180225T114351_N9999_R123_T29UPU_50_20,Coniferous forest,1.0,0.0
S2A_MSIL2A_20180225T114351_N9999_R123_T29UPU_50_21,Coniferous forest,1.0,0.0
S2A_MSIL2A_20180225T114351_N9999_R123_T29UPU_50_49,Arable land,0.0,0.0
S2A_MSIL2A_20180225T114351_N9999_R123_T29UPU_50_73,Coniferous forest,1.0,0.0
S2A_MSIL2A_20180225T114351_N9999_R123_T29UPU_51_22,Complex cultivation patterns,5.0,0.0
S2A_MSIL2A_20180225T114351_N9999_R123_T29UPU_53_80,Coniferous forest,1.0,0.0
S2A_MSIL2A_20180225T114351_N9999_R123_T29UPU_53_81,Coniferous forest,1.0,7.0
S2A_MSIL2A_20180225T114351_N9999_R123_T29UPU_55_75,Arable land,0.0,0.0
S2A_MSIL2A_20180225T114351_N9999_R123_T29UPU_56_06,Coniferous forest,1.0,0.0
S2A_MSIL2A_20180225T114351_N9999_R123_T29UPU_56_10,Inland waters,6.0,0.0
S2A_MSIL2A_20180225T114351_N9999_R123_T29UPU_56_16,Inland wetlands,10.0,2.0
S2A_MSIL2A_20180225T114351_N9999_R123_T29UPU_56_65,Arable land,0.0,0.0
S2A_MSIL2A_20180225T114351_N9999_R123_T29UPU_57_68,Arable land,0.0,0.0
S2A_MSIL2A_20180225T114351_N9999_R123_T29UPU_57_86,Broad-leaved forest,2.0,0.0
S2A_MSIL2A_20180225T114351_N9999_R123_T29UPU_58_00,Coniferous forest,1.0,0.0
S2A_MSIL2A_20180225T114351_N9999_R123_T29UPU_58_25,Coniferous forest,1.0,2.0
S2A_MSIL2A_20180225T114351_N9999_R123_T29UPU_58_86,Complex cultivation patterns,5.0,0.0
S2A_MSIL2A_20180225T114351_N9999_R123_T29UPU_59_38,Pastures,7.0,0.0
S2A_MSIL2A_20180225T114351_N9999_R123_T29UPU_59_68,Arable land,0.0,0.0
S2A_MSIL2A_20180225T114351_N9999_R123_T29UPU_60_09,Coniferous forest,1.0,2.0
S2A_MSIL2A_20180225T114351_N9999_R123_T29UPU_60_13,Coniferous forest,1.0,10.0
S2A_MSIL2A_20180225T114351_N9999_R123_T29UPU_60_27,Coniferous forest,1.0,2.0
S2A_MSIL2A_20180225T114351_N9999_R123_T29UPU_60_28,Coniferous forest,1.0,0.0
S2A_MSIL2A_20180225T114351_N9999_R123_T29UPU_60_33,Broad-leaved forest,2.0,0.0
S2A_MSIL2A_20180225T114351_N9999_R123_T29UPU_61_33,Broad-leaved forest,2.0,0.0
S2A_MSIL2A_20180225T114351_N9999_R123_T29UPU_62_88,Arable land,0.0,0.0
S2A_MSIL2A_20180225T114351_N9999_R123_T29UPU_63_24,Broad-leaved forest,2.0,1.0
S2A_MSIL2A_20180225T114351_N9999_R123_T29UPU_63_61,Pastures,7.0,0.0
S2A_MSIL2A_20180225T114351_N9999_R123_T29UPU_63_64,Arable land,0.0,0.0
S2A_MSIL2A_20180225T114351_N9999_R123_T29UPU_63_80,Marine waters,3.0,0.0
S2A_MSIL2A_20180225T114351_N9999_R123_T29UPU_65_22,Coniferous forest,1.0,0.0
S2A_MSIL2A_20180225T114351_N9999_R123_T29UPU_65_69,Arable land,0.0,0.0
S2A_MSIL2A_20180225T114351_N9999_R123_T29UPU_65_87,Marine waters,3.0,3.0
S2A_MSIL2A_20180225T114351_N9999_R123_T29UPU_66_11,Inland wetlands,10.0,2.0
S2A_MSIL2A_20180225T114351_N9999_R123_T29UPU_66_17,Coniferous forest,1.0,0.0
S2A_MSIL2A_20180225T114351_N9999_R123_T29UPU_66_65,Arable land,0.0,0.0
S2A_MSIL2A_20180225T114351_N9999_R123_T29UPU_66_69,Arable land,0.0,0.0
S2A_MSIL2A_20180225T114351_N9999_R123_T29UPU_67_50,Arable land,0.0,0.0
S2A_MSIL2A_20180225T114351_N9999_R123_T29UPU_67_65,Broad-leaved forest,2.0,0.0
S2A_MSIL2A_20180225T114351_N9999_R123_T29UPU_67_89,Arable land,0.0,6.0
S2A_MSIL2A_20180225T114351_N9999_R123_T29UPU_70_44,Arable land,0.0,0.0
S2A_MSIL2A_20180225T114351_N9999_R123_T29UPU_72_85,Marine waters,3.0,3.0
S2A_MSIL2A_20180225T114351_N9999_R123_T29UPU_73_44,Pastures,7.0,0.0
S2A_MSIL2A_20180225T114351_N9999_R123_T29UPU_73_50,Complex cultivation patterns,5.0,0.0
S2A_MSIL2A_20180225T114351_N9999_R123_T29UPU_73_71,Marine waters,3.0,3.0
S2A_MSIL2A_20180225T114351_N9999_R123_T29UPU_74_28,Pastures,7.0,0.0
S2A_MSIL2A_20180225T114351_N9999_R123_T29UPU_74_52,Marine waters,3.0,3.0
S2A_MSIL2A_20180225T114351_N9999_R123_T29UPU_76_22,Broad-leaved forest,2.0,0.0
S2A_MSIL2A_20180225T114351_N9999_R123_T29UPU_76_24,Broad-leaved forest,2.0,0.0
S2A_MSIL2A_20180225T114351_N9999_R123_T29UPU_76_70,Marine waters,3.0,3.0
S2A_MSIL2A_20180225T114351_N9999_R123_T29UPU_76_83,Marine waters,3.0,3.0
S2A_MSIL2A_20180225T114351_N9999_R123_T29UPU_77_29,Arable land,0.0,0.0
S2A_MSIL2A_20180225T114351_N9999_R123_T29UPU_78_26,Mixed forest,9.0,0.0
S2A_MSIL2A_20180225T114351_N9999_R123_T29UPU_78_79,Marine waters,3.0,3.0
S2A_MSIL2A_20180225T114351_N9999_R123_T29UPU_78_88,Marine waters,3.0,3.0
S2A_MSIL2A_20180225T114351_N9999_R123_T29UPU_80_58,Marine waters,3.0,3.0
S2A_MSIL2A_20180225T114351_N9999_R123_T29UPU_80_62,Marine waters,3.0,3.0
S2A_MSIL2A_20180225T114351_N9999_R123_T29UPU_81_36,Marine waters,3.0,3.0
S2A_MSIL2A_20180225T114351_N9999_R123_T29UPU_81_69,Marine waters,3.0,3.0
S2A_MSIL2A_20180225T114351_N9999_R123_T29UPU_82_14,Inland wetlands,10.0,3.0
S2A_MSIL2A_20180225T114351_N9999_R123_T29UPU_83_23,Marine waters,3.0,0.0
S2A_MSIL2A_20180225T114351_N9999_R123_T29UPU_83_43,Marine waters,3.0,3.0
S2A_MSIL2A_20180225T114351_N9999_R123_T29UPU_83_45,Marine waters,3.0,3.0
S2A_MSIL2A_20180225T114351_N9999_R123_T29UPU_83_59,Marine waters,3.0,3.0
S2A_MSIL2A_20180225T114351_N9999_R123_T29UPU_84_54,Marine waters,3.0,3.0
S2A_MSIL2A_20180225T114351_N9999_R123_T29UPU_85_01,Marine waters,3.0,3.0
S2A_MSIL2A_20180225T114351_N9999_R123_T29UPU_85_71,Marine waters,3.0,3.0
S2A_MSIL2A_20180225T114351_N9999_R123_T29UPU_85_73,Marine waters,3.0,3.0
S2A_MSIL2A_20180225T114351_N9999_R123_T29UPU_86_36,Marine waters,3.0,3.0
S2A_MSIL2A_20180225T114351_N9999_R123_T29UPU_87_77,Marine waters,3.0,3.0
S2A_MSIL2A_20180225T114351_N9999_R123_T29UPU_87_80,Marine waters,3.0,3.0
S2A_MSIL2A_20180225T114351_N9999_R123_T29UPU_89_18,Marine waters,3.0,3.0
S2A_MSIL2A_20180225T114351_N9999_R123_T29UPU_90_15,Marine waters,3.0,3.0
S2A_MSIL2A_20180225T114351_N9999_R123_T29UPU_90_53,Marine waters,3.0,3.0
S2A_MSIL2A_20180225T114351_N9999_R123_T29UPU_90_61,Marine waters,3.0,3.0
S2A_MSIL2A_20180225T114351_N9999_R123_T29UPU_90_66,Marine waters,3.0,3.0
S2A_MSIL2A_20180225T114351_N9999_R123_T29UPU_90_76,Marine waters,3.0,3.0
S2A_MSIL2A_20180228T101021_N9999_R022_T34WFS_22_88,Arable land,0.0,0.0
S2A_MSIL2A_20180228T101021_N9999_R022_T34WFS_77_10,Coniferous forest,1.0,1.0
S2A_MSIL2A_20180318T093031_N9999_R136_T35UMB_00_08,Arable land,0.0,0.0
S2A_MSIL2A_20180318T093031_N9999_R136_T35UMB_00_38,Arable land,0.0,1.0
S2A_MSIL2A_20180318T093031_N9999_R136_T35UMB_01_05,Arable land,0.0,0.0
S2A_MSIL2A_20180318T093031_N9999_R136_T35UMB_01_46,Mixed forest,9.0,0.0
S2A_MSIL2A_20180318T093031_N9999_R136_T35UMB_02_01,Arable land,0.0,0.0
S2A_MSIL2A_20180318T093031_N9999_R136_T35UMB_04_78,Complex cultivation patterns,5.0,2.0
S2A_MSIL2A_20180318T093031_N9999_R136_T35UMB_05_25,Arable land,0.0,1.0
S2A_MSIL2A_20180318T093031_N9999_R136_T35UMB_05_56,Arable land,0.0,0.0
S2A_MSIL2A_20180318T093031_N9999_R136_T35UMB_06_27,Arable land,0.0,0.0
S2A_MSIL2A_20180318T093031_N9999_R136_T35UMB_06_56,Arable land,0.0,0.0
S2A_MSIL2A_20180318T093031_N9999_R136_T35UMB_10_16,Arable land,0.0,0.0
S2A_MSIL2A_20180318T093031_N9999_R136_T35UMB_10_27,Arable land,0.0,0.0
S2A_MSIL2A_20180318T093031_N9999_R136_T35UMB_11_17,Arable land,0.0,0.0
S2A_MSIL2A_20180318T093031_N9999_R136_T35UMB_13_14,Arable land,0.0,4.0
S2A_MSIL2A_20180318T093031_N9999_R136_T35UMB_13_81,Coniferous forest,1.0,0.0
S2A_MSIL2A_20180318T093031_N9999_R136_T35UMB_14_00,Arable land,0.0,1.0
S2A_MSIL2A_20180318T093031_N9999_R136_T35UMB_14_34,Arable land,0.0,4.0
S2A_MSIL2A_20180318T093031_N9999_R136_T35UMB_17_01,Arable land,0.0,0.0
S2A_MSIL2A_20180318T093031_N9999_R136_T35UMB_18_62,Complex cultivation patterns,5.0,1.0
S2A_MSIL2A_20180318T093031_N9999_R136_T35UMB_20_03,Arable land,0.0,0.0
S2A_MSIL2A_20180318T093031_N9999_R136_T35UMB_20_35,Broad-leaved forest,2.0,0.0
S2A_MSIL2A_20180318T093031_N9999_R136_T35UMB_21_28,Arable land,0.0,0.0
S2A_MSIL2A_20180318T093031_N9999_R136_T35UMB_21_35,Broad-leaved forest,2.0,0.0
S2A_MSIL2A_20180318T093031_N9999_R136_T35UMB_22_23,Coniferous forest,1.0,2.0
S2A_MSIL2A_20180318T093031_N9999_R136_T35UMB_23_18,Broad-leaved forest,2.0,0.0
S2A_MSIL2A_20180318T093031_N9999_R136_T35UMB_23_23,Complex cultivation patterns,5.0,0.0
S2A_MSIL2A_20180318T093031_N9999_R136_T35UMB_29_88,Arable land,0.0,0.0
S2A_MSIL2A_20180318T093031_N9999_R136_T35UMB_30_06,Arable land,0.0,1.0
S2A_MSIL2A_20180318T093031_N9999_R136_T35UMB_30_09,Broad-leaved forest,2.0,2.0
S2A_MSIL2A_20180318T093031_N9999_R136_T35UMB_32_12,Arable land,0.0,0.0
S2A_MSIL2A_20180318T093031_N9999_R136_T35UMB_32_88,Broad-leaved forest,2.0,0.0
S2A_MSIL2A_20180318T093031_N9999_R136_T35UMB_37_21,Complex cultivation patterns,5.0,0.0
S2A_MSIL2A_20180318T093031_N9999_R136_T35UMB_39_40,Complex cultivation patterns,5.0,1.0
S2A_MSIL2A_20180318T093031_N9999_R136_T35UMB_41_52,Arable land,0.0,1.0
S2A_MSIL2A_20180318T093031_N9999_R136_T35UMB_42_16,Arable land,0.0,0.0
S2A_MSIL2A_20180318T093031_N9999_R136_T35UMB_42_17,Arable land,0.0,1.0
S2A_MSIL2A_20180318T093031_N9999_R136_T35UMB_42_41,Arable land,0.0,0.0
S2A_MSIL2A_20180318T093031_N9999_R136_T35UMB_51_65,Arable land,0.0,0.0
S2A_MSIL2A_20180318T093031_N9999_R136_T35UMB_54_59,Arable land,0.0,0.0
S2A_MSIL2A_20180318T093031_N9999_R136_T35UMB_55_61,Arable land,0.0,0.0
S2A_MSIL2A_20180318T093031_N9999_R136_T35UMB_56_61,Arable land,0.0,0.0
S2A_MSIL2A_20180318T093031_N9999_R136_T35UMB_56_70,Arable land,0.0,0.0
S2A_MSIL2A_20180318T093031_N9999_R136_T35UMB_57_70,Arable land,0.0,0.0
S2A_MSIL2A_20180318T093031_N9999_R136_T35UMB_57_72,Arable land,0.0,0.0
S2A_MSIL2A_20180318T093031_N9999_R136_T35UMB_59_58,Arable land,0.0,0.0
S2A_MSIL2A_20180318T093031_N9999_R136_T35UMB_59_59,Arable land,0.0,1.0
S2A_MSIL2A_20180318T093031_N9999_R136_T35UMB_62_58,Complex cultivation patterns,5.0,0.0
S2A_MSIL2A_20180318T093031_N9999_R136_T35UMB_62_61,Arable land,0.0,0.0
S2A_MSIL2A_20180318T093031_N9999_R136_T35UMB_62_64,Arable land,0.0,2.0
S2A_MSIL2A_20180318T093031_N9999_R136_T35UMB_72_58,Arable land,0.0,1.0
S2A_MSIL2A_20180318T093031_N9999_R136_T35UMB_72_61,Arable land,0.0,0.0
S2A_MSIL2A_20180413T095031_N9999_R079_T34UEG_00_24,Marine waters,3.0,3.0
S2A_MSIL2A_20180413T095031_N9999_R079_T34UEG_00_57,Coniferous forest,1.0,2.0
S2A_MSIL2A_20180413T095031_N9999_R079_T34UEG_01_34,Marine waters,3.0,3.0
S2A_MSIL2A_20180413T095031_N9999_R079_T34UEG_01_36,Marine waters,3.0,3.0
S2A_MSIL2A_20180413T095031_N9999_R079_T34UEG_01_44,Marine waters,3.0,3.0
S2A_MSIL2A_20180413T095031_N9999_R079_T34UEG_01_59,Marine waters,3.0,3.0
S2A_MSIL2A_20180413T095031_N9999_R079_T34UEG_02_12,Marine waters,3.0,3.0
S2A_MSIL2A_20180413T095031_N9999_R079_T34UEG_02_60,Marine waters,3.0,3.0
S2A_MSIL2A_20180413T095031_N9999_R079_T34UEG_02_63,Marine waters,3.0,3.0
S2A_MSIL2A_20180413T095031_N9999_R079_T34UEG_03_33,Marine waters,3.0,3.0
S2A_MSIL2A_20180413T095031_N9999_R079_T34UEG_04_49,Coniferous forest,1.0,0.0
S2A_MSIL2A_20180413T095031_N9999_R079_T34UEG_04_56,Marine waters,3.0,3.0
S2A_MSIL2A_20180413T095031_N9999_R079_T34UEG_05_53,Marine waters,3.0,3.0
S2A_MSIL2A_20180413T095031_N9999_R079_T34UEG_06_36,Coniferous forest,1.0,0.0
S2A_MSIL2A_20180413T095031_N9999_R079_T34UEG_06_57,Marine waters,3.0,3.0
S2A_MSIL2A_20180413T095031_N9999_R079_T34UEG_08_10,Arable land,0.0,0.0
S2A_MSIL2A_20180413T095031_N9999_R079_T34UEG_08_23,Industrial or commercial units,11.0,0.0
S2A_MSIL2A_20180413T095031_N9999_R079_T34UEG_08_25,Industrial or commercial units,11.0,0.0
S2A_MSIL2A_20180413T095031_N9999_R079_T34UEG_09_29,Coniferous forest,1.0,0.0
S2A_MSIL2A_20180413T095031_N9999_R079_T34UEG_09_53,Marine waters,3.0,3.0
S2A_MSIL2A_20180413T095031_N9999_R079_T34UEG_11_61,Marine waters,3.0,3.0
S2A_MSIL2A_20180413T095031_N9999_R079_T34UEG_12_26,Arable land,0.0,0.0
S2A_MSIL2A_20180413T095031_N9999_R079_T34UEG_13_43,Broad-leaved forest,2.0,0.0
S2A_MSIL2A_20180413T095031_N9999_R079_T34UEG_15_28,Inland waters,6.0,0.0
S2A_MSIL2A_20180413T095031_N9999_R079_T34UEG_17_24,Arable land,0.0,0.0
S2A_MSIL2A_20180413T095031_N9999_R079_T34UEG_17_27,Broad-leaved forest,2.0,0.0
S2A_MSIL2A_20180413T095031_N9999_R079_T34UEG_18_28,Arable land,0.0,0.0
S2A_MSIL2A_20180413T095031_N9999_R079_T34UEG_18_33,Arable land,0.0,0.0
S2A_MSIL2A_20180413T095031_N9999_R079_T34UEG_19_05,Arable land,0.0,0.0
S2A_MSIL2A_20180413T095031_N9999_R079_T34UEG_19_32,Arable land,0.0,0.0
S2A_MSIL2A_20180413T095031_N9999_R079_T34UEG_22_18,Arable land,0.0,0.0
S2A_MSIL2A_20180413T095031_N9999_R079_T34UEG_23_32,Arable land,0.0,0.0
S2A_MSIL2A_20180413T095031_N9999_R079_T34UEG_28_22,Arable land,0.0,0.0
S2A_MSIL2A_20180413T095031_N9999_R079_T34UEG_28_35,Complex cultivation patterns,5.0,0.0
S2A_MSIL2A_20180413T095031_N9999_R079_T34UEG_28_64,Arable land,0.0,0.0
S2A_MSIL2A_20180413T095031_N9999_R079_T34UEG_29_44,Arable land,0.0,0.0
S2A_MSIL2A_20180413T095031_N9999_R079_T34UEG_29_48,Arable land,0.0,0.0
S2A_MSIL2A_20180413T095031_N9999_R079_T34UEG_30_47,Arable land,0.0,0.0
S2A_MSIL2A_20180413T095031_N9999_R079_T34UEG_31_33,Arable land,0.0,0.0
S2A_MSIL2A_20180413T095031_N9999_R079_T34UEG_32_18,Arable land,0.0,0.0
S2A_MSIL2A_20180413T095031_N9999_R079_T34UEG_32_27,Arable land,0.0,0.0
S2A_MSIL2A_20180413T095031_N9999_R079_T34UEG_32_33,Arable land,0.0,0.0
S2A_MSIL2A_20180413T095031_N9999_R079_T34UEG_32_51,Arable land,0.0,0.0
S2A_MSIL2A_20180413T095031_N9999_R079_T34UEG_34_43,Arable land,0.0,0.0
S2A_MSIL2A_20180413T095031_N9999_R079_T34UEG_34_62,Arable land,0.0,0.0
S2A_MSIL2A_20180413T095031_N9999_R079_T34UEG_35_08,Arable land,0.0,0.0
S2A_MSIL2A_20180413T095031_N9999_R079_T34UEG_36_27,Coniferous forest,1.0,0.0
S2A_MSIL2A_20180413T095031_N9999_R079_T34UEG_36_72,Inland waters,6.0,0.0
S2A_MSIL2A_20180413T095031_N9999_R079_T34UEG_37_15,Coniferous forest,1.0,0.0
S2A_MSIL2A_20180413T095031_N9999_R079_T34UEG_37_43,Arable land,0.0,0.0
S2A_MSIL2A_20180413T095031_N9999_R079_T34UEG_37_48,Arable land,0.0,0.0
S2A_MSIL2A_20180413T095031_N9999_R079_T34UEG_38_13,Arable land,0.0,0.0
S2A_MSIL2A_20180413T095031_N9999_R079_T34UEG_39_01,Arable land,0.0,0.0
S2A_MSIL2A_20180413T095031_N9999_R079_T34UEG_39_27,Arable land,0.0,4.0
S2A_MSIL2A_20180413T095031_N9999_R079_T34UEG_39_55,Arable land,0.0,0.0
S2A_MSIL2A_20180413T095031_N9999_R079_T34UEG_40_16,Coniferous forest,1.0,2.0
S2A_MSIL2A_20180413T095031_N9999_R079_T34UEG_40_48,Arable land,0.0,0.0
S2A_MSIL2A_20180413T095031_N9999_R079_T34UEG_40_76,Arable land,0.0,0.0
S2A_MSIL2A_20180413T095031_N9999_R079_T34UEG_41_23,Coniferous forest,1.0,0.0
S2A_MSIL2A_20180413T095031_N9999_R079_T34UEG_41_74,Arable land,0.0,0.0
S2A_MSIL2A_20180413T095031_N9999_R079_T34UEG_42_06,Arable land,0.0,0.0
S2A_MSIL2A_20180413T095031_N9999_R079_T34UEG_42_27,Arable land,0.0,0.0
S2A_MSIL2A_20180413T095031_N9999_R079_T34UEG_45_32,Broad-leaved forest,2.0,0.0
S2A_MSIL2A_20180413T095031_N9999_R079_T34UEG_45_41,Mixed forest,9.0,2.0
S2A_MSIL2A_20180413T095031_N9999_R079_T34UEG_45_51,Arable land,0.0,0.0
S2A_MSIL2A_20180413T095031_N9999_R079_T34UEG_46_27,Coniferous forest,1.0,2.0
S2A_MSIL2A_20180413T095031_N9999_R079_T34UEG_47_05,Complex cultivation patterns,5.0,0.0
S2A_MSIL2A_20180413T095031_N9999_R079_T34UEG_47_24,Arable land,0.0,0.0
S2A_MSIL2A_20180413T095031_N9999_R079_T34UEG_47_29,Broad-leaved forest,2.0,2.0
S2A_MSIL2A_20180413T095031_N9999_R079_T34UEG_48_08,Coniferous forest,1.0,1.0
S2A_MSIL2A_20180413T095031_N9999_R079_T34UEG_48_69,Arable land,0.0,0.0
S2A_MSIL2A_20180413T095031_N9999_R079_T34UEG_48_76,Broad-leaved forest,2.0,0.0
S2A_MSIL2A_20180413T095031_N9999_R079_T34UEG_49_36,Arable land,0.0,0.0
S2A_MSIL2A_20180413T095031_N9999_R079_T34UEG_49_58,Arable land,0.0,0.0
S2A_MSIL2A_20180413T095031_N9999_R079_T34UEG_49_70,Arable land,0.0,0.0
S2A_MSIL2A_20180413T095031_N9999_R079_T34UEG_50_42,Arable land,0.0,0.0
S2A_MSIL2A_20180413T095031_N9999_R079_T34UEG_50_66,Arable land,0.0,0.0
S2A_MSIL2A_20180413T095031_N9999_R079_T34UEG_50_80,Broad-leaved forest,2.0,0.0
S2A_MSIL2A_20180413T095031_N9999_R079_T34UEG_51_01,Arable land,0.0,0.0
S2A_MSIL2A_20180413T095031_N9999_R079_T34UEG_51_48,Arable land,0.0,0.0
S2A_MSIL2A_20180413T095031_N9999_R079_T34UEG_51_50,Arable land,0.0,0.0
S2A_MSIL2A_20180413T095031_N9999_R079_T34UEG_51_55,Arable land,0.0,0.0
S2A_MSIL2A_20180413T095031_N9999_R079_T34UEG_52_77,Arable land,0.0,0.0
S2A_MSIL2A_20180413T095031_N9999_R079_T34UEG_53_30,Broad-leaved forest,2.0,2.0
S2A_MSIL2A_20180413T095031_N9999_R079_T34UEG_53_35,Arable land,0.0,0.0
S2A_MSIL2A_20180413T095031_N9999_R079_T34UEG_53_51,Arable land,0.0,0.0
S2A_MSIL2A_20180413T095031_N9999_R079_T34UEG_54_54,Broad-leaved forest,2.0,0.0
S2A_MSIL2A_20180413T095031_N9999_R079_T34UEG_54_65,Arable land,0.0,0.0
S2A_MSIL2A_20180413T095031_N9999_R079_T34UEG_54_66,Arable land,0.0,0.0
S2A_MSIL2A_20180413T095031_N9999_R079_T34UEG_54_67,Arable land,0.0,0.0
S2A_MSIL2A_20180413T095031_N9999_R079_T34UEG_54_73,Arable land,0.0,0.0
S2A_MSIL2A_20180413T095031_N9999_R079_T34UEG_55_02,Complex cultivation patterns,5.0,0.0
S2A_MSIL2A_20180413T095031_N9999_R079_T34UEG_55_17,Broad-leaved forest,2.0,0.0
S2A_MSIL2A_20180413T095031_N9999_R079_T34UEG_55_19,Mixed forest,9.0,0.0
S2A_MSIL2A_20180413T095031_N9999_R079_T34UEG_55_24,Complex cultivation patterns,5.0,0.0
S2A_MSIL2A_20180413T095031_N9999_R079_T34UEG_55_81,Coniferous forest,1.0,0.0
S2A_MSIL2A_20180413T095031_N9999_R079_T34UEG_60_24,Arable land,0.0,0.0
S2A_MSIL2A_20180413T095031_N9999_R079_T34UEG_60_35,Arable land,0.0,0.0
S2A_MSIL2A_20180413T095031_N9999_R079_T34UEG_61_62,Arable land,0.0,0.0
S2A_MSIL2A_20180413T095031_N9999_R079_T34UEG_62_52,Arable land,0.0,0.0
S2A_MSIL2A_20180413T095031_N9999_R079_T34UEG_63_13,Complex cultivation patterns,5.0,0.0
S2A_MSIL2A_20180413T095031_N9999_R079_T34UEG_63_16,Broad-leaved forest,2.0,0.0
S2A_MSIL2A_20180413T095031_N9999_R079_T34UEG_63_32,Arable land,0.0,0.0
S2A_MSIL2A_20180413T095031_N9999_R079_T34UEG_63_48,Arable land,0.0,0.0
S2A_MSIL2A_20180413T095031_N9999_R079_T34UEG_63_51,Arable land,0.0,0.0
S2A_MSIL2A_20180413T095031_N9999_R079_T34UEG_65_23,Broad-leaved forest,2.0,0.0
S2A_MSIL2A_20180413T095031_N9999_R079_T34UEG_65_48,Arable land,0.0,0.0
S2A_MSIL2A_20180413T095031_N9999_R079_T34UEG_66_32,Arable land,0.0,0.0
S2A_MSIL2A_20180413T095031_N9999_R079_T34UEG_68_15,Arable land,0.0,0.0
S2A_MSIL2A_20180413T095031_N9999_R079_T34UEG_69_30,Arable land,0.0,0.0
S2A_MSIL2A_20180413T095031_N9999_R079_T34UEG_69_70,Coniferous forest,1.0,2.0
S2A_MSIL2A_20180413T095031_N9999_R079_T34UEG_69_72,Coniferous forest,1.0,2.0
S2A_MSIL2A_20180413T095031_N9999_R079_T34UEG_70_24,Broad-leaved forest,2.0,0.0
S2A_MSIL2A_20180413T095031_N9999_R079_T34UEG_70_58,Broad-leaved forest,2.0,0.0
S2A_MSIL2A_20180413T095031_N9999_R079_T34UEG_71_08,Broad-leaved forest,2.0,0.0
S2A_MSIL2A_20180413T095031_N9999_R079_T34UEG_71_18,Complex cultivation patterns,5.0,0.0
S2A_MSIL2A_20180413T095031_N9999_R079_T34UEG_71_62,Arable land,0.0,0.0
S2A_MSIL2A_20180413T095031_N9999_R079_T34UEG_72_23,Arable land,0.0,0.0
S2A_MSIL2A_20180413T095031_N9999_R079_T34UEG_72_29,Arable land,0.0,0.0
S2A_MSIL2A_20180413T095031_N9999_R079_T34UEG_72_61,Arable land,0.0,0.0
S2A_MSIL2A_20180413T095031_N9999_R079_T34UEG_73_51,Arable land,0.0,0.0
S2A_MSIL2A_20180413T095031_N9999_R079_T34UEG_74_08,Arable land,0.0,0.0
S2A_MSIL2A_20180413T095031_N9999_R079_T34UEG_74_48,Arable land,0.0,0.0
S2A_MSIL2A_20180413T095031_N9999_R079_T34UEG_75_02,Arable land,0.0,2.0
S2A_MSIL2A_20180413T095031_N9999_R079_T34UEG_75_42,Arable land,0.0,0.0
S2A_MSIL2A_20180413T095031_N9999_R079_T34UEG_76_13,Arable land,0.0,0.0
S2A_MSIL2A_20180413T095031_N9999_R079_T34UEG_76_41,Broad-leaved forest,2.0,0.0
S2A_MSIL2A_20180413T095031_N9999_R079_T34UEG_77_23,Arable land,0.0,0.0
S2A_MSIL2A_20180413T095031_N9999_R079_T34UEG_77_41,Broad-leaved forest,2.0,0.0
S2A_MSIL2A_20180413T095031_N9999_R079_T34UEG_77_57,Coniferous forest,1.0,1.0
S2A_MSIL2A_20180413T095031_N9999_R079_T34UEG_77_58,Arable land,0.0,0.0
S2A_MSIL2A_20180413T095031_N9999_R079_T34UEG_79_62,Arable land,0.0,0.0
S2A_MSIL2A_20180413T095031_N9999_R079_T34UEG_80_12,Arable land,0.0,0.0
S2A_MSIL2A_20180413T095031_N9999_R079_T34UEG_81_12,Arable land,0.0,0.0
S2A_MSIL2A_20180413T095031_N9999_R079_T34UEG_81_26,Arable land,0.0,2.0
S2A_MSIL2A_20180413T095031_N9999_R079_T34UEG_81_40,Arable land,0.0,0.0
S2A_MSIL2A_20180413T095031_N9999_R079_T34UEG_81_56,Arable land,0.0,0.0
S2A_MSIL2A_20180413T095031_N9999_R079_T34UEG_82_47,Arable land,0.0,0.0
S2A_MSIL2A_20180413T095031_N9999_R079_T34UEG_83_77,Coniferous forest,1.0,2.0
S2A_MSIL2A_20180413T095031_N9999_R079_T34UEG_84_74,Broad-leaved forest,2.0,2.0
S2A_MSIL2A_20180413T095031_N9999_R079_T34UEG_84_75,Broad-leaved forest,2.0,2.0
S2A_MSIL2A_20180413T095031_N9999_R079_T34UEG_88_25,Arable land,0.0,0.0
S2A_MSIL2A_20180413T095031_N9999_R079_T34UEG_88_37,Arable land,0.0,0.0
S2A_MSIL2A_20180413T095031_N9999_R079_T34UEG_89_24,Arable land,0.0,0.0
S2A_MSIL2A_20180413T095031_N9999_R079_T34UEG_89_73,Arable land,0.0,0.0
S2A_MSIL2A_20180413T095031_N9999_R079_T35VLG_00_33,Coniferous forest,1.0,1.0
S2A_MSIL2A_20180413T095031_N9999_R079_T35VLG_00_61,Marine waters,3.0,3.0
S2A_MSIL2A_20180413T095031_N9999_R079_T35VLG_01_13,Arable land,0.0,0.0
S2A_MSIL2A_20180413T095031_N9999_R079_T35VLG_02_05,Arable land,0.0,0.0
S2A_MSIL2A_20180413T095031_N9999_R079_T35VLG_03_56,Marine waters,3.0,3.0
S2A_MSIL2A_20180413T095031_N9999_R079_T35VLG_03_62,Marine waters,3.0,3.0
S2A_MSIL2A_20180413T095031_N9999_R079_T35VLG_04_29,Coniferous forest,1.0,0.0
S2A_MSIL2A_20180413T095031_N9999_R079_T35VLG_04_33,Coniferous forest,1.0,0.0
S2A_MSIL2A_20180413T095031_N9999_R079_T35VLG_05_55,Marine waters,3.0,3.0
S2A_MSIL2A_20180413T095031_N9999_R079_T35VLG_06_05,Arable land,0.0,1.0
S2A_MSIL2A_20180413T095031_N9999_R079_T35VLG_09_12,Arable land,0.0,0.0
S2A_MSIL2A_20180413T095031_N9999_R079_T35VLG_10_26,Coniferous forest,1.0,1.0
S2A_MSIL2A_20180413T095031_N9999_R079_T35VLG_10_50,Marine waters,3.0,3.0
S2A_MSIL2A_20180413T095031_N9999_R079_T35VLG_15_03,Inland waters,6.0,1.0
S2A_MSIL2A_20180413T095031_N9999_R079_T35VLG_15_56,Marine waters,3.0,3.0
S2A_MSIL2A_20180413T095031_N9999_R079_T35VLG_17_25,Arable land,0.0,0.0
S2A_MSIL2A_20180413T095031_N9999_R079_T35VLG_18_56,Marine waters,3.0,3.0
S2A_MSIL2A_20180413T095031_N9999_R079_T35VLG_20_28,Arable land,0.0,1.0
S2A_MSIL2A_20180413T095031_N9999_R079_T35VLG_24_24,Broad-leaved forest,2.0,0.0
S2A_MSIL2A_20180413T095031_N9999_R079_T35VLG_25_30,Coniferous forest,1.0,0.0
S2A_MSIL2A_20180413T095031_N9999_R079_T35VLG_25_53,Marine waters,3.0,3.0
S2A_MSIL2A_20180413T095031_N9999_R079_T35VLG_26_07,Broad-leaved forest,2.0,0.0
S2A_MSIL2A_20180413T095031_N9999_R079_T35VLG_27_09,Arable land,0.0,0.0
S2A_MSIL2A_20180413T095031_N9999_R079_T35VLG_27_30,Arable land,0.0,0.0
S2A_MSIL2A_20180413T095031_N9999_R079_T35VLG_27_44,Marine waters,3.0,3.0
S2A_MSIL2A_20180413T095031_N9999_R079_T35VLG_28_17,Arable land,0.0,0.0
S2A_MSIL2A_20180413T095031_N9999_R079_T35VLG_29_21,Arable land,0.0,0.0
S2A_MSIL2A_20180413T095031_N9999_R079_T35VLG_29_39,Marine waters,3.0,3.0
S2A_MSIL2A_20180413T095031_N9999_R079_T35VLG_30_30,Arable land,0.0,0.0
S2A_MSIL2A_20180413T095031_N9999_R079_T35VLG_30_54,Marine waters,3.0,3.0
S2A_MSIL2A_20180413T095031_N9999_R079_T35VLG_31_49,Marine waters,3.0,3.0
S2A_MSIL2A_20180413T095031_N9999_R079_T35VLG_33_40,Marine waters,3.0,3.0
S2A_MSIL2A_20180413T095031_N9999_R079_T35VLG_33_46,Marine waters,3.0,3.0
S2A_MSIL2A_20180413T095031_N9999_R079_T35VLG_34_53,Marine waters,3.0,3.0
S2A_MSIL2A_20180413T095031_N9999_R079_T35VLG_36_22,Arable land,0.0,0.0
S2A_MSIL2A_20180413T095031_N9999_R079_T35VLG_36_38,Coniferous forest,1.0,3.0
S2A_MSIL2A_20180413T095031_N9999_R079_T35VLG_39_09,Arable land,0.0,0.0
S2A_MSIL2A_20180413T095031_N9999_R079_T35VLG_42_03,Arable land,0.0,11.0
S2A_MSIL2A_20180413T095031_N9999_R079_T35VLG_42_13,Arable land,0.0,0.0
S2A_MSIL2A_20180413T095031_N9999_R079_T35VLG_43_49,Marine waters,3.0,3.0
S2A_MSIL2A_20180413T095031_N9999_R079_T35VLG_45_31,Coniferous forest,1.0,0.0
S2A_MSIL2A_20180413T095031_N9999_R079_T35VLG_46_24,Arable land,0.0,0.0
S2A_MSIL2A_20180413T095031_N9999_R079_T35VLG_47_05,Arable land,0.0,1.0
S2A_MSIL2A_20180413T095031_N9999_R079_T35VLG_47_07,Arable land,0.0,0.0
S2A_MSIL2A_20180413T095031_N9999_R079_T35VLG_47_26,Arable land,0.0,0.0
S2A_MSIL2A_20180413T095031_N9999_R079_T35VLG_48_07,Coniferous forest,1.0,0.0
S2A_MSIL2A_20180413T095031_N9999_R079_T35VLG_50_22,Arable land,0.0,0.0
S2A_MSIL2A_20180413T095031_N9999_R079_T35VLG_53_06,Coniferous forest,1.0,0.0
S2A_MSIL2A_20180413T095031_N9999_R079_T35VLG_53_22,Coastal wetlands,16.0,2.0
S2A_MSIL2A_20180413T095031_N9999_R079_T35VLG_55_09,Coniferous forest,1.0,1.0
S2A_MSIL2A_20180413T095031_N9999_R079_T35VLG_56_21,Broad-leaved forest,2.0,0.0
S2A_MSIL2A_20180413T095031_N9999_R079_T35VLG_58_47,Marine waters,3.0,3.0
S2A_MSIL2A_20180413T095031_N9999_R079_T35VLG_60_45,Marine waters,3.0,3.0
S2A_MSIL2A_20180413T095031_N9999_R079_T35VLG_62_06,Arable land,0.0,0.0
S2A_MSIL2A_20180413T095031_N9999_R079_T35VLG_63_32,Marine waters,3.0,3.0
S2A_MSIL2A_20180413T095031_N9999_R079_T35VLG_64_27,Marine waters,3.0,3.0
S2A_MSIL2A_20180413T095031_N9999_R079_T35VLG_67_12,Industrial or commercial units,11.0,0.0
S2A_MSIL2A_20180413T095031_N9999_R079_T35VLG_67_30,Marine waters,3.0,3.0
S2A_MSIL2A_20180413T095031_N9999_R079_T35VLG_68_06,Arable land,0.0,0.0
S2A_MSIL2A_20180413T095031_N9999_R079_T35VLG_75_26,Industrial or commercial units,11.0,11.0
S2A_MSIL2A_20180413T095031_N9999_R079_T35VLG_77_03,Coniferous forest,1.0,1.0
S2A_MSIL2A_20180413T095031_N9999_R079_T35VLG_79_14,Arable land,0.0,0.0
S2A_MSIL2A_20180413T095031_N9999_R079_T35VLG_79_17,Mixed forest,9.0,0.0
S2A_MSIL2A_20180413T095031_N9999_R079_T35VLG_80_29,Marine waters,3.0,3.0
S2A_MSIL2A_20180413T095031_N9999_R079_T35VLG_82_03,Broad-leaved forest,2.0,0.0
S2A_MSIL2A_20180413T095031_N9999_R079_T35VLG_82_22,Marine waters,3.0,3.0
S2A_MSIL2A_20180413T095031_N9999_R079_T35VLG_84_32,Marine waters,3.0,3.0
S2A_MSIL2A_20180413T095031_N9999_R079_T35VLG_86_26,Marine waters,3.0,3.0
S2A_MSIL2A_20180413T095031_N9999_R079_T35VLG_86_33,Marine waters,3.0,3.0
S2A_MSIL2A_20180413T095031_N9999_R079_T35VLG_86_42,Marine waters,3.0,3.0
S2A_MSIL2A_20180413T095031_N9999_R079_T35VLG_87_14,"Land principally occupied by agriculture, with significant areas of natural vegetation",8.0,0.0
S2A_MSIL2A_20180413T095031_N9999_R079_T35VLG_87_32,Marine waters,3.0,3.0
S2A_MSIL2A_20180413T095031_N9999_R079_T35VLG_90_03,Arable land,0.0,0.0
S2A_MSIL2A_20180413T095031_N9999_R079_T35VLG_90_26,Marine waters,3.0,3.0
S2A_MSIL2A_20180419T101031_N9999_R022_T34VDN_11_68,Marine waters,3.0,3.0
S2A_MSIL2A_20180419T101031_N9999_R022_T34VDN_12_77,Marine waters,3.0,3.0
S2A_MSIL2A_20180419T101031_N9999_R022_T34VDN_16_81,Marine waters,3.0,3.0
S2A_MSIL2A_20180419T101031_N9999_R022_T34VDN_17_69,Marine waters,3.0,3.0
S2A_MSIL2A_20180419T101031_N9999_R022_T34VDN_17_81,Marine waters,3.0,3.0
S2A_MSIL2A_20180419T101031_N9999_R022_T34VDN_19_83,Marine waters,3.0,3.0
S2A_MSIL2A_20180419T101031_N9999_R022_T34VDN_21_82,Marine waters,3.0,3.0
S2A_MSIL2A_20180419T101031_N9999_R022_T34VDN_23_75,Marine waters,3.0,3.0
S2A_MSIL2A_20180419T101031_N9999_R022_T34VDN_24_62,Marine waters,3.0,3.0
S2A_MSIL2A_20180419T101031_N9999_R022_T34VDN_26_66,Marine waters,3.0,3.0
S2A_MSIL2A_20180419T101031_N9999_R022_T34VDN_28_77,Marine waters,3.0,3.0
S2A_MSIL2A_20180419T101031_N9999_R022_T34VDN_29_65,Marine waters,3.0,3.0
S2A_MSIL2A_20180419T101031_N9999_R022_T34VDN_29_71,Marine waters,3.0,3.0
S2A_MSIL2A_20180419T101031_N9999_R022_T34VDN_32_59,Marine waters,3.0,3.0
S2A_MSIL2A_20180419T101031_N9999_R022_T34VDN_33_88,Coniferous forest,1.0,1.0
S2A_MSIL2A_20180419T101031_N9999_R022_T34VDN_35_60,Marine waters,3.0,3.0
S2A_MSIL2A_20180419T101031_N9999_R022_T34VDN_36_59,Marine waters,3.0,3.0
S2A_MSIL2A_20180419T101031_N9999_R022_T34VDN_38_67,Marine waters,3.0,3.0
S2A_MSIL2A_20180419T101031_N9999_R022_T34VDN_39_64,Marine waters,3.0,3.0
S2A_MSIL2A_20180419T101031_N9999_R022_T34VDN_42_63,Marine waters,3.0,3.0
S2A_MSIL2A_20180419T101031_N9999_R022_T34VDN_42_77,Marine waters,3.0,3.0
S2A_MSIL2A_20180419T101031_N9999_R022_T34VDN_43_85,Marine waters,3.0,3.0
S2A_MSIL2A_20180419T101031_N9999_R022_T34VDN_45_69,Marine waters,3.0,3.0
S2A_MSIL2A_20180419T101031_N9999_R022_T34VDN_45_88,Marine waters,3.0,6.0
S2A_MSIL2A_20180419T101031_N9999_R022_T34VDN_46_86,Marine waters,3.0,3.0
S2A_MSIL2A_20180419T101031_N9999_R022_T34VDN_50_72,Marine waters,3.0,3.0
S2A_MSIL2A_20180419T101031_N9999_R022_T34VDN_50_88,Marine waters,3.0,3.0
S2A_MSIL2A_20180419T101031_N9999_R022_T34VDN_57_70,Marine waters,3.0,3.0
S2A_MSIL2A_20180419T101031_N9999_R022_T34VDN_59_60,Marine waters,3.0,3.0
S2A_MSIL2A_20180419T101031_N9999_R022_T34VDN_59_72,Marine waters,3.0,3.0
S2A_MSIL2A_20180419T101031_N9999_R022_T34VDN_64_82,Marine waters,3.0,3.0
S2A_MSIL2A_20180419T101031_N9999_R022_T34VDN_65_53,Marine waters,3.0,3.0
S2A_MSIL2A_20180419T101031_N9999_R022_T34VDN_65_78,Marine waters,3.0,3.0
S2A_MSIL2A_20180419T101031_N9999_R022_T34VDN_66_37,Marine waters,3.0,3.0
S2A_MSIL2A_20180419T101031_N9999_R022_T34VDN_66_58,Marine waters,3.0,3.0
S2A_MSIL2A_20180419T101031_N9999_R022_T34VDN_66_85,Marine waters,3.0,3.0
S2A_MSIL2A_20180419T101031_N9999_R022_T34VDN_67_89,Marine waters,3.0,3.0
S2A_MSIL2A_20180419T101031_N9999_R022_T34VDN_71_29,Marine waters,3.0,3.0
S2A_MSIL2A_20180419T101031_N9999_R022_T34VDN_71_53,Marine waters,3.0,3.0
S2A_MSIL2A_20180419T101031_N9999_R022_T34VDN_72_34,Marine waters,3.0,3.0
S2A_MSIL2A_20180419T101031_N9999_R022_T34VDN_73_48,Marine waters,3.0,3.0
S2A_MSIL2A_20180419T101031_N9999_R022_T34VDN_74_40,Marine waters,3.0,3.0
S2A_MSIL2A_20180419T101031_N9999_R022_T34VDN_74_71,Marine waters,3.0,3.0
S2A_MSIL2A_20180419T101031_N9999_R022_T34VDN_74_73,Marine waters,3.0,3.0
S2A_MSIL2A_20180419T101031_N9999_R022_T34VDN_75_39,Marine waters,3.0,3.0
S2A_MSIL2A_20180419T101031_N9999_R022_T34VDN_76_67,Marine waters,3.0,3.0
S2A_MSIL2A_20180419T101031_N9999_R022_T34VDN_77_39,Marine waters,3.0,3.0
S2A_MSIL2A_20180419T101031_N9999_R022_T34VDN_77_55,Marine waters,3.0,3.0
S2A_MSIL2A_20180419T101031_N9999_R022_T34VDN_78_08,Marine waters,3.0,3.0
S2A_MSIL2A_20180419T101031_N9999_R022_T34VDN_79_30,Marine waters,3.0,3.0
S2A_MSIL2A_20180419T101031_N9999_R022_T34VDN_79_82,Broad-leaved forest,2.0,3.0
S2A_MSIL2A_20180419T101031_N9999_R022_T34VDN_80_33,Marine waters,3.0,3.0
S2A_MSIL2A_20180419T101031_N9999_R022_T34VDN_80_38,Marine waters,3.0,3.0
S2A_MSIL2A_20180419T101031_N9999_R022_T34VDN_80_58,Marine waters,3.0,3.0
S2A_MSIL2A_20180419T101031_N9999_R022_T34VDN_81_42,Marine waters,3.0,3.0
S2A_MSIL2A_20180419T101031_N9999_R022_T34VDN_82_14,Marine waters,3.0,3.0
S2A_MSIL2A_20180419T101031_N9999_R022_T34VDN_82_34,Marine waters,3.0,3.0
S2A_MSIL2A_20180419T101031_N9999_R022_T34VDN_83_46,Marine waters,3.0,3.0
S2A_MSIL2A_20180419T101031_N9999_R022_T34VDN_83_49,Marine waters,3.0,3.0
S2A_MSIL2A_20180419T101031_N9999_R022_T34VDN_83_56,Marine waters,3.0,3.0
S2A_MSIL2A_20180419T101031_N9999_R022_T34VDN_83_73,Marine waters,3.0,3.0
S2A_MSIL2A_20180419T101031_N9999_R022_T34VDN_83_80,Marine waters,3.0,3.0
S2A_MSIL2A_20180419T101031_N9999_R022_T34VDN_85_16,Marine waters,3.0,3.0
S2A_MSIL2A_20180419T101031_N9999_R022_T34VDN_85_79,Broad-leaved forest,2.0,3.0
S2A_MSIL2A_20180419T101031_N9999_R022_T34VDN_86_31,Marine waters,3.0,3.0
S2A_MSIL2A_20180419T101031_N9999_R022_T34VDN_86_32,Marine waters,3.0,3.0
S2A_MSIL2A_20180419T101031_N9999_R022_T34VDN_87_52,Marine waters,3.0,3.0
S2A_MSIL2A_20180419T101031_N9999_R022_T34VDN_88_46,Marine waters,3.0,3.0
S2A_MSIL2A_20180419T101031_N9999_R022_T34VDN_89_05,Marine waters,3.0,3.0
S2A_MSIL2A_20180430T094031_N9999_R036_T34TCR_28_16,Arable land,0.0,0.0
S2A_MSIL2A_20180430T094031_N9999_R036_T34TCR_31_30,Arable land,0.0,0.0
S2A_MSIL2A_20180430T094031_N9999_R036_T34TCR_32_41,Arable land,0.0,0.0
S2A_MSIL2A_20180430T094031_N9999_R036_T34TCR_33_17,Arable land,0.0,0.0
S2A_MSIL2A_20180430T094031_N9999_R036_T34TCR_33_38,Arable land,0.0,5.0
S2A_MSIL2A_20180430T094031_N9999_R036_T34TCR_34_43,Arable land,0.0,0.0
S2A_MSIL2A_20180430T094031_N9999_R036_T34TCR_36_41,Arable land,0.0,0.0
S2A_MSIL2A_20180430T094031_N9999_R036_T34TCR_38_17,Arable land,0.0,0.0
S2A_MSIL2A_20180430T094031_N9999_R036_T34TCR_38_37,Arable land,0.0,0.0
S2A_MSIL2A_20180430T094031_N9999_R036_T34TCR_39_62,Arable land,0.0,0.0
S2A_MSIL2A_20180430T094031_N9999_R036_T34TCR_40_59,Arable land,0.0,0.0
S2A_MSIL2A_20180430T094031_N9999_R036_T34TCR_41_38,Arable land,0.0,0.0
S2A_MSIL2A_20180430T094031_N9999_R036_T34TCR_41_85,Arable land,0.0,0.0
S2A_MSIL2A_20180430T094031_N9999_R036_T34TCR_42_41,Arable land,0.0,0.0
S2A_MSIL2A_20180430T094031_N9999_R036_T34TCR_42_45,Arable land,0.0,0.0
S2A_MSIL2A_20180430T094031_N9999_R036_T34TCR_42_86,Arable land,0.0,0.0
S2A_MSIL2A_20180430T094031_N9999_R036_T34TCR_43_16,Arable land,0.0,0.0
S2A_MSIL2A_20180430T094031_N9999_R036_T34TCR_43_26,Arable land,0.0,0.0
S2A_MSIL2A_20180430T094031_N9999_R036_T34TCR_43_36,Arable land,0.0,0.0
S2A_MSIL2A_20180430T094031_N9999_R036_T34TCR_43_83,Arable land,0.0,0.0
S2A_MSIL2A_20180430T094031_N9999_R036_T34TCR_43_90,Arable land,0.0,0.0
S2A_MSIL2A_20180430T094031_N9999_R036_T34TCR_44_07,Arable land,0.0,0.0
S2A_MSIL2A_20180430T094031_N9999_R036_T34TCR_44_12,Arable land,0.0,0.0
S2A_MSIL2A_20180430T094031_N9999_R036_T34TCR_44_61,Arable land,0.0,0.0
S2A_MSIL2A_20180430T094031_N9999_R036_T34TCR_45_22,Arable land,0.0,0.0
S2A_MSIL2A_20180430T094031_N9999_R036_T34TCR_45_24,Arable land,0.0,0.0
S2A_MSIL2A_20180430T094031_N9999_R036_T34TCR_45_46,Arable land,0.0,0.0
S2A_MSIL2A_20180430T094031_N9999_R036_T34TCR_46_85,Arable land,0.0,0.0
S2A_MSIL2A_20180430T094031_N9999_R036_T34TCR_46_90,Arable land,0.0,0.0
S2A_MSIL2A_20180430T094031_N9999_R036_T34TCR_48_08,Arable land,0.0,0.0
S2A_MSIL2A_20180430T094031_N9999_R036_T34TCR_49_04,Arable land,0.0,0.0
S2A_MSIL2A_20180430T094031_N9999_R036_T34TCR_49_25,Arable land,0.0,0.0
S2A_MSIL2A_20180430T094031_N9999_R036_T34TCR_49_43,Arable land,0.0,0.0
S2A_MSIL2A_20180430T094031_N9999_R036_T34TCR_50_05,Arable land,0.0,0.0
S2A_MSIL2A_20180430T094031_N9999_R036_T34TCR_50_26,Arable land,0.0,0.0
S2A_MSIL2A_20180430T094031_N9999_R036_T34TCR_51_66,Arable land,0.0,0.0
S2A_MSIL2A_20180430T094031_N9999_R036_T34TCR_54_45,Arable land,0.0,0.0
S2A_MSIL2A_20180430T094031_N9999_R036_T34TCR_54_59,Arable land,0.0,0.0
S2A_MSIL2A_20180430T094031_N9999_R036_T34TCR_54_72,Arable land,0.0,2.0
S2A_MSIL2A_20180430T094031_N9999_R036_T34TCR_56_83,Arable land,0.0,0.0
S2A_MSIL2A_20180430T094031_N9999_R036_T34TCR_57_16,Arable land,0.0,0.0
S2A_MSIL2A_20180430T094031_N9999_R036_T34TCR_57_25,Arable land,0.0,0.0
S2A_MSIL2A_20180430T094031_N9999_R036_T34TCR_57_66,Arable land,0.0,0.0
S2A_MSIL2A_20180430T094031_N9999_R036_T34TCR_57_70,Arable land,0.0,0.0
S2A_MSIL2A_20180430T094031_N9999_R036_T34TCR_61_47,Arable land,0.0,0.0
S2A_MSIL2A_20180430T094031_N9999_R036_T34TCR_62_19,Arable land,0.0,2.0
S2A_MSIL2A_20180430T094031_N9999_R036_T34TCR_62_65,Arable land,0.0,0.0
S2A_MSIL2A_20180430T094031_N9999_R036_T34TCR_63_43,Arable land,0.0,0.0
S2A_MSIL2A_20180430T094031_N9999_R036_T34TCR_63_71,Arable land,0.0,0.0
S2A_MSIL2A_20180430T094031_N9999_R036_T34TCR_64_09,Arable land,0.0,0.0
S2A_MSIL2A_20180430T094031_N9999_R036_T34TCR_65_31,Arable land,0.0,0.0
S2A_MSIL2A_20180430T094031_N9999_R036_T34TCR_66_02,Arable land,0.0,0.0
S2A_MSIL2A_20180430T094031_N9999_R036_T34TCR_69_76,Arable land,0.0,0.0
S2A_MSIL2A_20180430T094031_N9999_R036_T34TCR_69_90,Arable land,0.0,0.0
S2A_MSIL2A_20180430T094031_N9999_R036_T34TCR_70_66,Arable land,0.0,0.0
S2A_MSIL2A_20180430T094031_N9999_R036_T34TCR_71_11,Arable land,0.0,0.0
S2A_MSIL2A_20180430T094031_N9999_R036_T34TCR_71_12,Arable land,0.0,0.0
S2A_MSIL2A_20180430T094031_N9999_R036_T34TCR_72_64,Arable land,0.0,0.0
S2A_MSIL2A_20180430T094031_N9999_R036_T34TCR_72_88,Arable land,0.0,0.0
S2A_MSIL2A_20180430T094031_N9999_R036_T34TCR_73_62,Arable land,0.0,0.0
S2A_MSIL2A_20180430T094031_N9999_R036_T34TCR_75_08,Arable land,0.0,0.0
S2A_MSIL2A_20180430T094031_N9999_R036_T34TCR_75_67,Arable land,0.0,0.0
S2A_MSIL2A_20180430T094031_N9999_R036_T34TCR_77_15,Arable land,0.0,0.0
S2A_MSIL2A_20180430T094031_N9999_R036_T34TCR_77_29,Arable land,0.0,0.0
S2A_MSIL2A_20180430T094031_N9999_R036_T34TCR_77_73,Arable land,0.0,0.0
S2A_MSIL2A_20180430T094031_N9999_R036_T34TCR_77_87,Arable land,0.0,0.0
S2A_MSIL2A_20180430T094031_N9999_R036_T34TCR_78_51,Arable land,0.0,0.0
S2A_MSIL2A_20180430T094031_N9999_R036_T34TCR_78_63,Arable land,0.0,0.0
S2A_MSIL2A_20180430T094031_N9999_R036_T34TCR_79_00,Arable land,0.0,0.0
S2A_MSIL2A_20180430T094031_N9999_R036_T34TCR_79_06,Arable land,0.0,0.0
S2A_MSIL2A_20180430T094031_N9999_R036_T34TCR_79_83,Broad-leaved forest,2.0,2.0
S2A_MSIL2A_20180430T094031_N9999_R036_T34TCR_81_03,Arable land,0.0,0.0
S2A_MSIL2A_20180430T094031_N9999_R036_T34TCR_81_11,Arable land,0.0,0.0
S2A_MSIL2A_20180430T094031_N9999_R036_T34TCR_81_22,Arable land,0.0,0.0
S2A_MSIL2A_20180430T094031_N9999_R036_T34TCR_81_26,Arable land,0.0,0.0
S2A_MSIL2A_20180430T094031_N9999_R036_T34TCR_81_74,"Land principally occupied by agriculture, with significant areas of natural vegetation",8.0,0.0
S2A_MSIL2A_20180430T094031_N9999_R036_T34TCR_81_77,Arable land,0.0,0.0
S2A_MSIL2A_20180430T094031_N9999_R036_T34TCR_81_83,Broad-leaved forest,2.0,2.0
S2A_MSIL2A_20180430T094031_N9999_R036_T34TCR_83_47,Arable land,0.0,0.0
S2A_MSIL2A_20180430T094031_N9999_R036_T34TCR_84_02,Arable land,0.0,0.0
S2A_MSIL2A_20180430T094031_N9999_R036_T34TCR_85_01,Arable land,0.0,0.0
S2A_MSIL2A_20180430T094031_N9999_R036_T34TCR_85_39,Arable land,0.0,0.0
S2A_MSIL2A_20180430T094031_N9999_R036_T34TCR_86_32,Arable land,0.0,0.0
S2A_MSIL2A_20180430T094031_N9999_R036_T34TCR_87_49,Arable land,0.0,0.0
S2A_MSIL2A_20180430T094031_N9999_R036_T34TCR_87_66,Arable land,0.0,0.0
S2A_MSIL2A_20180430T094031_N9999_R036_T34TCR_87_75,Inland waters,6.0,0.0
S2A_MSIL2A_20180430T094031_N9999_R036_T34TCR_88_13,Arable land,0.0,0.0
S2A_MSIL2A_20180430T094031_N9999_R036_T34TCR_88_44,Arable land,0.0,0.0
S2A_MSIL2A_20180430T094031_N9999_R036_T34TCR_89_15,Arable land,0.0,0.0
S2A_MSIL2A_20180430T094031_N9999_R036_T34TCR_89_26,Arable land,0.0,0.0
S2A_MSIL2A_20180430T094031_N9999_R036_T34TCR_89_45,Arable land,0.0,0.0
S2A_MSIL2A_20180430T094031_N9999_R036_T34TCR_90_16,Arable land,0.0,0.0
S2A_MSIL2A_20180506T100031_N9999_R122_T33UWP_00_16,Arable land,0.0,0.0
S2A_MSIL2A_20180506T100031_N9999_R122_T33UWP_00_81,Coniferous forest,1.0,1.0
S2A_MSIL2A_20180506T100031_N9999_R122_T33UWP_00_89,Broad-leaved forest,2.0,0.0
S2A_MSIL2A_20180506T100031_N9999_R122_T33UWP_01_50,Complex cultivation patterns,5.0,0.0
S2A_MSIL2A_20180506T100031_N9999_R122_T33UWP_03_48,Broad-leaved forest,2.0,0.0
S2A_MSIL2A_20180506T100031_N9999_R122_T33UWP_03_59,Arable land,0.0,0.0
S2A_MSIL2A_20180506T100031_N9999_R122_T33UWP_03_88,Mixed forest,9.0,0.0
S2A_MSIL2A_20180506T100031_N9999_R122_T33UWP_05_30,Coniferous forest,1.0,0.0
S2A_MSIL2A_20180506T100031_N9999_R122_T33UWP_05_31,Coniferous forest,1.0,1.0
S2A_MSIL2A_20180506T100031_N9999_R122_T33UWP_06_42,Coniferous forest,1.0,1.0
S2A_MSIL2A_20180506T100031_N9999_R122_T33UWP_06_48,Coniferous forest,1.0,1.0
S2A_MSIL2A_20180506T100031_N9999_R122_T33UWP_06_75,Broad-leaved forest,2.0,0.0
S2A_MSIL2A_20180506T100031_N9999_R122_T33UWP_07_45,Arable land,0.0,0.0
S2A_MSIL2A_20180506T100031_N9999_R122_T33UWP_07_66,"Land principally occupied by agriculture, with significant areas of natural vegetation",8.0,0.0
S2A_MSIL2A_20180506T100031_N9999_R122_T33UWP_07_68,Complex cultivation patterns,5.0,0.0
S2A_MSIL2A_20180506T100031_N9999_R122_T33UWP_07_73,Broad-leaved forest,2.0,2.0
S2A_MSIL2A_20180506T100031_N9999_R122_T33UWP_09_37,Arable land,0.0,0.0
S2A_MSIL2A_20180506T100031_N9999_R122_T33UWP_09_40,Arable land,0.0,0.0
S2A_MSIL2A_20180506T100031_N9999_R122_T33UWP_09_55,Arable land,0.0,0.0
S2A_MSIL2A_20180506T100031_N9999_R122_T33UWP_09_66,Arable land,0.0,0.0
S2A_MSIL2A_20180506T100031_N9999_R122_T33UWP_09_83,Coniferous forest,1.0,0.0
S2A_MSIL2A_20180506T100031_N9999_R122_T33UWP_10_57,Arable land,0.0,0.0
S2A_MSIL2A_20180506T100031_N9999_R122_T33UWP_10_69,Industrial or commercial units,11.0,0.0
S2A_MSIL2A_20180506T100031_N9999_R122_T33UWP_11_33,Arable land,0.0,0.0
S2A_MSIL2A_20180506T100031_N9999_R122_T33UWP_12_68,"Land principally occupied by agriculture, with significant areas of natural vegetation",8.0,2.0
S2A_MSIL2A_20180506T100031_N9999_R122_T33UWP_13_32,Arable land,0.0,0.0
S2A_MSIL2A_20180506T100031_N9999_R122_T33UWP_14_71,Coniferous forest,1.0,2.0
S2A_MSIL2A_20180506T100031_N9999_R122_T33UWP_15_61,Arable land,0.0,0.0
S2A_MSIL2A_20180506T100031_N9999_R122_T33UWP_15_63,Arable land,0.0,0.0
S2A_MSIL2A_20180506T100031_N9999_R122_T33UWP_15_84,Coniferous forest,1.0,0.0
S2A_MSIL2A_20180506T100031_N9999_R122_T33UWP_16_20,Arable land,0.0,0.0
S2A_MSIL2A_20180506T100031_N9999_R122_T33UWP_17_04,Arable land,0.0,0.0
S2A_MSIL2A_20180506T100031_N9999_R122_T33UWP_17_25,Arable land,0.0,0.0
S2A_MSIL2A_20180506T100031_N9999_R122_T33UWP_17_51,Arable land,0.0,0.0
S2A_MSIL2A_20180506T100031_N9999_R122_T33UWP_17_67,Mixed forest,9.0,2.0
S2A_MSIL2A_20180506T100031_N9999_R122_T33UWP_18_12,Arable land,0.0,0.0
S2A_MSIL2A_20180506T100031_N9999_R122_T33UWP_18_31,Arable land,0.0,0.0
S2A_MSIL2A_20180506T100031_N9999_R122_T33UWP_18_57,Arable land,0.0,0.0
S2A_MSIL2A_20180506T100031_N9999_R122_T33UWP_18_61,Arable land,0.0,0.0
S2A_MSIL2A_20180506T100031_N9999_R122_T33UWP_19_14,Coniferous forest,1.0,1.0
S2A_MSIL2A_20180506T100031_N9999_R122_T33UWP_19_18,Arable land,0.0,0.0
S2A_MSIL2A_20180506T100031_N9999_R122_T33UWP_19_45,Arable land,0.0,0.0
S2A_MSIL2A_20180506T100031_N9999_R122_T33UWP_19_46,Complex cultivation patterns,5.0,0.0
S2A_MSIL2A_20180506T100031_N9999_R122_T33UWP_20_00,Arable land,0.0,0.0
S2A_MSIL2A_20180506T100031_N9999_R122_T33UWP_20_11,Arable land,0.0,0.0
S2A_MSIL2A_20180506T100031_N9999_R122_T33UWP_21_22,Arable land,0.0,0.0
S2A_MSIL2A_20180506T100031_N9999_R122_T33UWP_21_28,Arable land,0.0,0.0
S2A_MSIL2A_20180506T100031_N9999_R122_T33UWP_22_18,Arable land,0.0,0.0
S2A_MSIL2A_20180506T100031_N9999_R122_T33UWP_22_50,Arable land,0.0,0.0
S2A_MSIL2A_20180506T100031_N9999_R122_T33UWP_23_30,Arable land,0.0,0.0
S2A_MSIL2A_20180506T100031_N9999_R122_T33UWP_23_47,Arable land,0.0,0.0
S2A_MSIL2A_20180506T100031_N9999_R122_T33UWP_23_57,Arable land,0.0,0.0
S2A_MSIL2A_20180506T100031_N9999_R122_T33UWP_25_42,Broad-leaved forest,2.0,0.0
S2A_MSIL2A_20180506T100031_N9999_R122_T33UWP_25_66,"Land principally occupied by agriculture, with significant areas of natural vegetation",8.0,0.0
S2A_MSIL2A_20180506T100031_N9999_R122_T33UWP_26_67,Complex cultivation patterns,5.0,0.0
S2A_MSIL2A_20180506T100031_N9999_R122_T33UWP_26_73,Coniferous forest,1.0,2.0
S2A_MSIL2A_20180506T100031_N9999_R122_T33UWP_27_64,"Land principally occupied by agriculture, with significant areas of natural vegetation",8.0,2.0
S2A_MSIL2A_20180506T100031_N9999_R122_T33UWP_27_77,Broad-leaved forest,2.0,1.0
S2A_MSIL2A_20180506T100031_N9999_R122_T33UWP_28_16,Arable land,0.0,0.0
S2A_MSIL2A_20180506T100031_N9999_R122_T33UWP_28_86,Coniferous forest,1.0,0.0
S2A_MSIL2A_20180506T100031_N9999_R122_T33UWP_29_05,Arable land,0.0,0.0
S2A_MSIL2A_20180506T100031_N9999_R122_T33UWP_29_09,Arable land,0.0,0.0
S2A_MSIL2A_20180506T100031_N9999_R122_T33UWP_29_16,Arable land,0.0,0.0
S2A_MSIL2A_20180506T100031_N9999_R122_T33UWP_29_44,Arable land,0.0,0.0
S2A_MSIL2A_20180506T100031_N9999_R122_T33UWP_29_51,Arable land,0.0,0.0
S2A_MSIL2A_20180506T100031_N9999_R122_T33UWP_29_67,"Land principally occupied by agriculture, with significant areas of natural vegetation",8.0,2.0
S2A_MSIL2A_20180506T100031_N9999_R122_T33UWP_30_15,Arable land,0.0,0.0
S2A_MSIL2A_20180506T100031_N9999_R122_T33UWP_31_00,Arable land,0.0,0.0
S2A_MSIL2A_20180506T100031_N9999_R122_T33UWP_32_32,Broad-leaved forest,2.0,2.0
S2A_MSIL2A_20180506T100031_N9999_R122_T33UWP_32_34,Broad-leaved forest,2.0,0.0
S2A_MSIL2A_20180506T100031_N9999_R122_T33UWP_33_38,Coniferous forest,1.0,1.0
S2A_MSIL2A_20180506T100031_N9999_R122_T33UWP_35_41,Arable land,0.0,0.0
S2A_MSIL2A_20180506T100031_N9999_R122_T33UWP_36_29,Broad-leaved forest,2.0,0.0
S2A_MSIL2A_20180506T100031_N9999_R122_T33UWP_36_54,Arable land,0.0,0.0
S2A_MSIL2A_20180506T100031_N9999_R122_T33UWP_37_37,Coniferous forest,1.0,1.0
S2A_MSIL2A_20180506T100031_N9999_R122_T33UWP_38_26,Permanent crops,15.0,0.0
S2A_MSIL2A_20180506T100031_N9999_R122_T33UWP_39_31,Arable land,0.0,0.0
S2A_MSIL2A_20180506T100031_N9999_R122_T33UWP_39_63,Broad-leaved forest,2.0,2.0
S2A_MSIL2A_20180506T100031_N9999_R122_T33UWP_40_22,Arable land,0.0,0.0
S2A_MSIL2A_20180506T100031_N9999_R122_T33UWP_40_83,Coniferous forest,1.0,1.0
S2A_MSIL2A_20180506T100031_N9999_R122_T33UWP_42_45,Arable land,0.0,0.0
S2A_MSIL2A_20180506T100031_N9999_R122_T33UWP_42_63,Mixed forest,9.0,2.0
S2A_MSIL2A_20180506T100031_N9999_R122_T33UWP_43_55,Arable land,0.0,0.0
S2A_MSIL2A_20180506T100031_N9999_R122_T33UWP_44_09,Arable land,0.0,0.0
S2A_MSIL2A_20180506T100031_N9999_R122_T33UWP_44_47,Arable land,0.0,0.0
S2A_MSIL2A_20180506T100031_N9999_R122_T33UWP_45_15,Arable land,0.0,0.0
S2A_MSIL2A_20180506T100031_N9999_R122_T33UWP_46_85,Coniferous forest,1.0,1.0
S2A_MSIL2A_20180506T100031_N9999_R122_T33UWP_48_05,Arable land,0.0,0.0
S2A_MSIL2A_20180506T100031_N9999_R122_T33UWP_48_62,Mixed forest,9.0,0.0
S2A_MSIL2A_20180506T100031_N9999_R122_T33UWP_48_82,Coniferous forest,1.0,1.0
S2A_MSIL2A_20180506T100031_N9999_R122_T33UWP_49_17,Arable land,0.0,0.0
S2A_MSIL2A_20180506T100031_N9999_R122_T33UWP_49_35,Arable land,0.0,0.0
S2A_MSIL2A_20180506T100031_N9999_R122_T33UWP_49_63,Mixed forest,9.0,5.0
S2A_MSIL2A_20180506T100031_N9999_R122_T33UWP_50_17,Arable land,0.0,0.0
S2A_MSIL2A_20180506T100031_N9999_R122_T33UWP_50_50,Arable land,0.0,0.0
S2A_MSIL2A_20180506T100031_N9999_R122_T33UWP_51_08,Arable land,0.0,0.0
S2A_MSIL2A_20180506T100031_N9999_R122_T33UWP_51_37,Arable land,0.0,0.0
S2A_MSIL2A_20180506T100031_N9999_R122_T33UWP_51_38,Arable land,0.0,0.0
S2A_MSIL2A_20180506T100031_N9999_R122_T33UWP_53_13,Arable land,0.0,0.0
S2A_MSIL2A_20180506T100031_N9999_R122_T33UWP_53_63,Broad-leaved forest,2.0,2.0
S2A_MSIL2A_20180506T100031_N9999_R122_T33UWP_53_72,Broad-leaved forest,2.0,1.0
S2A_MSIL2A_20180506T100031_N9999_R122_T33UWP_54_72,Broad-leaved forest,2.0,2.0
S2A_MSIL2A_20180506T100031_N9999_R122_T33UWP_55_00,Arable land,0.0,0.0
S2A_MSIL2A_20180506T100031_N9999_R122_T33UWP_55_45,Arable land,0.0,0.0
S2A_MSIL2A_20180506T100031_N9999_R122_T33UWP_56_30,Arable land,0.0,0.0
S2A_MSIL2A_20180506T100031_N9999_R122_T33UWP_56_68,Broad-leaved forest,2.0,2.0
S2A_MSIL2A_20180506T100031_N9999_R122_T33UWP_56_82,Coniferous forest,1.0,1.0
S2A_MSIL2A_20180506T100031_N9999_R122_T33UWP_56_89,Coniferous forest,1.0,0.0
S2A_MSIL2A_20180506T100031_N9999_R122_T33UWP_57_38,Arable land,0.0,0.0
S2A_MSIL2A_20180506T100031_N9999_R122_T33UWP_58_56,Broad-leaved forest,2.0,2.0
S2A_MSIL2A_20180506T100031_N9999_R122_T33UWP_59_00,Arable land,0.0,0.0
S2A_MSIL2A_20180506T100031_N9999_R122_T33UWP_59_18,Arable land,0.0,0.0
S2A_MSIL2A_20180506T100031_N9999_R122_T33UWP_59_87,Coniferous forest,1.0,0.0
S2A_MSIL2A_20180506T100031_N9999_R122_T33UWP_60_20,Arable land,0.0,2.0
S2A_MSIL2A_20180506T100031_N9999_R122_T33UWP_60_25,Arable land,0.0,0.0
S2A_MSIL2A_20180506T100031_N9999_R122_T33UWP_60_28,Arable land,0.0,0.0
S2A_MSIL2A_20180506T100031_N9999_R122_T33UWP_61_58,Broad-leaved forest,2.0,2.0
S2A_MSIL2A_20180506T100031_N9999_R122_T33UWP_61_59,Broad-leaved forest,2.0,2.0
S2A_MSIL2A_20180506T100031_N9999_R122_T33UWP_63_10,Arable land,0.0,0.0
S2A_MSIL2A_20180506T100031_N9999_R122_T33UWP_63_52,Broad-leaved forest,2.0,0.0
S2A_MSIL2A_20180506T100031_N9999_R122_T33UWP_64_77,Broad-leaved forest,2.0,1.0
S2A_MSIL2A_20180506T100031_N9999_R122_T33UWP_64_90,Coniferous forest,1.0,1.0
S2A_MSIL2A_20180506T100031_N9999_R122_T33UWP_65_45,Arable land,0.0,0.0
S2A_MSIL2A_20180506T100031_N9999_R122_T33UWP_65_68,Arable land,0.0,2.0
S2A_MSIL2A_20180506T100031_N9999_R122_T33UWP_66_50,Broad-leaved forest,2.0,2.0
S2A_MSIL2A_20180506T100031_N9999_R122_T33UWP_66_80,Broad-leaved forest,2.0,2.0
S2A_MSIL2A_20180506T100031_N9999_R122_T33UWP_67_30,Arable land,0.0,0.0
S2A_MSIL2A_20180506T100031_N9999_R122_T33UWP_67_53,Broad-leaved forest,2.0,2.0
S2A_MSIL2A_20180506T100031_N9999_R122_T33UWP_68_12,Arable land,0.0,0.0
S2A_MSIL2A_20180506T100031_N9999_R122_T33UWP_68_61,Broad-leaved forest,2.0,0.0
S2A_MSIL2A_20180506T100031_N9999_R122_T33UWP_70_90,Coniferous forest,1.0,1.0
S2A_MSIL2A_20180506T100031_N9999_R122_T33UWP_72_02,Arable land,0.0,0.0
S2A_MSIL2A_20180506T100031_N9999_R122_T33UWP_73_22,Arable land,0.0,0.0
S2A_MSIL2A_20180506T100031_N9999_R122_T33UWP_75_86,Arable land,0.0,0.0
S2A_MSIL2A_20180506T100031_N9999_R122_T33UWP_76_11,Arable land,0.0,0.0
S2A_MSIL2A_20180506T100031_N9999_R122_T33UWP_76_14,Arable land,0.0,0.0
S2A_MSIL2A_20180506T100031_N9999_R122_T33UWP_76_34,Arable land,0.0,0.0
S2A_MSIL2A_20180506T100031_N9999_R122_T33UWP_76_47,Broad-leaved forest,2.0,2.0
S2A_MSIL2A_20180506T100031_N9999_R122_T33UWP_79_57,Industrial or commercial units,11.0,0.0
S2A_MSIL2A_20180506T100031_N9999_R122_T33UWP_79_83,Arable land,0.0,0.0
S2A_MSIL2A_20180506T100031_N9999_R122_T33UWP_80_18,Arable land,0.0,0.0
S2A_MSIL2A_20180506T100031_N9999_R122_T33UWP_81_04,Arable land,0.0,0.0
S2A_MSIL2A_20180506T100031_N9999_R122_T33UWP_81_43,Broad-leaved forest,2.0,2.0
S2A_MSIL2A_20180506T100031_N9999_R122_T33UWP_82_06,Arable land,0.0,0.0
S2A_MSIL2A_20180506T100031_N9999_R122_T33UWP_82_09,Arable land,0.0,0.0
S2A_MSIL2A_20180506T100031_N9999_R122_T33UWP_84_56,Arable land,0.0,1.0
S2A_MSIL2A_20180506T100031_N9999_R122_T33UWP_84_70,Arable land,0.0,0.0
S2A_MSIL2A_20180506T100031_N9999_R122_T33UWP_85_12,Arable land,0.0,0.0
S2A_MSIL2A_20180506T100031_N9999_R122_T33UWP_85_72,Arable land,0.0,0.0
S2A_MSIL2A_20180506T100031_N9999_R122_T33UWP_86_26,Arable land,0.0,0.0
S2A_MSIL2A_20180506T100031_N9999_R122_T33UWP_86_44,Industrial or commercial units,11.0,0.0
S2A_MSIL2A_20180506T100031_N9999_R122_T33UWP_87_06,Arable land,0.0,0.0
S2A_MSIL2A_20180506T100031_N9999_R122_T33UWP_87_31,Arable land,0.0,0.0
S2A_MSIL2A_20180506T100031_N9999_R122_T33UWP_89_57,Arable land,0.0,0.0
S2A_MSIL2A_20180506T100031_N9999_R122_T33UWP_90_37,Arable land,0.0,0.0
S2A_MSIL2A_20180506T100031_N9999_R122_T33UWP_90_79,Arable land,0.0,0.0
S2A_MSIL2A_20180507T093041_N9999_R136_T35UMA_00_08,Arable land,0.0,0.0
S2A_MSIL2A_20180507T093041_N9999_R136_T35UMA_00_42,Broad-leaved forest,2.0,1.0
S2A_MSIL2A_20180507T093041_N9999_R136_T35UMA_00_65,Arable land,0.0,0.0
S2A_MSIL2A_20180507T093041_N9999_R136_T35UMA_01_08,Arable land,0.0,0.0
S2A_MSIL2A_20180507T093041_N9999_R136_T35UMA_03_03,Broad-leaved forest,2.0,0.0
S2A_MSIL2A_20180507T093041_N9999_R136_T35UMA_03_11,Arable land,0.0,0.0
S2A_MSIL2A_20180507T093041_N9999_R136_T35UMA_03_61,Arable land,0.0,0.0
S2A_MSIL2A_20180507T093041_N9999_R136_T35UMA_04_03,Broad-leaved forest,2.0,0.0
S2A_MSIL2A_20180507T093041_N9999_R136_T35UMA_04_60,Arable land,0.0,0.0
S2A_MSIL2A_20180507T093041_N9999_R136_T35UMA_05_07,Arable land,0.0,0.0
S2A_MSIL2A_20180507T093041_N9999_R136_T35UMA_05_27,Complex cultivation patterns,5.0,1.0
S2A_MSIL2A_20180507T093041_N9999_R136_T35UMA_05_38,Complex cultivation patterns,5.0,1.0
S2A_MSIL2A_20180507T093041_N9999_R136_T35UMA_05_75,Arable land,0.0,0.0
S2A_MSIL2A_20180507T093041_N9999_R136_T35UMA_06_30,Complex cultivation patterns,5.0,0.0
S2A_MSIL2A_20180507T093041_N9999_R136_T35UMA_07_06,Arable land,0.0,0.0
S2A_MSIL2A_20180507T093041_N9999_R136_T35UMA_07_27,Complex cultivation patterns,5.0,0.0
S2A_MSIL2A_20180507T093041_N9999_R136_T35UMA_07_50,Arable land,0.0,0.0
S2A_MSIL2A_20180507T093041_N9999_R136_T35UMA_08_15,Arable land,0.0,0.0
S2A_MSIL2A_20180507T093041_N9999_R136_T35UMA_08_17,Complex cultivation patterns,5.0,0.0
S2A_MSIL2A_20180507T093041_N9999_R136_T35UMA_08_24,Coniferous forest,1.0,1.0
S2A_MSIL2A_20180507T093041_N9999_R136_T35UMA_08_36,Arable land,0.0,0.0
S2A_MSIL2A_20180507T093041_N9999_R136_T35UMA_08_67,Arable land,0.0,1.0
S2A_MSIL2A_20180507T093041_N9999_R136_T35UMA_09_01,Broad-leaved forest,2.0,1.0
S2A_MSIL2A_20180507T093041_N9999_R136_T35UMA_09_08,Complex cultivation patterns,5.0,0.0
S2A_MSIL2A_20180507T093041_N9999_R136_T35UMA_11_20,Coniferous forest,1.0,1.0
S2A_MSIL2A_20180507T093041_N9999_R136_T35UMA_11_36,Arable land,0.0,0.0
S2A_MSIL2A_20180507T093041_N9999_R136_T35UMA_12_31,Arable land,0.0,0.0
S2A_MSIL2A_20180507T093041_N9999_R136_T35UMA_13_16,Arable land,0.0,0.0
S2A_MSIL2A_20180507T093041_N9999_R136_T35UMA_13_38,Complex cultivation patterns,5.0,0.0
S2A_MSIL2A_20180507T093041_N9999_R136_T35UMA_14_30,Coniferous forest,1.0,1.0
S2A_MSIL2A_20180507T093041_N9999_R136_T35UMA_14_36,Coniferous forest,1.0,1.0
S2A_MSIL2A_20180507T093041_N9999_R136_T35UMA_15_15,Complex cultivation patterns,5.0,0.0
S2A_MSIL2A_20180507T093041_N9999_R136_T35UMA_15_37,Coniferous forest,1.0,1.0
S2A_MSIL2A_20180507T093041_N9999_R136_T35UMA_16_81,Arable land,0.0,0.0
S2A_MSIL2A_20180507T093041_N9999_R136_T35UMA_18_07,Arable land,0.0,0.0
S2A_MSIL2A_20180507T093041_N9999_R136_T35UMA_19_12,Inland wetlands,10.0,0.0
S2A_MSIL2A_20180507T093041_N9999_R136_T35UMA_23_04,Arable land,0.0,0.0
S2A_MSIL2A_20180507T093041_N9999_R136_T35UMA_23_10,Arable land,0.0,0.0
S2A_MSIL2A_20180507T093041_N9999_R136_T35UMA_26_01,Coniferous forest,1.0,1.0
S2A_MSIL2A_20180507T093041_N9999_R136_T35UMA_37_01,Arable land,0.0,0.0
S2A_MSIL2A_20180508T104031_N9999_R008_T31UGR_00_48,Complex cultivation patterns,5.0,0.0
S2A_MSIL2A_20180508T104031_N9999_R008_T31UGR_00_65,Arable land,0.0,0.0
S2A_MSIL2A_20180508T104031_N9999_R008_T31UGR_01_75,Arable land,0.0,0.0
S2A_MSIL2A_20180508T104031_N9999_R008_T31UGR_02_36,Complex cultivation patterns,5.0,0.0
S2A_MSIL2A_20180508T104031_N9999_R008_T31UGR_02_38,Complex cultivation patterns,5.0,0.0
S2A_MSIL2A_20180508T104031_N9999_R008_T31UGR_02_89,Broad-leaved forest,2.0,0.0
S2A_MSIL2A_20180508T104031_N9999_R008_T31UGR_03_14,Complex cultivation patterns,5.0,0.0
S2A_MSIL2A_20180508T104031_N9999_R008_T31UGR_03_80,Arable land,0.0,0.0
S2A_MSIL2A_20180508T104031_N9999_R008_T31UGR_05_34,Complex cultivation patterns,5.0,0.0
S2A_MSIL2A_20180508T104031_N9999_R008_T31UGR_05_54,Complex cultivation patterns,5.0,0.0
S2A_MSIL2A_20180508T104031_N9999_R008_T31UGR_06_06,Coniferous forest,1.0,0.0
S2A_MSIL2A_20180508T104031_N9999_R008_T31UGR_06_09,Mixed forest,9.0,0.0
S2A_MSIL2A_20180508T104031_N9999_R008_T31UGR_07_85,Arable land,0.0,0.0
S2A_MSIL2A_20180508T104031_N9999_R008_T31UGR_08_28,Coniferous forest,1.0,0.0
S2A_MSIL2A_20180508T104031_N9999_R008_T31UGR_08_32,Complex cultivation patterns,5.0,0.0
S2A_MSIL2A_20180508T104031_N9999_R008_T31UGR_08_55,Broad-leaved forest,2.0,0.0
S2A_MSIL2A_20180508T104031_N9999_R008_T31UGR_09_27,Broad-leaved forest,2.0,0.0
S2A_MSIL2A_20180508T104031_N9999_R008_T31UGR_10_03,Coniferous forest,1.0,0.0
S2A_MSIL2A_20180508T104031_N9999_R008_T31UGR_11_00,Coniferous forest,1.0,0.0
S2A_MSIL2A_20180508T104031_N9999_R008_T31UGR_11_05,Coniferous forest,1.0,2.0
S2A_MSIL2A_20180508T104031_N9999_R008_T31UGR_11_17,Coniferous forest,1.0,1.0
S2A_MSIL2A_20180508T104031_N9999_R008_T31UGR_11_30,Complex cultivation patterns,5.0,0.0
S2A_MSIL2A_20180508T104031_N9999_R008_T31UGR_12_67,Arable land,0.0,0.0
S2A_MSIL2A_20180508T104031_N9999_R008_T31UGR_12_86,Arable land,0.0,0.0
S2A_MSIL2A_20180508T104031_N9999_R008_T31UGR_13_23,Complex cultivation patterns,5.0,0.0
S2A_MSIL2A_20180508T104031_N9999_R008_T31UGR_14_82,Broad-leaved forest,2.0,0.0
S2A_MSIL2A_20180508T104031_N9999_R008_T31UGR_15_12,Coniferous forest,1.0,0.0
S2A_MSIL2A_20180508T104031_N9999_R008_T31UGR_15_17,Coniferous forest,1.0,1.0
S2A_MSIL2A_20180508T104031_N9999_R008_T31UGR_15_29,Complex cultivation patterns,5.0,0.0
S2A_MSIL2A_20180508T104031_N9999_R008_T31UGR_15_62,Arable land,0.0,0.0
S2A_MSIL2A_20180508T104031_N9999_R008_T31UGR_15_65,Arable land,0.0,0.0
S2A_MSIL2A_20180508T104031_N9999_R008_T31UGR_15_81,Arable land,0.0,0.0
S2A_MSIL2A_20180508T104031_N9999_R008_T31UGR_16_29,Complex cultivation patterns,5.0,0.0
S2A_MSIL2A_20180508T104031_N9999_R008_T31UGR_16_59,Arable land,0.0,0.0
S2A_MSIL2A_20180508T104031_N9999_R008_T31UGR_16_64,Broad-leaved forest,2.0,0.0
S2A_MSIL2A_20180508T104031_N9999_R008_T31UGR_17_58,Arable land,0.0,0.0
S2A_MSIL2A_20180508T104031_N9999_R008_T31UGR_18_02,Inland wetlands,10.0,0.0
S2A_MSIL2A_20180508T104031_N9999_R008_T31UGR_18_22,Complex cultivation patterns,5.0,0.0
S2A_MSIL2A_20180508T104031_N9999_R008_T31UGR_18_71,Arable land,0.0,0.0
S2A_MSIL2A_20180508T104031_N9999_R008_T31UGR_19_08,"Land principally occupied by agriculture, with significant areas of natural vegetation",8.0,0.0
S2A_MSIL2A_20180508T104031_N9999_R008_T31UGR_19_62,Arable land,0.0,0.0
S2A_MSIL2A_20180508T104031_N9999_R008_T31UGR_19_72,Broad-leaved forest,2.0,0.0
S2A_MSIL2A_20180508T104031_N9999_R008_T31UGR_19_82,Broad-leaved forest,2.0,0.0
S2A_MSIL2A_20180508T104031_N9999_R008_T31UGR_20_07,Pastures,7.0,0.0
S2A_MSIL2A_20180508T104031_N9999_R008_T31UGR_20_38,Arable land,0.0,0.0
S2A_MSIL2A_20180508T104031_N9999_R008_T31UGR_20_49,Arable land,0.0,0.0
S2A_MSIL2A_20180508T104031_N9999_R008_T31UGR_23_69,Arable land,0.0,0.0
S2A_MSIL2A_20180508T104031_N9999_R008_T31UGR_25_02,Coniferous forest,1.0,0.0
S2A_MSIL2A_20180508T104031_N9999_R008_T31UGR_25_66,Arable land,0.0,2.0
S2A_MSIL2A_20180508T104031_N9999_R008_T31UGR_25_69,Complex cultivation patterns,5.0,2.0
S2A_MSIL2A_20180508T104031_N9999_R008_T31UGR_26_85,Arable land,0.0,0.0
S2A_MSIL2A_20180508T104031_N9999_R008_T31UGR_27_73,Arable land,0.0,2.0
S2A_MSIL2A_20180508T104031_N9999_R008_T31UGR_27_85,Arable land,0.0,0.0
S2A_MSIL2A_20180508T104031_N9999_R008_T31UGR_28_79,Arable land,0.0,0.0
S2A_MSIL2A_20180508T104031_N9999_R008_T31UGR_28_82,Arable land,0.0,0.0
S2A_MSIL2A_20180508T104031_N9999_R008_T31UGR_31_62,Arable land,0.0,0.0
S2A_MSIL2A_20180508T104031_N9999_R008_T31UGR_32_88,Broad-leaved forest,2.0,0.0
S2A_MSIL2A_20180508T104031_N9999_R008_T31UGR_33_06,Coniferous forest,1.0,0.0
S2A_MSIL2A_20180508T104031_N9999_R008_T31UGR_35_73,Arable land,0.0,0.0
S2A_MSIL2A_20180508T104031_N9999_R008_T31UGR_37_78,Broad-leaved forest,2.0,0.0
S2A_MSIL2A_20180508T104031_N9999_R008_T31UGR_37_83,Arable land,0.0,0.0
S2A_MSIL2A_20180508T104031_N9999_R008_T31UGR_38_76,Broad-leaved forest,2.0,0.0
S2A_MSIL2A_20180508T104031_N9999_R008_T31UGR_40_78,Arable land,0.0,0.0
S2A_MSIL2A_20180508T104031_N9999_R008_T31UGR_42_63,Broad-leaved forest,2.0,0.0
S2A_MSIL2A_20180508T104031_N9999_R008_T31UGS_00_86,Complex cultivation patterns,5.0,0.0
S2A_MSIL2A_20180508T104031_N9999_R008_T31UGS_01_81,Arable land,0.0,0.0
S2A_MSIL2A_20180508T104031_N9999_R008_T31UGS_02_87,Broad-leaved forest,2.0,1.0
S2A_MSIL2A_20180508T104031_N9999_R008_T31UGS_06_75,Mixed forest,9.0,0.0
S2A_MSIL2A_20180508T104031_N9999_R008_T31UGS_06_81,Broad-leaved forest,2.0,0.0
S2A_MSIL2A_20180508T104031_N9999_R008_T31UGS_07_74,"Land principally occupied by agriculture, with significant areas of natural vegetation",8.0,0.0
S2A_MSIL2A_20180508T104031_N9999_R008_T31UGS_09_73,"Land principally occupied by agriculture, with significant areas of natural vegetation",8.0,0.0
S2A_MSIL2A_20180508T104031_N9999_R008_T31UGS_10_74,Broad-leaved forest,2.0,0.0
S2A_MSIL2A_20180508T104031_N9999_R008_T31UGS_12_72,"Land principally occupied by agriculture, with significant areas of natural vegetation",8.0,0.0
S2A_MSIL2A_20180508T104031_N9999_R008_T31UGS_12_85,Coniferous forest,1.0,2.0
S2A_MSIL2A_20180508T104031_N9999_R008_T31UGS_14_74,Coniferous forest,1.0,0.0
S2A_MSIL2A_20180508T104031_N9999_R008_T31UGS_15_63,Broad-leaved forest,2.0,0.0
S2A_MSIL2A_20180508T104031_N9999_R008_T31UGS_15_68,"Land principally occupied by agriculture, with significant areas of natural vegetation",8.0,0.0
S2A_MSIL2A_20180508T104031_N9999_R008_T31UGS_16_65,Mixed forest,9.0,0.0
S2A_MSIL2A_20180508T104031_N9999_R008_T31UGS_16_66,Mixed forest,9.0,0.0
S2A_MSIL2A_20180508T104031_N9999_R008_T31UGS_19_88,Complex cultivation patterns,5.0,0.0
S2A_MSIL2A_20180508T104031_N9999_R008_T31UGS_20_73,Broad-leaved forest,2.0,0.0
S2A_MSIL2A_20180508T104031_N9999_R008_T31UGS_23_75,Coniferous forest,1.0,0.0
S2A_MSIL2A_20180508T104031_N9999_R008_T31UGS_25_90,Coniferous forest,1.0,0.0
S2A_MSIL2A_20180509T101031_N9999_R022_T34VDR_50_85,Marine waters,3.0,6.0
S2A_MSIL2A_20180509T101031_N9999_R022_T34VDR_53_83,Marine waters,3.0,3.0
S2A_MSIL2A_20180509T101031_N9999_R022_T34VDR_55_82,Marine waters,3.0,3.0
S2A_MSIL2A_20180509T101031_N9999_R022_T34VDR_59_71,Marine waters,3.0,3.0
S2A_MSIL2A_20180509T101031_N9999_R022_T34VDR_60_90,Marine waters,3.0,3.0
S2A_MSIL2A_20180509T101031_N9999_R022_T34VDR_61_84,Marine waters,3.0,3.0
S2A_MSIL2A_20180509T101031_N9999_R022_T34VDR_62_66,Marine waters,3.0,3.0
S2A_MSIL2A_20180509T101031_N9999_R022_T34VDR_63_66,Marine waters,3.0,3.0
S2A_MSIL2A_20180509T101031_N9999_R022_T34VDR_65_67,Marine waters,3.0,3.0
S2A_MSIL2A_20180509T101031_N9999_R022_T34VDR_67_81,Marine waters,3.0,3.0
S2A_MSIL2A_20180509T101031_N9999_R022_T34VDR_71_69,Marine waters,3.0,3.0
S2A_MSIL2A_20180509T101031_N9999_R022_T34VDR_71_72,Marine waters,3.0,3.0
S2A_MSIL2A_20180509T101031_N9999_R022_T34VDR_72_53,Marine waters,3.0,3.0
S2A_MSIL2A_20180509T101031_N9999_R022_T34VDR_75_68,Marine waters,3.0,3.0
S2A_MSIL2A_20180509T101031_N9999_R022_T34VDR_76_88,Marine waters,3.0,3.0
S2A_MSIL2A_20180509T101031_N9999_R022_T34VDR_77_51,Marine waters,3.0,3.0
S2A_MSIL2A_20180509T101031_N9999_R022_T34VDR_78_49,Marine waters,3.0,3.0
S2A_MSIL2A_20180509T101031_N9999_R022_T34VDR_78_56,Marine waters,3.0,3.0
S2A_MSIL2A_20180509T101031_N9999_R022_T34VDR_78_60,Marine waters,3.0,3.0
S2A_MSIL2A_20180509T101031_N9999_R022_T34VDR_79_66,Marine waters,3.0,3.0
S2A_MSIL2A_20180509T101031_N9999_R022_T34VDR_79_86,Marine waters,3.0,3.0
S2A_MSIL2A_20180509T101031_N9999_R022_T34VDR_81_58,Marine waters,3.0,3.0
S2A_MSIL2A_20180509T101031_N9999_R022_T34VDR_81_74,Marine waters,3.0,3.0
S2A_MSIL2A_20180509T101031_N9999_R022_T34VDR_82_82,Marine waters,3.0,3.0
S2A_MSIL2A_20180509T101031_N9999_R022_T34VDR_82_86,Marine waters,3.0,3.0
S2A_MSIL2A_20180509T101031_N9999_R022_T34VDR_83_71,Marine waters,3.0,3.0
S2A_MSIL2A_20180509T101031_N9999_R022_T34VDR_83_89,Marine waters,3.0,3.0
S2A_MSIL2A_20180509T101031_N9999_R022_T34VDR_84_69,Marine waters,3.0,3.0
S2A_MSIL2A_20180509T101031_N9999_R022_T34VDR_85_55,Marine waters,3.0,0.0
S2A_MSIL2A_20180509T101031_N9999_R022_T34VDR_88_49,Marine waters,3.0,3.0
S2A_MSIL2A_20180509T101031_N9999_R022_T34VDR_88_74,Marine waters,3.0,3.0
S2A_MSIL2A_20180509T101031_N9999_R022_T34VDR_89_90,Marine waters,3.0,3.0
S2A_MSIL2A_20180509T101031_N9999_R022_T34VDR_90_62,Marine waters,3.0,3.0
S2A_MSIL2A_20180510T094031_N9999_R036_T35VLC_01_52,Arable land,0.0,0.0
S2A_MSIL2A_20180510T094031_N9999_R036_T35VLC_03_67,Arable land,0.0,0.0
S2A_MSIL2A_20180510T094031_N9999_R036_T35VLC_03_68,Arable land,0.0,0.0
S2A_MSIL2A_20180510T094031_N9999_R036_T35VLC_04_59,Arable land,0.0,0.0
S2A_MSIL2A_20180510T094031_N9999_R036_T35VLC_05_60,Arable land,0.0,0.0
S2A_MSIL2A_20180510T094031_N9999_R036_T35VLC_06_45,Arable land,0.0,0.0
S2A_MSIL2A_20180510T094031_N9999_R036_T35VLC_06_68,Arable land,0.0,0.0
S2A_MSIL2A_20180510T094031_N9999_R036_T35VLC_07_59,Arable land,0.0,0.0
S2A_MSIL2A_20180510T094031_N9999_R036_T35VLC_09_68,Arable land,0.0,0.0
S2A_MSIL2A_20180510T094031_N9999_R036_T35VLC_10_75,Arable land,0.0,0.0
S2A_MSIL2A_20180510T094031_N9999_R036_T35VLC_12_70,Arable land,0.0,0.0
S2A_MSIL2A_20180510T094031_N9999_R036_T35VLC_13_86,Broad-leaved forest,2.0,1.0
S2A_MSIL2A_20180510T094031_N9999_R036_T35VLC_14_65,Arable land,0.0,0.0
S2A_MSIL2A_20180510T094031_N9999_R036_T35VLC_14_68,Arable land,0.0,0.0
S2A_MSIL2A_20180510T094031_N9999_R036_T35VLC_14_71,Arable land,0.0,0.0
S2A_MSIL2A_20180510T094031_N9999_R036_T35VLC_14_84,Arable land,0.0,2.0
S2A_MSIL2A_20180510T094031_N9999_R036_T35VLC_15_76,Arable land,0.0,0.0
S2A_MSIL2A_20180510T094031_N9999_R036_T35VLC_16_61,Arable land,0.0,0.0
S2A_MSIL2A_20180510T094031_N9999_R036_T35VLC_16_74,Arable land,0.0,0.0
S2A_MSIL2A_20180510T094031_N9999_R036_T35VLC_18_68,Arable land,0.0,0.0
S2A_MSIL2A_20180510T094031_N9999_R036_T35VLC_20_51,Arable land,0.0,0.0
S2A_MSIL2A_20180510T094031_N9999_R036_T35VLC_20_89,Arable land,0.0,0.0
S2A_MSIL2A_20180510T094031_N9999_R036_T35VLC_21_78,Arable land,0.0,0.0
S2A_MSIL2A_20180510T094031_N9999_R036_T35VLC_23_59,Arable land,0.0,0.0
S2A_MSIL2A_20180510T094031_N9999_R036_T35VLC_26_49,Arable land,0.0,0.0
S2A_MSIL2A_20180510T094031_N9999_R036_T35VLC_26_76,Arable land,0.0,0.0
S2A_MSIL2A_20180510T094031_N9999_R036_T35VLC_26_81,Arable land,0.0,0.0
S2A_MSIL2A_20180510T094031_N9999_R036_T35VLC_27_52,Arable land,0.0,0.0
S2A_MSIL2A_20180510T094031_N9999_R036_T35VLC_27_58,Arable land,0.0,0.0
S2A_MSIL2A_20180510T094031_N9999_R036_T35VLC_28_61,Arable land,0.0,0.0
S2A_MSIL2A_20180510T094031_N9999_R036_T35VLC_29_68,Arable land,0.0,0.0
S2A_MSIL2A_20180510T094031_N9999_R036_T35VLC_31_90,Broad-leaved forest,2.0,1.0
S2A_MSIL2A_20180510T094031_N9999_R036_T35VLC_36_81,Arable land,0.0,1.0
S2A_MSIL2A_20180510T094031_N9999_R036_T35VLC_38_84,Arable land,0.0,1.0
S2A_MSIL2A_20180510T094031_N9999_R036_T35VLC_39_57,Arable land,0.0,0.0
S2A_MSIL2A_20180510T094031_N9999_R036_T35VLC_42_82,Arable land,0.0,0.0
S2A_MSIL2A_20180510T094031_N9999_R036_T35VLC_43_80,Arable land,0.0,2.0
S2A_MSIL2A_20180510T094031_N9999_R036_T35VLC_45_54,Arable land,0.0,0.0
S2A_MSIL2A_20180510T094031_N9999_R036_T35VLC_45_57,Arable land,0.0,0.0
S2A_MSIL2A_20180510T094031_N9999_R036_T35VLC_46_55,Arable land,0.0,0.0
S2A_MSIL2A_20180510T094031_N9999_R036_T35VLC_47_55,Arable land,0.0,0.0
S2A_MSIL2A_20180510T094031_N9999_R036_T35VLC_47_56,Arable land,0.0,0.0
S2A_MSIL2A_20180510T094031_N9999_R036_T35VLC_48_87,Arable land,0.0,0.0
S2A_MSIL2A_20180510T094031_N9999_R036_T35VLC_50_65,Arable land,0.0,0.0
S2A_MSIL2A_20180510T094031_N9999_R036_T35VLC_51_44,Arable land,0.0,0.0
S2A_MSIL2A_20180510T094031_N9999_R036_T35VLC_51_81,Arable land,0.0,0.0
S2A_MSIL2A_20180510T094031_N9999_R036_T35VLC_51_82,Arable land,0.0,0.0
S2A_MSIL2A_20180510T094031_N9999_R036_T35VLC_52_48,Arable land,0.0,0.0
S2A_MSIL2A_20180510T094031_N9999_R036_T35VLC_52_82,Arable land,0.0,0.0
S2A_MSIL2A_20180510T094031_N9999_R036_T35VLC_53_51,Arable land,0.0,0.0
S2A_MSIL2A_20180510T094031_N9999_R036_T35VLC_54_73,Arable land,0.0,0.0
S2A_MSIL2A_20180510T094031_N9999_R036_T35VLC_56_45,Broad-leaved forest,2.0,1.0
S2A_MSIL2A_20180510T094031_N9999_R036_T35VLC_59_90,Arable land,0.0,0.0
S2A_MSIL2A_20180510T094031_N9999_R036_T35VLC_61_78,Arable land,0.0,0.0
S2A_MSIL2A_20180510T094031_N9999_R036_T35VLC_62_72,Arable land,0.0,0.0
S2A_MSIL2A_20180510T094031_N9999_R036_T35VLC_63_72,Arable land,0.0,2.0
S2A_MSIL2A_20180510T094031_N9999_R036_T35VLC_64_74,Arable land,0.0,0.0
S2A_MSIL2A_20180510T094031_N9999_R036_T35VLC_68_84,Arable land,0.0,0.0
S2A_MSIL2A_20180510T094031_N9999_R036_T35VLC_69_64,Arable land,0.0,0.0
S2A_MSIL2A_20180510T094031_N9999_R036_T35VLC_71_62,Arable land,0.0,0.0
S2A_MSIL2A_20180510T094031_N9999_R036_T35VLC_71_74,Arable land,0.0,0.0
S2A_MSIL2A_20180510T094031_N9999_R036_T35VLC_71_76,Broad-leaved forest,2.0,2.0
S2A_MSIL2A_20180510T094031_N9999_R036_T35VLC_73_87,Arable land,0.0,0.0
S2A_MSIL2A_20180510T094031_N9999_R036_T35VLC_74_89,Arable land,0.0,0.0
S2A_MSIL2A_20180510T094031_N9999_R036_T35VLC_77_75,Arable land,0.0,0.0
S2A_MSIL2A_20180510T094031_N9999_R036_T35VLC_78_63,Arable land,0.0,0.0
S2A_MSIL2A_20180510T094031_N9999_R036_T35VLC_79_87,Arable land,0.0,0.0
S2A_MSIL2A_20180510T094031_N9999_R036_T35VLC_80_63,Arable land,0.0,0.0
S2A_MSIL2A_20180510T094031_N9999_R036_T35VLC_80_74,Arable land,0.0,0.0
S2A_MSIL2A_20180510T094031_N9999_R036_T35VLC_80_81,Arable land,0.0,0.0
S2A_MSIL2A_20180510T094031_N9999_R036_T35VLC_81_76,Arable land,0.0,0.0
S2A_MSIL2A_20180510T094031_N9999_R036_T35VLC_81_81,Arable land,0.0,0.0
S2A_MSIL2A_20180510T094031_N9999_R036_T35VLC_86_83,Arable land,0.0,0.0
S2A_MSIL2A_20180510T094031_N9999_R036_T35VLC_87_81,Arable land,0.0,0.0
S2A_MSIL2A_20180510T094031_N9999_R036_T35VLC_89_69,Arable land,0.0,0.0
S2A_MSIL2A_20180510T094031_N9999_R036_T35VLC_90_66,Arable land,0.0,0.0
S2A_MSIL2A_20180510T094031_N9999_R036_T35VLC_90_81,Arable land,0.0,0.0
S2A_MSIL2A_20180510T094031_N9999_R036_T35WPN_01_43,Coniferous forest,1.0,1.0
S2A_MSIL2A_20180510T094031_N9999_R036_T35WPN_02_31,Coniferous forest,1.0,1.0
S2A_MSIL2A_20180510T094031_N9999_R036_T35WPN_02_34,Coniferous forest,1.0,1.0
S2A_MSIL2A_20180510T094031_N9999_R036_T35WPN_03_40,Coniferous forest,1.0,1.0
S2A_MSIL2A_20180510T094031_N9999_R036_T35WPN_04_17,Coniferous forest,1.0,0.0
S2A_MSIL2A_20180510T094031_N9999_R036_T35WPN_05_43,Coniferous forest,1.0,1.0
S2A_MSIL2A_20180510T094031_N9999_R036_T35WPN_05_50,Coniferous forest,1.0,1.0
S2A_MSIL2A_20180510T094031_N9999_R036_T35WPN_07_81,Coniferous forest,1.0,0.0
S2A_MSIL2A_20180510T094031_N9999_R036_T35WPN_12_49,Coniferous forest,1.0,2.0
S2A_MSIL2A_20180510T094031_N9999_R036_T35WPN_12_72,Coniferous forest,1.0,1.0
S2A_MSIL2A_20180510T094031_N9999_R036_T35WPN_17_24,Coniferous forest,1.0,1.0
S2A_MSIL2A_20180510T094031_N9999_R036_T35WPN_18_07,Coniferous forest,1.0,0.0
S2A_MSIL2A_20180510T094031_N9999_R036_T35WPN_18_74,Coniferous forest,1.0,1.0
S2A_MSIL2A_20180510T094031_N9999_R036_T35WPP_01_67,Coniferous forest,1.0,1.0
S2A_MSIL2A_20180510T094031_N9999_R036_T35WPP_02_42,Coniferous forest,1.0,1.0
S2A_MSIL2A_20180510T094031_N9999_R036_T35WPP_03_50,Complex cultivation patterns,5.0,1.0
S2A_MSIL2A_20180510T094031_N9999_R036_T35WPP_08_48,Coniferous forest,1.0,1.0
S2A_MSIL2A_20180510T094031_N9999_R036_T35WPP_08_86,Coniferous forest,1.0,1.0
S2A_MSIL2A_20180510T094031_N9999_R036_T35WPP_09_38,Coniferous forest,1.0,0.0
S2A_MSIL2A_20180510T094031_N9999_R036_T35WPP_12_56,Coniferous forest,1.0,1.0
S2A_MSIL2A_20180510T094031_N9999_R036_T35WPP_12_70,Complex cultivation patterns,5.0,1.0
S2A_MSIL2A_20180510T094031_N9999_R036_T35WPP_13_31,Coniferous forest,1.0,1.0
S2A_MSIL2A_20180510T094031_N9999_R036_T35WPP_16_41,Coniferous forest,1.0,0.0
S2A_MSIL2A_20180510T094031_N9999_R036_T35WPP_17_39,Coniferous forest,1.0,1.0
S2A_MSIL2A_20180510T094031_N9999_R036_T35WPP_19_76,Coniferous forest,1.0,1.0
S2A_MSIL2A_20180510T094031_N9999_R036_T35WPP_23_59,Complex cultivation patterns,5.0,0.0
S2A_MSIL2A_20180510T094031_N9999_R036_T35WPP_26_72,Coniferous forest,1.0,1.0
S2A_MSIL2A_20180510T094031_N9999_R036_T35WPP_27_56,Coniferous forest,1.0,1.0
S2A_MSIL2A_20180510T094031_N9999_R036_T35WPP_27_61,Coniferous forest,1.0,2.0
S2A_MSIL2A_20180510T094031_N9999_R036_T35WPP_28_71,Coniferous forest,1.0,0.0
S2A_MSIL2A_20180526T100031_N9999_R122_T34WFU_17_17,Arable land,0.0,1.0
S2A_MSIL2A_20180526T100031_N9999_R122_T34WFU_18_27,Coniferous forest,1.0,0.0
S2A_MSIL2A_20180526T100031_N9999_R122_T34WFU_18_36,Mixed forest,9.0,1.0
S2A_MSIL2A_20180526T100031_N9999_R122_T34WFU_19_34,Coniferous forest,1.0,1.0
S2A_MSIL2A_20180526T100031_N9999_R122_T34WFU_21_33,Broad-leaved forest,2.0,1.0
S2A_MSIL2A_20180526T100031_N9999_R122_T34WFU_22_10,Arable land,0.0,0.0
S2A_MSIL2A_20180526T100031_N9999_R122_T34WFU_23_36,"Land principally occupied by agriculture, with significant areas of natural vegetation",8.0,0.0
S2A_MSIL2A_20180526T100031_N9999_R122_T34WFU_23_48,Arable land,0.0,0.0
S2A_MSIL2A_20180526T100031_N9999_R122_T34WFU_24_21,Coniferous forest,1.0,1.0
S2A_MSIL2A_20180526T100031_N9999_R122_T34WFU_27_26,Arable land,0.0,2.0
S2A_MSIL2A_20180526T100031_N9999_R122_T34WFU_28_20,"Land principally occupied by agriculture, with significant areas of natural vegetation",8.0,0.0
S2A_MSIL2A_20180526T100031_N9999_R122_T34WFU_29_27,Mixed forest,9.0,9.0
S2A_MSIL2A_20180526T100031_N9999_R122_T34WFU_29_50,Mixed forest,9.0,1.0
S2A_MSIL2A_20180526T100031_N9999_R122_T34WFU_30_05,Coniferous forest,1.0,1.0
S2A_MSIL2A_20180526T100031_N9999_R122_T34WFU_31_26,Coniferous forest,1.0,2.0
S2A_MSIL2A_20180526T100031_N9999_R122_T34WFU_31_46,Coniferous forest,1.0,1.0
S2A_MSIL2A_20180526T100031_N9999_R122_T34WFU_32_23,Coniferous forest,1.0,0.0
S2A_MSIL2A_20180526T100031_N9999_R122_T34WFU_32_57,Arable land,0.0,1.0
S2A_MSIL2A_20180526T100031_N9999_R122_T34WFU_33_15,Coniferous forest,1.0,1.0
S2A_MSIL2A_20180526T100031_N9999_R122_T34WFU_34_38,Mixed forest,9.0,2.0
S2A_MSIL2A_20180526T100031_N9999_R122_T34WFU_35_04,Coniferous forest,1.0,1.0
S2A_MSIL2A_20180526T100031_N9999_R122_T34WFU_35_16,Coniferous forest,1.0,1.0
S2A_MSIL2A_20180526T100031_N9999_R122_T34WFU_35_49,Coniferous forest,1.0,1.0
S2A_MSIL2A_20180526T100031_N9999_R122_T34WFU_35_70,Inland waters,6.0,0.0
S2A_MSIL2A_20180526T100031_N9999_R122_T34WFU_36_64,Arable land,0.0,0.0
S2A_MSIL2A_20180526T100031_N9999_R122_T34WFU_36_83,Marine waters,3.0,1.0
S2A_MSIL2A_20180526T100031_N9999_R122_T34WFU_37_08,Coniferous forest,1.0,1.0
S2A_MSIL2A_20180526T100031_N9999_R122_T34WFU_38_27,Coniferous forest,1.0,1.0
S2A_MSIL2A_20180526T100031_N9999_R122_T34WFU_38_81,Arable land,0.0,0.0
S2A_MSIL2A_20180526T100031_N9999_R122_T34WFU_39_16,Coniferous forest,1.0,1.0
S2A_MSIL2A_20180526T100031_N9999_R122_T34WFU_39_46,Mixed forest,9.0,1.0
S2A_MSIL2A_20180526T100031_N9999_R122_T34WFU_39_59,Coniferous forest,1.0,1.0
S2A_MSIL2A_20180526T100031_N9999_R122_T34WFU_39_69,Arable land,0.0,0.0
S2A_MSIL2A_20180526T100031_N9999_R122_T34WFU_40_14,Coniferous forest,1.0,1.0
S2A_MSIL2A_20180526T100031_N9999_R122_T34WFU_41_13,Inland waters,6.0,3.0
S2A_MSIL2A_20180526T100031_N9999_R122_T34WFU_41_45,Mixed forest,9.0,1.0
S2A_MSIL2A_20180526T100031_N9999_R122_T34WFU_43_22,Inland wetlands,10.0,0.0
S2A_MSIL2A_20180526T100031_N9999_R122_T34WFU_43_33,Arable land,0.0,0.0
S2A_MSIL2A_20180526T100031_N9999_R122_T34WFU_43_62,Arable land,0.0,0.0
S2A_MSIL2A_20180526T100031_N9999_R122_T34WFU_44_58,Arable land,0.0,0.0
S2A_MSIL2A_20180526T100031_N9999_R122_T34WFU_44_86,Marine waters,3.0,6.0
S2A_MSIL2A_20180526T100031_N9999_R122_T34WFU_44_87,Marine waters,3.0,3.0
S2A_MSIL2A_20180526T100031_N9999_R122_T34WFU_45_40,Coniferous forest,1.0,1.0
S2A_MSIL2A_20180526T100031_N9999_R122_T34WFU_45_45,Mixed forest,9.0,1.0
S2A_MSIL2A_20180526T100031_N9999_R122_T34WFU_46_27,Inland wetlands,10.0,2.0
S2A_MSIL2A_20180526T100031_N9999_R122_T34WFU_46_44,Inland wetlands,10.0,1.0
S2A_MSIL2A_20180526T100031_N9999_R122_T34WFU_46_48,Mixed forest,9.0,1.0
S2A_MSIL2A_20180526T100031_N9999_R122_T34WFU_46_61,Coniferous forest,1.0,0.0
S2A_MSIL2A_20180526T100031_N9999_R122_T34WFU_46_62,Coniferous forest,1.0,0.0
S2A_MSIL2A_20180526T100031_N9999_R122_T34WFU_47_06,Coniferous forest,1.0,1.0
S2A_MSIL2A_20180526T100031_N9999_R122_T34WFU_47_90,Marine waters,3.0,3.0
S2A_MSIL2A_20180526T100031_N9999_R122_T34WFU_48_35,Inland waters,6.0,1.0
S2A_MSIL2A_20180526T100031_N9999_R122_T34WFU_48_39,Inland wetlands,10.0,1.0
S2A_MSIL2A_20180526T100031_N9999_R122_T34WFU_48_49,Mixed forest,9.0,1.0
S2A_MSIL2A_20180526T100031_N9999_R122_T34WFU_49_08,Coniferous forest,1.0,1.0
S2A_MSIL2A_20180526T100031_N9999_R122_T34WFU_49_16,Coniferous forest,1.0,1.0
S2A_MSIL2A_20180526T100031_N9999_R122_T34WFU_49_70,Inland wetlands,10.0,10.0
S2A_MSIL2A_20180526T100031_N9999_R122_T34WFU_49_81,Industrial or commercial units,11.0,0.0
S2A_MSIL2A_20180526T100031_N9999_R122_T34WFU_51_50,Mixed forest,9.0,1.0
S2A_MSIL2A_20180526T100031_N9999_R122_T34WFU_53_22,Coniferous forest,1.0,1.0
S2A_MSIL2A_20180526T100031_N9999_R122_T34WFU_54_73,Inland waters,6.0,0.0
S2A_MSIL2A_20180526T100031_N9999_R122_T34WFU_55_70,Arable land,0.0,1.0
S2A_MSIL2A_20180526T100031_N9999_R122_T34WFU_56_07,Coniferous forest,1.0,1.0
S2A_MSIL2A_20180526T100031_N9999_R122_T34WFU_56_22,Coniferous forest,1.0,1.0
S2A_MSIL2A_20180526T100031_N9999_R122_T34WFU_56_54,Mixed forest,9.0,2.0
S2A_MSIL2A_20180526T100031_N9999_R122_T34WFU_56_57,Coniferous forest,1.0,1.0
S2A_MSIL2A_20180526T100031_N9999_R122_T34WFU_56_64,"Land principally occupied by agriculture, with significant areas of natural vegetation",8.0,0.0
S2A_MSIL2A_20180526T100031_N9999_R122_T34WFU_57_28,Coniferous forest,1.0,0.0
S2A_MSIL2A_20180526T100031_N9999_R122_T34WFU_57_76,Arable land,0.0,0.0
S2A_MSIL2A_20180526T100031_N9999_R122_T34WFU_57_77,Arable land,0.0,0.0
S2A_MSIL2A_20180526T100031_N9999_R122_T34WFU_58_33,Coniferous forest,1.0,2.0
S2A_MSIL2A_20180526T100031_N9999_R122_T34WFU_58_62,Arable land,0.0,0.0
S2A_MSIL2A_20180526T100031_N9999_R122_T34WFU_59_51,"Land principally occupied by agriculture, with significant areas of natural vegetation",8.0,0.0
S2A_MSIL2A_20180526T100031_N9999_R122_T34WFU_60_15,Inland wetlands,10.0,1.0
S2A_MSIL2A_20180526T100031_N9999_R122_T34WFU_60_18,Coniferous forest,1.0,1.0
S2A_MSIL2A_20180526T100031_N9999_R122_T34WFU_60_33,Coniferous forest,1.0,1.0
S2A_MSIL2A_20180526T100031_N9999_R122_T34WFU_61_39,Arable land,0.0,2.0
S2A_MSIL2A_20180526T100031_N9999_R122_T34WFU_61_50,Coniferous forest,1.0,1.0
S2A_MSIL2A_20180526T100031_N9999_R122_T34WFU_61_63,Coniferous forest,1.0,1.0
S2A_MSIL2A_20180526T100031_N9999_R122_T34WFU_61_70,Inland wetlands,10.0,1.0
S2A_MSIL2A_20180526T100031_N9999_R122_T34WFU_62_26,Mixed forest,9.0,1.0
S2A_MSIL2A_20180526T100031_N9999_R122_T34WFU_62_44,Mixed forest,9.0,1.0
S2A_MSIL2A_20180526T100031_N9999_R122_T34WFU_62_75,Mixed forest,9.0,1.0
S2A_MSIL2A_20180526T100031_N9999_R122_T34WFU_63_40,Mixed forest,9.0,1.0
S2A_MSIL2A_20180526T100031_N9999_R122_T34WFU_64_52,Broad-leaved forest,2.0,1.0
S2A_MSIL2A_20180526T100031_N9999_R122_T34WFU_65_83,Coniferous forest,1.0,1.0
S2A_MSIL2A_20180526T100031_N9999_R122_T34WFU_66_55,Coniferous forest,1.0,1.0
S2A_MSIL2A_20180526T100031_N9999_R122_T34WFU_67_04,Coniferous forest,1.0,1.0
S2A_MSIL2A_20180526T100031_N9999_R122_T34WFU_67_18,Coniferous forest,1.0,2.0
S2A_MSIL2A_20180526T100031_N9999_R122_T34WFU_67_22,Coniferous forest,1.0,1.0
S2A_MSIL2A_20180526T100031_N9999_R122_T34WFU_67_28,Mixed forest,9.0,0.0
S2A_MSIL2A_20180526T100031_N9999_R122_T34WFU_67_65,Mixed forest,9.0,1.0
S2A_MSIL2A_20180526T100031_N9999_R122_T34WFU_68_10,Coniferous forest,1.0,1.0
S2A_MSIL2A_20180526T100031_N9999_R122_T34WFU_68_68,Mixed forest,9.0,1.0
S2A_MSIL2A_20180526T100031_N9999_R122_T34WFU_69_17,Coniferous forest,1.0,1.0
S2A_MSIL2A_20180526T100031_N9999_R122_T34WFU_69_44,Mixed forest,9.0,9.0
S2A_MSIL2A_20180526T100031_N9999_R122_T34WFU_69_52,Mixed forest,9.0,1.0
S2A_MSIL2A_20180526T100031_N9999_R122_T34WFU_70_26,Mixed forest,9.0,1.0
S2A_MSIL2A_20180526T100031_N9999_R122_T34WFU_70_46,Arable land,0.0,0.0
S2A_MSIL2A_20180526T100031_N9999_R122_T34WFU_71_43,Coniferous forest,1.0,1.0
S2A_MSIL2A_20180526T100031_N9999_R122_T34WFU_72_33,Coniferous forest,1.0,1.0
S2A_MSIL2A_20180526T100031_N9999_R122_T34WFU_72_68,Mixed forest,9.0,1.0
S2A_MSIL2A_20180526T100031_N9999_R122_T34WFU_72_75,Inland wetlands,10.0,1.0
S2A_MSIL2A_20180526T100031_N9999_R122_T34WFU_73_70,Coniferous forest,1.0,1.0
S2A_MSIL2A_20180526T100031_N9999_R122_T34WFU_74_90,Coniferous forest,1.0,0.0
S2A_MSIL2A_20180526T100031_N9999_R122_T34WFU_75_15,Coniferous forest,1.0,1.0
S2A_MSIL2A_20180526T100031_N9999_R122_T34WFU_75_45,Inland waters,6.0,0.0
S2A_MSIL2A_20180526T100031_N9999_R122_T34WFU_76_64,Mixed forest,9.0,1.0
S2A_MSIL2A_20180526T100031_N9999_R122_T34WFU_76_85,Coniferous forest,1.0,1.0
S2A_MSIL2A_20180526T100031_N9999_R122_T34WFU_77_73,Coniferous forest,1.0,0.0
S2A_MSIL2A_20180526T100031_N9999_R122_T34WFU_78_36,Coniferous forest,1.0,0.0
S2A_MSIL2A_20180526T100031_N9999_R122_T34WFU_79_58,Coniferous forest,1.0,1.0
S2A_MSIL2A_20180526T100031_N9999_R122_T34WFU_82_26,Coniferous forest,1.0,1.0
S2A_MSIL2A_20180526T100031_N9999_R122_T34WFU_84_27,Coniferous forest,1.0,1.0
S2A_MSIL2A_20180526T100031_N9999_R122_T34WFU_84_59,Coniferous forest,1.0,1.0
S2A_MSIL2A_20180526T100031_N9999_R122_T34WFU_85_20,Coniferous forest,1.0,1.0
S2A_MSIL2A_20180526T100031_N9999_R122_T34WFU_85_23,Mixed forest,9.0,1.0
S2A_MSIL2A_20180526T100031_N9999_R122_T34WFU_85_56,Coniferous forest,1.0,1.0
S2A_MSIL2A_20180526T100031_N9999_R122_T34WFU_87_03,Coniferous forest,1.0,1.0
S2A_MSIL2A_20180526T100031_N9999_R122_T34WFU_87_19,Coniferous forest,1.0,1.0
S2A_MSIL2A_20180526T100031_N9999_R122_T34WFU_87_48,Coniferous forest,1.0,1.0
S2A_MSIL2A_20180526T100031_N9999_R122_T34WFU_88_71,Coniferous forest,1.0,1.0
S2A_MSIL2A_20180526T100031_N9999_R122_T34WFU_88_87,Coniferous forest,1.0,0.0
S2A_MSIL2A_20180526T100031_N9999_R122_T34WFU_89_09,Coniferous forest,1.0,0.0
S2A_MSIL2A_20180526T100031_N9999_R122_T34WFU_89_50,Coniferous forest,1.0,1.0
S2A_MSIL2A_20180526T100031_N9999_R122_T34WFU_89_54,Coniferous forest,1.0,1.0
S2A_MSIL2A_20180526T100031_N9999_R122_T34WFU_89_82,Coniferous forest,1.0,2.0
S2A_MSIL2A_20180526T100031_N9999_R122_T34WFU_90_45,Arable land,0.0,0.0
S2A_MSIL2A_20180529T115401_N9999_R023_T29UNB_07_87,Marine waters,3.0,3.0
S2A_MSIL2A_20180529T115401_N9999_R023_T29UNB_08_73,Marine waters,3.0,3.0
S2A_MSIL2A_20180529T115401_N9999_R023_T29UNB_08_79,Marine waters,3.0,3.0
S2A_MSIL2A_20180529T115401_N9999_R023_T29UNB_10_85,Marine waters,3.0,3.0
S2A_MSIL2A_20180529T115401_N9999_R023_T29UNB_11_80,Marine waters,3.0,3.0
S2A_MSIL2A_20180529T115401_N9999_R023_T29UNB_13_70,Marine waters,3.0,3.0
S2A_MSIL2A_20180529T115401_N9999_R023_T29UNB_13_80,Marine waters,3.0,3.0
S2A_MSIL2A_20180529T115401_N9999_R023_T29UNB_20_64,Marine waters,3.0,3.0
S2A_MSIL2A_20180529T115401_N9999_R023_T29UNB_20_70,Marine waters,3.0,3.0
S2A_MSIL2A_20180529T115401_N9999_R023_T29UNB_23_80,Marine waters,3.0,3.0
S2A_MSIL2A_20180529T115401_N9999_R023_T29UNB_25_50,Marine waters,3.0,3.0
S2A_MSIL2A_20180529T115401_N9999_R023_T29UNB_25_67,Marine waters,3.0,3.0
S2A_MSIL2A_20180529T115401_N9999_R023_T29UNB_26_68,Marine waters,3.0,3.0
S2A_MSIL2A_20180529T115401_N9999_R023_T29UNB_29_75,Marine waters,3.0,3.0
S2A_MSIL2A_20180529T115401_N9999_R023_T29UNB_31_62,Marine waters,3.0,3.0
S2A_MSIL2A_20180529T115401_N9999_R023_T29UNB_31_83,Inland wetlands,10.0,3.0
S2A_MSIL2A_20180529T115401_N9999_R023_T29UNB_31_87,"Beaches, dunes, sands",13.0,0.0
S2A_MSIL2A_20180529T115401_N9999_R023_T29UNB_34_53,Marine waters,3.0,3.0
S2A_MSIL2A_20180529T115401_N9999_R023_T29UNB_34_77,Marine waters,3.0,3.0
S2A_MSIL2A_20180529T115401_N9999_R023_T29UNB_35_49,Marine waters,3.0,3.0
S2A_MSIL2A_20180529T115401_N9999_R023_T29UNB_38_48,Marine waters,3.0,3.0
S2A_MSIL2A_20180529T115401_N9999_R023_T29UNB_39_64,Marine waters,3.0,3.0
S2A_MSIL2A_20180529T115401_N9999_R023_T29UNB_40_68,Marine waters,3.0,3.0
S2A_MSIL2A_20180529T115401_N9999_R023_T29UNB_43_52,Marine waters,3.0,3.0
S2A_MSIL2A_20180529T115401_N9999_R023_T29UNB_46_83,Inland wetlands,10.0,0.0
S2A_MSIL2A_20180529T115401_N9999_R023_T29UNB_48_69,Marine waters,3.0,3.0
S2A_MSIL2A_20180529T115401_N9999_R023_T29UNB_48_74,Pastures,7.0,0.0
S2A_MSIL2A_20180529T115401_N9999_R023_T29UNB_52_63,Marine waters,3.0,3.0
S2A_MSIL2A_20180529T115401_N9999_R023_T29UNB_52_89,Inland wetlands,10.0,0.0
S2A_MSIL2A_20180529T115401_N9999_R023_T29UNB_53_49,Marine waters,3.0,3.0
S2A_MSIL2A_20180529T115401_N9999_R023_T29UNB_53_70,Coniferous forest,1.0,0.0
S2A_MSIL2A_20180529T115401_N9999_R023_T29UNB_54_47,Marine waters,3.0,3.0
S2A_MSIL2A_20180529T115401_N9999_R023_T29UNB_54_57,Marine waters,3.0,3.0
S2A_MSIL2A_20180529T115401_N9999_R023_T29UNB_54_73,Inland wetlands,10.0,0.0
S2A_MSIL2A_20180529T115401_N9999_R023_T29UNB_55_65,Marine waters,3.0,3.0
S2A_MSIL2A_20180529T115401_N9999_R023_T29UNB_55_80,Inland waters,6.0,0.0
S2A_MSIL2A_20180529T115401_N9999_R023_T29UNB_56_69,Marine waters,3.0,3.0
S2A_MSIL2A_20180529T115401_N9999_R023_T29UNB_56_70,"Beaches, dunes, sands",13.0,0.0
S2A_MSIL2A_20180529T115401_N9999_R023_T29UNB_57_49,Marine waters,3.0,3.0
S2A_MSIL2A_20180529T115401_N9999_R023_T29UNB_57_76,Inland wetlands,10.0,0.0
S2A_MSIL2A_20180529T115401_N9999_R023_T29UNB_59_45,Marine waters,3.0,3.0
S2A_MSIL2A_20180529T115401_N9999_R023_T29UNB_59_68,Marine waters,3.0,2.0
S2A_MSIL2A_20180529T115401_N9999_R023_T29UNB_59_78,Broad-leaved forest,2.0,0.0
S2A_MSIL2A_20180529T115401_N9999_R023_T29UNB_60_90,Pastures,7.0,0.0
S2A_MSIL2A_20180529T115401_N9999_R023_T29UNB_61_44,Marine waters,3.0,3.0
S2A_MSIL2A_20180529T115401_N9999_R023_T29UNB_61_58,Marine waters,3.0,6.0
S2A_MSIL2A_20180529T115401_N9999_R023_T29UNB_62_64,Marine waters,3.0,3.0
S2A_MSIL2A_20180529T115401_N9999_R023_T29UNB_62_87,Inland wetlands,10.0,0.0
S2A_MSIL2A_20180529T115401_N9999_R023_T29UNB_67_88,Pastures,7.0,0.0
S2A_MSIL2A_20180529T115401_N9999_R023_T29UNB_68_69,Marine waters,3.0,0.0
S2A_MSIL2A_20180529T115401_N9999_R023_T29UNB_69_73,Inland wetlands,10.0,1.0
S2A_MSIL2A_20180529T115401_N9999_R023_T29UNB_70_40,Marine waters,3.0,3.0
S2A_MSIL2A_20180529T115401_N9999_R023_T29UNB_72_46,Marine waters,3.0,3.0
S2A_MSIL2A_20180529T115401_N9999_R023_T29UNB_75_45,Marine waters,3.0,3.0
S2A_MSIL2A_20180529T115401_N9999_R023_T29UNB_75_87,Complex cultivation patterns,5.0,0.0
S2A_MSIL2A_20180529T115401_N9999_R023_T29UNB_76_40,Marine waters,3.0,3.0
S2A_MSIL2A_20180529T115401_N9999_R023_T29UNB_76_58,Marine waters,3.0,3.0
S2A_MSIL2A_20180529T115401_N9999_R023_T29UNB_76_86,Arable land,0.0,0.0
S2A_MSIL2A_20180529T115401_N9999_R023_T29UNB_78_35,Marine waters,3.0,3.0
S2A_MSIL2A_20180529T115401_N9999_R023_T29UNB_78_40,Marine waters,3.0,3.0
S2A_MSIL2A_20180529T115401_N9999_R023_T29UNB_79_44,Marine waters,3.0,3.0
S2A_MSIL2A_20180529T115401_N9999_R023_T29UNB_81_46,Marine waters,3.0,3.0
S2A_MSIL2A_20180529T115401_N9999_R023_T29UNB_82_52,Marine waters,3.0,3.0
S2A_MSIL2A_20180529T115401_N9999_R023_T29UNB_83_45,Marine waters,3.0,3.0
S2A_MSIL2A_20180529T115401_N9999_R023_T29UNB_83_75,"Moors, heathland and sclerophyllous vegetation",12.0,0.0
S2A_MSIL2A_20180529T115401_N9999_R023_T29UNB_83_82,Arable land,0.0,0.0
S2A_MSIL2A_20180529T115401_N9999_R023_T29UNB_84_58,Marine waters,3.0,3.0
S2A_MSIL2A_20180529T115401_N9999_R023_T29UNB_85_36,Marine waters,3.0,3.0
S2A_MSIL2A_20180529T115401_N9999_R023_T29UNB_89_37,Marine waters,3.0,3.0
S2A_MSIL2A_20180529T115401_N9999_R023_T29UNB_89_39,Marine waters,3.0,3.0
S2A_MSIL2A_20180529T115401_N9999_R023_T29UNB_90_62,Broad-leaved forest,2.0,0.0
S2A_MSIL2A_20180529T115401_N9999_R023_T29UNB_90_81,Complex cultivation patterns,5.0,0.0
S2B_MSIL2A_20170709T094029_N9999_R036_T35VNL_00_11,Coniferous forest,1.0,2.0
S2B_MSIL2A_20170709T094029_N9999_R036_T35VNL_00_29,Arable land,0.0,0.0
S2B_MSIL2A_20170709T094029_N9999_R036_T35VNL_00_58,Broad-leaved forest,2.0,1.0
S2B_MSIL2A_20170709T094029_N9999_R036_T35VNL_01_18,Coniferous forest,1.0,2.0
S2B_MSIL2A_20170709T094029_N9999_R036_T35VNL_01_45,Arable land,0.0,0.0
S2B_MSIL2A_20170709T094029_N9999_R036_T35VNL_02_18,Coniferous forest,1.0,2.0
S2B_MSIL2A_20170709T094029_N9999_R036_T35VNL_03_28,Arable land,0.0,0.0
S2B_MSIL2A_20170709T094029_N9999_R036_T35VNL_05_21,Arable land,0.0,0.0
S2B_MSIL2A_20170709T094029_N9999_R036_T35VNL_05_28,Arable land,0.0,0.0
S2B_MSIL2A_20170709T094029_N9999_R036_T35VNL_06_30,Arable land,0.0,0.0
S2B_MSIL2A_20170709T094029_N9999_R036_T35VNL_09_75,Arable land,0.0,0.0
S2B_MSIL2A_20170709T094029_N9999_R036_T35VNL_11_57,Arable land,0.0,0.0
S2B_MSIL2A_20170709T094029_N9999_R036_T35VNL_11_64,Arable land,0.0,0.0
S2B_MSIL2A_20170709T094029_N9999_R036_T35VNL_12_53,Inland waters,6.0,1.0
S2B_MSIL2A_20170709T094029_N9999_R036_T35VNL_12_55,Arable land,0.0,6.0
S2B_MSIL2A_20170709T094029_N9999_R036_T35VNL_12_81,Arable land,0.0,1.0
S2B_MSIL2A_20170709T094029_N9999_R036_T35VNL_13_00,Coniferous forest,1.0,0.0
S2B_MSIL2A_20170709T094029_N9999_R036_T35VNL_15_14,Arable land,0.0,0.0
S2B_MSIL2A_20170709T094029_N9999_R036_T35VNL_15_16,Broad-leaved forest,2.0,1.0
S2B_MSIL2A_20170709T094029_N9999_R036_T35VNL_15_46,Coniferous forest,1.0,0.0
S2B_MSIL2A_20170709T094029_N9999_R036_T35VNL_15_55,Arable land,0.0,0.0
S2B_MSIL2A_20170709T094029_N9999_R036_T35VNL_16_40,Inland waters,6.0,0.0
S2B_MSIL2A_20170709T094029_N9999_R036_T35VNL_16_58,Arable land,0.0,0.0
S2B_MSIL2A_20170709T094029_N9999_R036_T35VNL_16_70,Arable land,0.0,0.0
S2B_MSIL2A_20170709T094029_N9999_R036_T35VNL_17_28,Inland waters,6.0,0.0
S2B_MSIL2A_20170709T094029_N9999_R036_T35VNL_17_71,Arable land,0.0,2.0
S2B_MSIL2A_20170709T094029_N9999_R036_T35VNL_18_00,Coniferous forest,1.0,1.0
S2B_MSIL2A_20170709T094029_N9999_R036_T35VNL_18_62,Arable land,0.0,0.0
S2B_MSIL2A_20170709T094029_N9999_R036_T35VNL_18_67,Coniferous forest,1.0,0.0
S2B_MSIL2A_20170709T094029_N9999_R036_T35VNL_19_13,Arable land,0.0,1.0
S2B_MSIL2A_20170709T094029_N9999_R036_T35VNL_20_35,Arable land,0.0,0.0
S2B_MSIL2A_20170709T094029_N9999_R036_T35VNL_20_88,Arable land,0.0,0.0
S2B_MSIL2A_20170709T094029_N9999_R036_T35VNL_21_34,Arable land,0.0,0.0
S2B_MSIL2A_20170709T094029_N9999_R036_T35VNL_23_43,Coniferous forest,1.0,0.0
S2B_MSIL2A_20170709T094029_N9999_R036_T35VNL_25_30,Coniferous forest,1.0,1.0
S2B_MSIL2A_20170709T094029_N9999_R036_T35VNL_25_64,Coniferous forest,1.0,1.0
S2B_MSIL2A_20170709T094029_N9999_R036_T35VNL_26_09,Coniferous forest,1.0,1.0
S2B_MSIL2A_20170709T094029_N9999_R036_T35VNL_27_19,Coniferous forest,1.0,1.0
S2B_MSIL2A_20170709T094029_N9999_R036_T35VNL_27_40,Coniferous forest,1.0,2.0
S2B_MSIL2A_20170709T094029_N9999_R036_T35VNL_28_10,Inland waters,6.0,1.0
S2B_MSIL2A_20170709T094029_N9999_R036_T35VNL_28_18,Coniferous forest,1.0,2.0
S2B_MSIL2A_20170709T094029_N9999_R036_T35VNL_28_25,Coniferous forest,1.0,1.0
S2B_MSIL2A_20170709T094029_N9999_R036_T35VNL_29_37,Coniferous forest,1.0,1.0
S2B_MSIL2A_20170709T094029_N9999_R036_T35VNL_29_84,Coniferous forest,1.0,0.0
S2B_MSIL2A_20170709T094029_N9999_R036_T35VNL_30_61,Broad-leaved forest,2.0,0.0
S2B_MSIL2A_20170709T094029_N9999_R036_T35VNL_32_24,Coniferous forest,1.0,1.0
S2B_MSIL2A_20170709T094029_N9999_R036_T35VNL_33_66,Coniferous forest,1.0,1.0
S2B_MSIL2A_20170709T094029_N9999_R036_T35VNL_33_86,Coniferous forest,1.0,0.0
S2B_MSIL2A_20170709T094029_N9999_R036_T35VNL_34_57,Broad-leaved forest,2.0,1.0
S2B_MSIL2A_20170709T094029_N9999_R036_T35VNL_35_85,Arable land,0.0,1.0
S2B_MSIL2A_20170709T094029_N9999_R036_T35VNL_36_19,Coniferous forest,1.0,1.0
S2B_MSIL2A_20170709T094029_N9999_R036_T35VNL_36_46,Coniferous forest,1.0,1.0
S2B_MSIL2A_20170709T094029_N9999_R036_T35VNL_36_77,Arable land,0.0,0.0
S2B_MSIL2A_20170709T094029_N9999_R036_T35VNL_37_01,Coniferous forest,1.0,1.0
S2B_MSIL2A_20170709T094029_N9999_R036_T35VNL_38_17,Inland waters,6.0,6.0
S2B_MSIL2A_20170709T094029_N9999_R036_T35VNL_38_36,Coniferous forest,1.0,0.0
S2B_MSIL2A_20170709T094029_N9999_R036_T35VNL_38_74,Coniferous forest,1.0,0.0
S2B_MSIL2A_20170709T094029_N9999_R036_T35VNL_39_52,Mixed forest,9.0,0.0
S2B_MSIL2A_20170709T094029_N9999_R036_T35VNL_39_55,Arable land,0.0,0.0
S2B_MSIL2A_20170709T094029_N9999_R036_T35VNL_39_75,Arable land,0.0,2.0
S2B_MSIL2A_20170709T094029_N9999_R036_T35VNL_39_83,Arable land,0.0,0.0
S2B_MSIL2A_20170709T094029_N9999_R036_T35VNL_40_21,Coniferous forest,1.0,1.0
S2B_MSIL2A_20170709T094029_N9999_R036_T35VNL_41_62,Coniferous forest,1.0,1.0
S2B_MSIL2A_20170709T094029_N9999_R036_T35VNL_41_65,Broad-leaved forest,2.0,1.0
S2B_MSIL2A_20170709T094029_N9999_R036_T35VNL_41_87,Inland waters,6.0,6.0
S2B_MSIL2A_20170709T094029_N9999_R036_T35VNL_42_09,Coniferous forest,1.0,1.0
S2B_MSIL2A_20170709T094029_N9999_R036_T35VNL_42_22,Coniferous forest,1.0,1.0
S2B_MSIL2A_20170709T094029_N9999_R036_T35VNL_42_79,Broad-leaved forest,2.0,0.0
S2B_MSIL2A_20170709T094029_N9999_R036_T35VNL_42_82,Arable land,0.0,0.0
S2B_MSIL2A_20170709T094029_N9999_R036_T35VNL_43_23,Coniferous forest,1.0,2.0
S2B_MSIL2A_20170709T094029_N9999_R036_T35VNL_44_12,Coniferous forest,1.0,1.0
S2B_MSIL2A_20170709T094029_N9999_R036_T35VNL_44_14,Coniferous forest,1.0,1.0
S2B_MSIL2A_20170709T094029_N9999_R036_T35VNL_44_59,Coniferous forest,1.0,1.0
S2B_MSIL2A_20170709T094029_N9999_R036_T35VNL_45_01,Coniferous forest,1.0,1.0
S2B_MSIL2A_20170709T094029_N9999_R036_T35VNL_45_27,Coniferous forest,1.0,1.0
S2B_MSIL2A_20170709T094029_N9999_R036_T35VNL_45_31,Coniferous forest,1.0,1.0
S2B_MSIL2A_20170709T094029_N9999_R036_T35VNL_46_64,Broad-leaved forest,2.0,2.0
S2B_MSIL2A_20170709T094029_N9999_R036_T35VNL_47_70,Coniferous forest,1.0,6.0
S2B_MSIL2A_20170709T094029_N9999_R036_T35VNL_47_86,Inland waters,6.0,0.0
S2B_MSIL2A_20170709T094029_N9999_R036_T35VNL_49_23,Coniferous forest,1.0,1.0
S2B_MSIL2A_20170709T094029_N9999_R036_T35VNL_49_43,Coniferous forest,1.0,1.0
S2B_MSIL2A_20170709T094029_N9999_R036_T35VNL_50_40,Coniferous forest,1.0,1.0
S2B_MSIL2A_20170709T094029_N9999_R036_T35VNL_50_63,Coniferous forest,1.0,1.0
S2B_MSIL2A_20170709T094029_N9999_R036_T35VNL_51_07,Coniferous forest,1.0,1.0
S2B_MSIL2A_20170709T094029_N9999_R036_T35VNL_51_17,Coniferous forest,1.0,1.0
S2B_MSIL2A_20170709T094029_N9999_R036_T35VNL_51_27,Coniferous forest,1.0,6.0
S2B_MSIL2A_20170709T094029_N9999_R036_T35VNL_51_84,Broad-leaved forest,2.0,0.0
S2B_MSIL2A_20170709T094029_N9999_R036_T35VNL_52_26,Coniferous forest,1.0,1.0
S2B_MSIL2A_20170709T094029_N9999_R036_T35VNL_52_50,Inland waters,6.0,1.0
S2B_MSIL2A_20170709T094029_N9999_R036_T35VNL_52_72,Broad-leaved forest,2.0,6.0
S2B_MSIL2A_20170709T094029_N9999_R036_T35VNL_52_89,Arable land,0.0,0.0
S2B_MSIL2A_20170709T094029_N9999_R036_T35VNL_53_26,Coniferous forest,1.0,0.0
S2B_MSIL2A_20170709T094029_N9999_R036_T35VNL_53_58,Coniferous forest,1.0,1.0
S2B_MSIL2A_20170709T094029_N9999_R036_T35VNL_53_62,Broad-leaved forest,2.0,2.0
S2B_MSIL2A_20170709T094029_N9999_R036_T35VNL_53_76,Coniferous forest,1.0,1.0
S2B_MSIL2A_20170709T094029_N9999_R036_T35VNL_55_81,Coniferous forest,1.0,1.0
S2B_MSIL2A_20170709T094029_N9999_R036_T35VNL_56_15,Coniferous forest,1.0,1.0
S2B_MSIL2A_20170709T094029_N9999_R036_T35VNL_56_38,Coniferous forest,1.0,1.0
S2B_MSIL2A_20170709T094029_N9999_R036_T35VNL_56_62,Coniferous forest,1.0,1.0
S2B_MSIL2A_20170709T094029_N9999_R036_T35VNL_57_61,Arable land,0.0,1.0
S2B_MSIL2A_20170709T094029_N9999_R036_T35VNL_57_74,Inland waters,6.0,1.0
S2B_MSIL2A_20170709T094029_N9999_R036_T35VNL_58_63,Coniferous forest,1.0,1.0
S2B_MSIL2A_20170709T094029_N9999_R036_T35VNL_59_01,Coniferous forest,1.0,1.0
S2B_MSIL2A_20170709T094029_N9999_R036_T35VNL_59_71,Coniferous forest,1.0,0.0
S2B_MSIL2A_20170709T094029_N9999_R036_T35VNL_59_87,Coniferous forest,1.0,2.0
S2B_MSIL2A_20170709T094029_N9999_R036_T35VNL_60_23,Coniferous forest,1.0,2.0
S2B_MSIL2A_20170709T094029_N9999_R036_T35VNL_60_43,Coniferous forest,1.0,1.0
S2B_MSIL2A_20170709T094029_N9999_R036_T35VNL_61_24,Coniferous forest,1.0,1.0
S2B_MSIL2A_20170709T094029_N9999_R036_T35VNL_61_40,Coniferous forest,1.0,2.0
S2B_MSIL2A_20170709T094029_N9999_R036_T35VNL_61_47,Coniferous forest,1.0,1.0
S2B_MSIL2A_20170709T094029_N9999_R036_T35VNL_61_55,Coniferous forest,1.0,1.0
S2B_MSIL2A_20170709T094029_N9999_R036_T35VNL_62_11,Coniferous forest,1.0,1.0
S2B_MSIL2A_20170709T094029_N9999_R036_T35VNL_63_90,Broad-leaved forest,2.0,1.0
S2B_MSIL2A_20170709T094029_N9999_R036_T35VNL_64_03,Coniferous forest,1.0,1.0
S2B_MSIL2A_20170709T094029_N9999_R036_T35VNL_64_19,Coniferous forest,1.0,0.0
S2B_MSIL2A_20170709T094029_N9999_R036_T35VNL_64_67,Coniferous forest,1.0,1.0
S2B_MSIL2A_20170709T094029_N9999_R036_T35VNL_65_16,Arable land,0.0,1.0
S2B_MSIL2A_20170709T094029_N9999_R036_T35VNL_65_30,Coniferous forest,1.0,1.0
S2B_MSIL2A_20170709T094029_N9999_R036_T35VNL_65_39,Coniferous forest,1.0,1.0
S2B_MSIL2A_20170709T094029_N9999_R036_T35VNL_66_13,Coniferous forest,1.0,1.0
S2B_MSIL2A_20170709T094029_N9999_R036_T35VNL_66_28,Arable land,0.0,0.0
S2B_MSIL2A_20170709T094029_N9999_R036_T35VNL_67_12,Coniferous forest,1.0,0.0
S2B_MSIL2A_20170709T094029_N9999_R036_T35VNL_67_40,Coniferous forest,1.0,2.0
S2B_MSIL2A_20170709T094029_N9999_R036_T35VNL_67_69,Coniferous forest,1.0,1.0
S2B_MSIL2A_20170709T094029_N9999_R036_T35VNL_68_22,Coniferous forest,1.0,1.0
S2B_MSIL2A_20170709T094029_N9999_R036_T35VNL_70_05,Coniferous forest,1.0,1.0
S2B_MSIL2A_20170709T094029_N9999_R036_T35VNL_70_53,Coniferous forest,1.0,1.0
S2B_MSIL2A_20170709T094029_N9999_R036_T35VNL_70_62,Coniferous forest,1.0,1.0
S2B_MSIL2A_20170709T094029_N9999_R036_T35VNL_70_73,Coniferous forest,1.0,1.0
S2B_MSIL2A_20170709T094029_N9999_R036_T35VNL_71_09,Coniferous forest,1.0,1.0
S2B_MSIL2A_20170709T094029_N9999_R036_T35VNL_71_28,Coniferous forest,1.0,0.0
S2B_MSIL2A_20170709T094029_N9999_R036_T35VNL_71_33,Coniferous forest,1.0,1.0
S2B_MSIL2A_20170709T094029_N9999_R036_T35VNL_71_47,Coniferous forest,1.0,1.0
S2B_MSIL2A_20170709T094029_N9999_R036_T35VNL_71_51,Coniferous forest,1.0,1.0
S2B_MSIL2A_20170709T094029_N9999_R036_T35VNL_71_63,Coniferous forest,1.0,1.0
S2B_MSIL2A_20170709T094029_N9999_R036_T35VNL_71_71,Coniferous forest,1.0,1.0
S2B_MSIL2A_20170709T094029_N9999_R036_T35VNL_72_79,Coniferous forest,1.0,1.0
S2B_MSIL2A_20170709T094029_N9999_R036_T35VNL_73_03,Coniferous forest,1.0,1.0
S2B_MSIL2A_20170709T094029_N9999_R036_T35VNL_73_05,Coniferous forest,1.0,1.0
S2B_MSIL2A_20170709T094029_N9999_R036_T35VNL_74_02,Coniferous forest,1.0,1.0
S2B_MSIL2A_20170709T094029_N9999_R036_T35VNL_74_03,Coniferous forest,1.0,1.0
S2B_MSIL2A_20170709T094029_N9999_R036_T35VNL_74_52,Coniferous forest,1.0,1.0
S2B_MSIL2A_20170709T094029_N9999_R036_T35VNL_74_59,Coniferous forest,1.0,1.0
S2B_MSIL2A_20170709T094029_N9999_R036_T35VNL_74_76,Coniferous forest,1.0,1.0
S2B_MSIL2A_20170709T094029_N9999_R036_T35VNL_75_29,Coniferous forest,1.0,0.0
S2B_MSIL2A_20170709T094029_N9999_R036_T35VNL_75_81,Coniferous forest,1.0,1.0
S2B_MSIL2A_20170709T094029_N9999_R036_T35VNL_76_42,Arable land,0.0,0.0
S2B_MSIL2A_20170709T094029_N9999_R036_T35VNL_76_71,Coniferous forest,1.0,0.0
S2B_MSIL2A_20170709T094029_N9999_R036_T35VNL_77_19,Coniferous forest,1.0,0.0
S2B_MSIL2A_20170709T094029_N9999_R036_T35VNL_77_76,Coniferous forest,1.0,1.0
S2B_MSIL2A_20170709T094029_N9999_R036_T35VNL_77_83,Coniferous forest,1.0,1.0
S2B_MSIL2A_20170709T094029_N9999_R036_T35VNL_78_00,Coniferous forest,1.0,1.0
S2B_MSIL2A_20170709T094029_N9999_R036_T35VNL_78_46,Arable land,0.0,0.0
S2B_MSIL2A_20170709T094029_N9999_R036_T35VNL_79_14,Coniferous forest,1.0,1.0
S2B_MSIL2A_20170709T094029_N9999_R036_T35VNL_80_24,Coniferous forest,1.0,1.0
S2B_MSIL2A_20170709T094029_N9999_R036_T35VNL_82_81,Coniferous forest,1.0,0.0
S2B_MSIL2A_20170709T094029_N9999_R036_T35VNL_83_14,Coniferous forest,1.0,0.0
S2B_MSIL2A_20170709T094029_N9999_R036_T35VNL_83_71,Coniferous forest,1.0,1.0
S2B_MSIL2A_20170709T094029_N9999_R036_T35VNL_83_81,Broad-leaved forest,2.0,0.0
S2B_MSIL2A_20170709T094029_N9999_R036_T35VNL_83_86,Coniferous forest,1.0,1.0
S2B_MSIL2A_20170709T094029_N9999_R036_T35VNL_83_87,Coniferous forest,1.0,1.0
S2B_MSIL2A_20170709T094029_N9999_R036_T35VNL_84_24,Coniferous forest,1.0,1.0
S2B_MSIL2A_20170709T094029_N9999_R036_T35VNL_84_50,Coniferous forest,1.0,0.0
S2B_MSIL2A_20170709T094029_N9999_R036_T35VNL_84_70,Coniferous forest,1.0,1.0
S2B_MSIL2A_20170709T094029_N9999_R036_T35VNL_85_07,Coniferous forest,1.0,1.0
S2B_MSIL2A_20170709T094029_N9999_R036_T35VNL_86_83,Broad-leaved forest,2.0,1.0
S2B_MSIL2A_20170709T094029_N9999_R036_T35VNL_87_34,Coniferous forest,1.0,1.0
S2B_MSIL2A_20170709T094029_N9999_R036_T35VNL_87_46,Coniferous forest,1.0,2.0
S2B_MSIL2A_20170709T094029_N9999_R036_T35VNL_87_68,Coniferous forest,1.0,1.0
S2B_MSIL2A_20170709T094029_N9999_R036_T35VNL_88_36,Arable land,0.0,0.0
S2B_MSIL2A_20170709T094029_N9999_R036_T35VNL_88_55,Inland waters,6.0,1.0
S2B_MSIL2A_20170709T094029_N9999_R036_T35VNL_89_41,Coniferous forest,1.0,0.0
S2B_MSIL2A_20170709T094029_N9999_R036_T35VNL_90_21,Coniferous forest,1.0,1.0
S2B_MSIL2A_20170716T093039_N9999_R136_T36VVR_00_71,Coniferous forest,1.0,1.0
S2B_MSIL2A_20170716T093039_N9999_R136_T36VVR_00_80,Coniferous forest,1.0,1.0
S2B_MSIL2A_20170716T093039_N9999_R136_T36VVR_02_68,Coniferous forest,1.0,1.0
S2B_MSIL2A_20170716T093039_N9999_R136_T36VVR_02_88,Coniferous forest,1.0,1.0
S2B_MSIL2A_20170716T093039_N9999_R136_T36VVR_03_72,Coniferous forest,1.0,1.0
S2B_MSIL2A_20170716T093039_N9999_R136_T36VVR_04_76,Coniferous forest,1.0,1.0
S2B_MSIL2A_20170716T093039_N9999_R136_T36VVR_04_85,Coniferous forest,1.0,1.0
S2B_MSIL2A_20170716T093039_N9999_R136_T36VVR_07_89,Coniferous forest,1.0,1.0
S2B_MSIL2A_20170716T093039_N9999_R136_T36VVR_09_85,Coniferous forest,1.0,1.0
S2B_MSIL2A_20170716T093039_N9999_R136_T36VVR_11_84,Coniferous forest,1.0,0.0
S2B_MSIL2A_20170718T115359_N9999_R023_T29UPB_00_56,Marine waters,3.0,3.0
S2B_MSIL2A_20170718T115359_N9999_R023_T29UPB_00_75,Inland wetlands,10.0,0.0
S2B_MSIL2A_20170718T115359_N9999_R023_T29UPB_01_35,Marine waters,3.0,3.0
S2B_MSIL2A_20170718T115359_N9999_R023_T29UPB_02_46,Marine waters,3.0,3.0
S2B_MSIL2A_20170718T115359_N9999_R023_T29UPB_02_79,"Moors, heathland and sclerophyllous vegetation",12.0,1.0
S2B_MSIL2A_20170718T115359_N9999_R023_T29UPB_03_67,Inland wetlands,10.0,10.0
S2B_MSIL2A_20170718T115359_N9999_R023_T29UPB_04_79,"Moors, heathland and sclerophyllous vegetation",12.0,0.0
S2B_MSIL2A_20170718T115359_N9999_R023_T29UPB_05_44,Marine waters,3.0,3.0
S2B_MSIL2A_20170718T115359_N9999_R023_T29UPB_06_31,Marine waters,3.0,3.0
S2B_MSIL2A_20170718T115359_N9999_R023_T29UPB_07_35,Marine waters,3.0,3.0
S2B_MSIL2A_20170718T115359_N9999_R023_T29UPB_07_36,Marine waters,3.0,3.0
S2B_MSIL2A_20170718T115359_N9999_R023_T29UPB_08_58,Pastures,7.0,7.0
S2B_MSIL2A_20170718T115359_N9999_R023_T29UPB_09_77,Coniferous forest,1.0,0.0
S2B_MSIL2A_20170718T115359_N9999_R023_T29UPB_10_58,Pastures,7.0,7.0
S2B_MSIL2A_20170718T115359_N9999_R023_T29UPB_11_31,Marine waters,3.0,3.0
S2B_MSIL2A_20170718T115359_N9999_R023_T29UPB_11_54,Inland wetlands,10.0,0.0
S2B_MSIL2A_20170718T115359_N9999_R023_T29UPB_11_55,Inland wetlands,10.0,2.0
S2B_MSIL2A_20170718T115359_N9999_R023_T29UPB_13_33,Marine waters,3.0,3.0
S2B_MSIL2A_20170718T115359_N9999_R023_T29UPB_13_36,Marine waters,3.0,3.0
S2B_MSIL2A_20170718T115359_N9999_R023_T29UPB_14_34,Marine waters,3.0,3.0
S2B_MSIL2A_20170718T115359_N9999_R023_T29UPB_16_31,Marine waters,3.0,3.0
S2B_MSIL2A_20170718T115359_N9999_R023_T29UPB_16_48,Marine waters,3.0,3.0
S2B_MSIL2A_20170718T115359_N9999_R023_T29UPB_16_53,Marine waters,3.0,3.0
S2B_MSIL2A_20170718T115359_N9999_R023_T29UPB_16_64,Coniferous forest,1.0,1.0
S2B_MSIL2A_20170718T115359_N9999_R023_T29UPB_17_43,Marine waters,3.0,3.0
S2B_MSIL2A_20170718T115359_N9999_R023_T29UPB_18_33,Marine waters,3.0,3.0
S2B_MSIL2A_20170718T115359_N9999_R023_T29UPB_20_54,Marine waters,3.0,3.0
S2B_MSIL2A_20170718T115359_N9999_R023_T29UPB_21_36,Marine waters,3.0,3.0
S2B_MSIL2A_20170718T115359_N9999_R023_T29UPB_22_68,Complex cultivation patterns,5.0,3.0
S2B_MSIL2A_20170718T115359_N9999_R023_T29UPB_23_57,Marine waters,3.0,3.0
S2B_MSIL2A_20170718T115359_N9999_R023_T29UPB_27_41,Marine waters,3.0,3.0
S2B_MSIL2A_20170719T094029_N9999_R036_T34TCS_41_89,Arable land,0.0,0.0
S2B_MSIL2A_20170719T094029_N9999_R036_T34TCS_42_86,Arable land,0.0,0.0
S2B_MSIL2A_20170719T094029_N9999_R036_T34TCS_45_84,Arable land,0.0,0.0
S2B_MSIL2A_20170719T094029_N9999_R036_T34TCS_47_88,Arable land,0.0,0.0
S2B_MSIL2A_20170719T094029_N9999_R036_T34TCS_58_86,Arable land,0.0,0.0
S2B_MSIL2A_20170719T094029_N9999_R036_T34TCS_70_79,Arable land,0.0,0.0
S2B_MSIL2A_20170719T094029_N9999_R036_T34TCS_70_87,Arable land,0.0,0.0
S2B_MSIL2A_20170719T094029_N9999_R036_T34TCS_74_89,Arable land,0.0,0.0
S2B_MSIL2A_20170719T094029_N9999_R036_T34TCS_75_75,Arable land,0.0,0.0
S2B_MSIL2A_20170719T094029_N9999_R036_T34TCS_77_75,Complex cultivation patterns,5.0,0.0
S2B_MSIL2A_20170719T094029_N9999_R036_T34TCS_77_77,Arable land,0.0,0.0
S2B_MSIL2A_20170719T094029_N9999_R036_T34TCS_80_80,Arable land,0.0,0.0
S2B_MSIL2A_20170719T094029_N9999_R036_T34TCS_83_87,Arable land,0.0,0.0
S2B_MSIL2A_20170719T094029_N9999_R036_T34TCS_85_74,Broad-leaved forest,2.0,0.0
S2B_MSIL2A_20170719T094029_N9999_R036_T34TCS_86_73,Arable land,0.0,0.0
S2B_MSIL2A_20170719T094029_N9999_R036_T34TCS_87_82,Arable land,0.0,0.0
S2B_MSIL2A_20170719T094029_N9999_R036_T34TCS_89_90,Arable land,0.0,0.0
S2B_MSIL2A_20170725T100029_N9999_R122_T35WPR_00_53,Coniferous forest,1.0,2.0
S2B_MSIL2A_20170725T100029_N9999_R122_T35WPR_02_52,Coniferous forest,1.0,1.0
S2B_MSIL2A_20170725T100029_N9999_R122_T35WPR_03_53,Coniferous forest,1.0,1.0
S2B_MSIL2A_20170725T100029_N9999_R122_T35WPR_03_57,Coniferous forest,1.0,1.0
S2B_MSIL2A_20170725T100029_N9999_R122_T35WPR_03_68,Coniferous forest,1.0,0.0
S2B_MSIL2A_20170725T100029_N9999_R122_T35WPR_08_85,Coniferous forest,1.0,1.0
S2B_MSIL2A_20170725T100029_N9999_R122_T35WPR_09_87,Coniferous forest,1.0,1.0
S2B_MSIL2A_20170725T100029_N9999_R122_T35WPR_10_90,Coniferous forest,1.0,1.0
S2B_MSIL2A_20170725T100029_N9999_R122_T35WPR_13_79,Coniferous forest,1.0,1.0
S2B_MSIL2A_20170725T100029_N9999_R122_T35WPR_15_78,Coniferous forest,1.0,2.0
S2B_MSIL2A_20170725T100029_N9999_R122_T35WPR_18_83,Coniferous forest,1.0,2.0
S2B_MSIL2A_20170725T100029_N9999_R122_T35WPR_19_80,Coniferous forest,1.0,2.0
S2B_MSIL2A_20170725T100029_N9999_R122_T35WPR_20_80,Coniferous forest,1.0,2.0
S2B_MSIL2A_20170725T100029_N9999_R122_T35WPR_21_75,Coniferous forest,1.0,2.0
S2B_MSIL2A_20170801T095029_N9999_R079_T33TXN_00_00,Arable land,0.0,0.0
S2B_MSIL2A_20170801T095029_N9999_R079_T33TXN_00_02,Arable land,0.0,0.0
S2B_MSIL2A_20170801T095029_N9999_R079_T33TXN_00_09,Arable land,0.0,0.0
S2B_MSIL2A_20170801T095029_N9999_R079_T33TXN_01_39,Arable land,0.0,0.0
S2B_MSIL2A_20170801T095029_N9999_R079_T33TXN_02_27,Coniferous forest,1.0,2.0
S2B_MSIL2A_20170801T095029_N9999_R079_T33TXN_02_53,Arable land,0.0,0.0
S2B_MSIL2A_20170801T095029_N9999_R079_T33TXN_04_72,Arable land,0.0,2.0
S2B_MSIL2A_20170801T095029_N9999_R079_T33TXN_05_32,Arable land,0.0,0.0
S2B_MSIL2A_20170801T095029_N9999_R079_T33TXN_07_40,Arable land,0.0,0.0
S2B_MSIL2A_20170801T095029_N9999_R079_T33TXN_09_20,Broad-leaved forest,2.0,2.0
S2B_MSIL2A_20170801T095029_N9999_R079_T33TXN_09_24,Arable land,0.0,0.0
S2B_MSIL2A_20170801T095029_N9999_R079_T33TXN_10_35,Arable land,0.0,0.0
S2B_MSIL2A_20170801T095029_N9999_R079_T33TXN_11_40,Arable land,0.0,0.0
S2B_MSIL2A_20170801T095029_N9999_R079_T33TXN_11_76,Arable land,0.0,0.0
S2B_MSIL2A_20170801T095029_N9999_R079_T33TXN_12_07,Arable land,0.0,0.0
S2B_MSIL2A_20170801T095029_N9999_R079_T33TXN_12_66,Broad-leaved forest,2.0,2.0
S2B_MSIL2A_20170801T095029_N9999_R079_T33TXN_16_03,Arable land,0.0,0.0
S2B_MSIL2A_20170801T095029_N9999_R079_T33TXN_18_31,Arable land,0.0,0.0
S2B_MSIL2A_20170801T095029_N9999_R079_T33TXN_21_07,Inland wetlands,10.0,0.0
S2B_MSIL2A_20170801T095029_N9999_R079_T33TXN_22_30,Arable land,0.0,0.0
S2B_MSIL2A_20170801T095029_N9999_R079_T33TXN_24_09,Inland waters,6.0,6.0
S2B_MSIL2A_20170801T095029_N9999_R079_T33TXN_30_05,Arable land,0.0,0.0
S2B_MSIL2A_20170801T095029_N9999_R079_T33TXN_30_11,Arable land,0.0,0.0
S2B_MSIL2A_20170801T095029_N9999_R079_T33TXN_30_14,Broad-leaved forest,2.0,0.0
S2B_MSIL2A_20170801T095029_N9999_R079_T33TXN_37_12,Arable land,0.0,0.0
S2B_MSIL2A_20170801T095029_N9999_R079_T33TXN_38_02,Arable land,0.0,0.0
S2B_MSIL2A_20170801T095029_N9999_R079_T33TXN_39_07,Arable land,0.0,0.0
S2B_MSIL2A_20170801T095029_N9999_R079_T33TXN_41_02,Arable land,0.0,0.0
S2B_MSIL2A_20170801T095029_N9999_R079_T33TXN_41_09,Arable land,0.0,0.0
S2B_MSIL2A_20170801T095029_N9999_R079_T33TXN_42_10,Arable land,0.0,0.0
S2B_MSIL2A_20170802T092029_N9999_R093_T34TFN_00_02,Broad-leaved forest,2.0,2.0
S2B_MSIL2A_20170802T092029_N9999_R093_T34TFN_00_28,Broad-leaved forest,2.0,4.0
S2B_MSIL2A_20170802T092029_N9999_R093_T34TFN_01_04,Broad-leaved forest,2.0,0.0
S2B_MSIL2A_20170802T092029_N9999_R093_T34TFN_01_06,Broad-leaved forest,2.0,0.0
S2B_MSIL2A_20170802T092029_N9999_R093_T34TFN_01_19,Broad-leaved forest,2.0,2.0
S2B_MSIL2A_20170802T092029_N9999_R093_T34TFN_01_84,Broad-leaved forest,2.0,1.0
S2B_MSIL2A_20170802T092029_N9999_R093_T34TFN_01_90,Broad-leaved forest,2.0,2.0
S2B_MSIL2A_20170802T092029_N9999_R093_T34TFN_02_68,Broad-leaved forest,2.0,2.0
S2B_MSIL2A_20170802T092029_N9999_R093_T34TFN_02_83,Broad-leaved forest,2.0,2.0
S2B_MSIL2A_20170802T092029_N9999_R093_T34TFN_03_02,Broad-leaved forest,2.0,2.0
S2B_MSIL2A_20170802T092029_N9999_R093_T34TFN_03_07,Broad-leaved forest,2.0,2.0
S2B_MSIL2A_20170802T092029_N9999_R093_T34TFN_03_52,Broad-leaved forest,2.0,2.0
S2B_MSIL2A_20170802T092029_N9999_R093_T34TFN_03_80,Broad-leaved forest,2.0,2.0
S2B_MSIL2A_20170802T092029_N9999_R093_T34TFN_04_24,Broad-leaved forest,2.0,2.0
S2B_MSIL2A_20170802T092029_N9999_R093_T34TFN_04_53,Broad-leaved forest,2.0,2.0
S2B_MSIL2A_20170802T092029_N9999_R093_T34TFN_05_29,Broad-leaved forest,2.0,2.0
S2B_MSIL2A_20170802T092029_N9999_R093_T34TFN_06_06,Broad-leaved forest,2.0,2.0
S2B_MSIL2A_20170802T092029_N9999_R093_T34TFN_06_39,Broad-leaved forest,2.0,2.0
S2B_MSIL2A_20170802T092029_N9999_R093_T34TFN_06_65,Broad-leaved forest,2.0,2.0
S2B_MSIL2A_20170802T092029_N9999_R093_T34TFN_07_78,Broad-leaved forest,2.0,2.0
S2B_MSIL2A_20170802T092029_N9999_R093_T34TFN_08_08,Broad-leaved forest,2.0,2.0
S2B_MSIL2A_20170802T092029_N9999_R093_T34TFN_08_43,Broad-leaved forest,2.0,2.0
S2B_MSIL2A_20170802T092029_N9999_R093_T34TFN_09_01,Broad-leaved forest,2.0,2.0
S2B_MSIL2A_20170802T092029_N9999_R093_T34TFN_09_62,Broad-leaved forest,2.0,2.0
S2B_MSIL2A_20170802T092029_N9999_R093_T34TFN_10_03,Broad-leaved forest,2.0,2.0
S2B_MSIL2A_20170802T092029_N9999_R093_T34TFN_10_25,Broad-leaved forest,2.0,2.0
S2B_MSIL2A_20170802T092029_N9999_R093_T34TFN_10_37,Broad-leaved forest,2.0,2.0
S2B_MSIL2A_20170802T092029_N9999_R093_T34TFN_10_68,Mixed forest,9.0,2.0
S2B_MSIL2A_20170802T092029_N9999_R093_T34TFN_11_04,Broad-leaved forest,2.0,2.0
S2B_MSIL2A_20170802T092029_N9999_R093_T34TFN_11_09,Arable land,0.0,0.0
S2B_MSIL2A_20170802T092029_N9999_R093_T34TFN_11_53,Broad-leaved forest,2.0,2.0
S2B_MSIL2A_20170802T092029_N9999_R093_T34TFN_11_57,Broad-leaved forest,2.0,2.0
S2B_MSIL2A_20170802T092029_N9999_R093_T34TFN_11_66,Natural grassland and sparsely vegetated areas,18.0,2.0
S2B_MSIL2A_20170802T092029_N9999_R093_T34TFN_11_85,Broad-leaved forest,2.0,2.0
S2B_MSIL2A_20170802T092029_N9999_R093_T34TFN_12_47,Broad-leaved forest,2.0,2.0
S2B_MSIL2A_20170802T092029_N9999_R093_T34TFN_12_49,Broad-leaved forest,2.0,2.0
S2B_MSIL2A_20170802T092029_N9999_R093_T34TFN_13_83,Broad-leaved forest,2.0,2.0
S2B_MSIL2A_20170802T092029_N9999_R093_T34TFN_14_27,Complex cultivation patterns,5.0,4.0
S2B_MSIL2A_20170802T092029_N9999_R093_T34TFN_14_52,Broad-leaved forest,2.0,2.0
S2B_MSIL2A_20170802T092029_N9999_R093_T34TFN_15_23,Broad-leaved forest,2.0,2.0
S2B_MSIL2A_20170802T092029_N9999_R093_T34TFN_15_57,Broad-leaved forest,2.0,2.0
S2B_MSIL2A_20170802T092029_N9999_R093_T34TFN_16_89,Broad-leaved forest,2.0,2.0
S2B_MSIL2A_20170802T092029_N9999_R093_T34TFN_17_05,Broad-leaved forest,2.0,0.0
S2B_MSIL2A_20170802T092029_N9999_R093_T34TFN_17_17,Arable land,0.0,4.0
S2B_MSIL2A_20170802T092029_N9999_R093_T34TFN_18_77,Coniferous forest,1.0,2.0
S2B_MSIL2A_20170802T092029_N9999_R093_T34TFN_19_05,Broad-leaved forest,2.0,2.0
S2B_MSIL2A_20170802T092029_N9999_R093_T34TFN_19_08,Arable land,0.0,2.0
S2B_MSIL2A_20170802T092029_N9999_R093_T34TFN_20_24,Broad-leaved forest,2.0,2.0
S2B_MSIL2A_20170802T092029_N9999_R093_T34TFN_20_82,Mixed forest,9.0,2.0
S2B_MSIL2A_20170802T092029_N9999_R093_T34TFN_21_04,"Land principally occupied by agriculture, with significant areas of natural vegetation",8.0,2.0
S2B_MSIL2A_20170802T092029_N9999_R093_T34TFN_21_39,Broad-leaved forest,2.0,2.0
S2B_MSIL2A_20170802T092029_N9999_R093_T34TFN_21_78,"Land principally occupied by agriculture, with significant areas of natural vegetation",8.0,2.0
S2B_MSIL2A_20170802T092029_N9999_R093_T34TFN_22_10,Broad-leaved forest,2.0,0.0
S2B_MSIL2A_20170802T092029_N9999_R093_T34TFN_22_16,Arable land,0.0,4.0
S2B_MSIL2A_20170802T092029_N9999_R093_T34TFN_22_27,Broad-leaved forest,2.0,2.0
S2B_MSIL2A_20170802T092029_N9999_R093_T34TFN_23_27,Broad-leaved forest,2.0,2.0
S2B_MSIL2A_20170802T092029_N9999_R093_T34TFN_24_00,Broad-leaved forest,2.0,2.0
S2B_MSIL2A_20170802T092029_N9999_R093_T34TFN_24_16,Industrial or commercial units,11.0,0.0
S2B_MSIL2A_20170802T092029_N9999_R093_T34TFN_25_18,Arable land,0.0,0.0
S2B_MSIL2A_20170802T092029_N9999_R093_T34TFN_25_31,Broad-leaved forest,2.0,2.0
S2B_MSIL2A_20170802T092029_N9999_R093_T34TFN_26_31,Broad-leaved forest,2.0,2.0
S2B_MSIL2A_20170802T092029_N9999_R093_T34TFN_27_10,Broad-leaved forest,2.0,2.0
S2B_MSIL2A_20170802T092029_N9999_R093_T34TFN_27_20,Arable land,0.0,4.0
S2B_MSIL2A_20170802T092029_N9999_R093_T34TFN_29_03,Broad-leaved forest,2.0,2.0
S2B_MSIL2A_20170802T092029_N9999_R093_T34TFN_29_32,Broad-leaved forest,2.0,2.0
S2B_MSIL2A_20170802T092029_N9999_R093_T34TFN_29_37,Broad-leaved forest,2.0,2.0
S2B_MSIL2A_20170802T092029_N9999_R093_T34TFN_30_13,Broad-leaved forest,2.0,2.0
S2B_MSIL2A_20170802T092029_N9999_R093_T34TFN_30_24,Arable land,0.0,0.0
S2B_MSIL2A_20170802T092029_N9999_R093_T34TFN_31_32,Broad-leaved forest,2.0,2.0
S2B_MSIL2A_20170802T092029_N9999_R093_T34TFN_32_28,Arable land,0.0,4.0
S2B_MSIL2A_20170802T092029_N9999_R093_T34TFN_32_37,Broad-leaved forest,2.0,2.0
S2B_MSIL2A_20170802T092029_N9999_R093_T34TFN_34_29,Arable land,0.0,0.0
S2B_MSIL2A_20170802T092029_N9999_R093_T34TFN_35_28,Broad-leaved forest,2.0,2.0
S2B_MSIL2A_20170802T092029_N9999_R093_T34TFN_38_01,Broad-leaved forest,2.0,2.0
S2B_MSIL2A_20170802T092029_N9999_R093_T34TFN_39_22,Arable land,0.0,4.0
S2B_MSIL2A_20170802T092029_N9999_R093_T34TFN_41_09,Broad-leaved forest,2.0,2.0
S2B_MSIL2A_20170802T092029_N9999_R093_T34TFN_46_12,Broad-leaved forest,2.0,2.0
S2B_MSIL2A_20170802T092029_N9999_R093_T34TFN_46_17,Broad-leaved forest,2.0,2.0
S2B_MSIL2A_20170802T092029_N9999_R093_T34TFN_46_19,Broad-leaved forest,2.0,2.0
S2B_MSIL2A_20170802T092029_N9999_R093_T34TFN_48_12,Broad-leaved forest,2.0,2.0
S2B_MSIL2A_20170808T094029_N9999_R036_T35ULA_00_00,Arable land,0.0,0.0
S2B_MSIL2A_20170808T094029_N9999_R036_T35ULA_00_79,Arable land,0.0,1.0
S2B_MSIL2A_20170808T094029_N9999_R036_T35ULA_01_59,Arable land,0.0,0.0
S2B_MSIL2A_20170808T094029_N9999_R036_T35ULA_02_17,Arable land,0.0,0.0
S2B_MSIL2A_20170808T094029_N9999_R036_T35ULA_02_20,Arable land,0.0,0.0
S2B_MSIL2A_20170808T094029_N9999_R036_T35ULA_02_49,Arable land,0.0,0.0
S2B_MSIL2A_20170808T094029_N9999_R036_T35ULA_04_32,Arable land,0.0,0.0
S2B_MSIL2A_20170808T094029_N9999_R036_T35ULA_05_01,Arable land,0.0,0.0
S2B_MSIL2A_20170808T094029_N9999_R036_T35ULA_06_08,Industrial or commercial units,11.0,0.0
S2B_MSIL2A_20170808T094029_N9999_R036_T35ULA_07_69,Broad-leaved forest,2.0,0.0
S2B_MSIL2A_20170808T094029_N9999_R036_T35ULA_07_72,Arable land,0.0,0.0
S2B_MSIL2A_20170808T094029_N9999_R036_T35ULA_08_00,Arable land,0.0,0.0
S2B_MSIL2A_20170808T094029_N9999_R036_T35ULA_08_21,Arable land,0.0,0.0
S2B_MSIL2A_20170808T094029_N9999_R036_T35ULA_08_25,Arable land,0.0,0.0
S2B_MSIL2A_20170808T094029_N9999_R036_T35ULA_08_43,Coniferous forest,1.0,1.0
S2B_MSIL2A_20170808T094029_N9999_R036_T35ULA_09_17,Coniferous forest,1.0,1.0
S2B_MSIL2A_20170808T094029_N9999_R036_T35ULA_09_26,Arable land,0.0,0.0
S2B_MSIL2A_20170808T094029_N9999_R036_T35ULA_09_41,Arable land,0.0,0.0
S2B_MSIL2A_20170808T094029_N9999_R036_T35ULA_09_82,Complex cultivation patterns,5.0,1.0
S2B_MSIL2A_20170808T094029_N9999_R036_T35ULA_10_18,Coniferous forest,1.0,2.0
S2B_MSIL2A_20170808T094029_N9999_R036_T35ULA_10_52,Complex cultivation patterns,5.0,0.0
S2B_MSIL2A_20170808T094029_N9999_R036_T35ULA_10_74,Coniferous forest,1.0,1.0
S2B_MSIL2A_20170808T094029_N9999_R036_T35ULA_11_55,Complex cultivation patterns,5.0,0.0
S2B_MSIL2A_20170808T094029_N9999_R036_T35ULA_11_59,Broad-leaved forest,2.0,0.0
S2B_MSIL2A_20170808T094029_N9999_R036_T35ULA_11_89,Coniferous forest,1.0,1.0
S2B_MSIL2A_20170808T094029_N9999_R036_T35ULA_12_49,Broad-leaved forest,2.0,0.0
S2B_MSIL2A_20170808T094029_N9999_R036_T35ULA_12_59,Broad-leaved forest,2.0,0.0
S2B_MSIL2A_20170808T094029_N9999_R036_T35ULA_12_73,Coniferous forest,1.0,1.0
S2B_MSIL2A_20170808T094029_N9999_R036_T35ULA_14_00,Complex cultivation patterns,5.0,0.0
S2B_MSIL2A_20170808T094029_N9999_R036_T35ULA_15_47,Arable land,0.0,0.0
S2B_MSIL2A_20170808T094029_N9999_R036_T35ULA_16_60,Complex cultivation patterns,5.0,2.0
S2B_MSIL2A_20170808T094029_N9999_R036_T35ULA_16_63,Broad-leaved forest,2.0,2.0
S2B_MSIL2A_20170808T094029_N9999_R036_T35ULA_16_74,Arable land,0.0,0.0
S2B_MSIL2A_20170808T094029_N9999_R036_T35ULA_17_26,Arable land,0.0,0.0
S2B_MSIL2A_20170808T094029_N9999_R036_T35ULA_17_36,Arable land,0.0,0.0
S2B_MSIL2A_20170808T094029_N9999_R036_T35ULA_17_50,Arable land,0.0,0.0
S2B_MSIL2A_20170808T094029_N9999_R036_T35ULA_18_47,Complex cultivation patterns,5.0,0.0
S2B_MSIL2A_20170808T094029_N9999_R036_T35ULA_18_83,Broad-leaved forest,2.0,1.0
S2B_MSIL2A_20170808T094029_N9999_R036_T35ULA_19_04,Complex cultivation patterns,5.0,2.0
S2B_MSIL2A_20170808T094029_N9999_R036_T35ULA_19_08,Broad-leaved forest,2.0,2.0
S2B_MSIL2A_20170808T094029_N9999_R036_T35ULA_19_25,Broad-leaved forest,2.0,0.0
S2B_MSIL2A_20170808T094029_N9999_R036_T35ULA_19_35,Arable land,0.0,0.0
S2B_MSIL2A_20170808T094029_N9999_R036_T35ULA_19_63,Arable land,0.0,0.0
S2B_MSIL2A_20170808T094029_N9999_R036_T35ULA_19_88,Coniferous forest,1.0,1.0
S2B_MSIL2A_20170808T094029_N9999_R036_T35ULA_21_80,Complex cultivation patterns,5.0,1.0
S2B_MSIL2A_20170808T094029_N9999_R036_T35ULA_22_46,Arable land,0.0,0.0
S2B_MSIL2A_20170808T094029_N9999_R036_T35ULA_23_10,Broad-leaved forest,2.0,0.0
S2B_MSIL2A_20170808T094029_N9999_R036_T35ULA_25_29,Complex cultivation patterns,5.0,0.0
S2B_MSIL2A_20170808T094029_N9999_R036_T35ULA_25_59,Arable land,0.0,0.0
S2B_MSIL2A_20170808T094029_N9999_R036_T35ULA_26_06,Inland wetlands,10.0,0.0
S2B_MSIL2A_20170808T094029_N9999_R036_T35ULA_27_26,Broad-leaved forest,2.0,0.0
S2B_MSIL2A_20170808T094029_N9999_R036_T35ULA_27_30,Complex cultivation patterns,5.0,0.0
S2B_MSIL2A_20170808T094029_N9999_R036_T35ULA_29_87,Arable land,0.0,1.0
S2B_MSIL2A_20170808T094029_N9999_R036_T35ULA_30_54,Arable land,0.0,0.0
S2B_MSIL2A_20170808T094029_N9999_R036_T35ULA_30_59,Coniferous forest,1.0,1.0
S2B_MSIL2A_20170808T094029_N9999_R036_T35ULA_30_70,Coniferous forest,1.0,1.0
S2B_MSIL2A_20170808T094029_N9999_R036_T35ULA_30_73,Arable land,0.0,1.0
S2B_MSIL2A_20170808T094029_N9999_R036_T35ULA_32_16,Broad-leaved forest,2.0,0.0
S2B_MSIL2A_20170808T094029_N9999_R036_T35ULA_32_46,Arable land,0.0,0.0
S2B_MSIL2A_20170808T094029_N9999_R036_T35ULA_32_66,Coniferous forest,1.0,1.0
S2B_MSIL2A_20170808T094029_N9999_R036_T35ULA_32_69,Coniferous forest,1.0,1.0
S2B_MSIL2A_20170808T094029_N9999_R036_T35ULA_33_11,Arable land,0.0,0.0
S2B_MSIL2A_20170808T094029_N9999_R036_T35ULA_33_20,Complex cultivation patterns,5.0,0.0
S2B_MSIL2A_20170808T094029_N9999_R036_T35ULA_33_57,Arable land,0.0,0.0
S2B_MSIL2A_20170808T094029_N9999_R036_T35ULA_34_50,Broad-leaved forest,2.0,0.0
S2B_MSIL2A_20170808T094029_N9999_R036_T35ULA_34_52,Complex cultivation patterns,5.0,1.0
S2B_MSIL2A_20170808T094029_N9999_R036_T35ULA_35_54,Arable land,0.0,0.0
S2B_MSIL2A_20170808T094029_N9999_R036_T35ULA_35_59,Arable land,0.0,0.0
S2B_MSIL2A_20170808T094029_N9999_R036_T35ULA_38_20,Arable land,0.0,0.0
S2B_MSIL2A_20170808T094029_N9999_R036_T35ULA_38_41,Arable land,0.0,0.0
S2B_MSIL2A_20170808T094029_N9999_R036_T35ULA_40_86,Coniferous forest,1.0,1.0
S2B_MSIL2A_20170808T094029_N9999_R036_T35ULA_41_03,Arable land,0.0,0.0
S2B_MSIL2A_20170808T094029_N9999_R036_T35ULA_41_09,Arable land,0.0,0.0
S2B_MSIL2A_20170808T094029_N9999_R036_T35ULA_41_49,Arable land,0.0,1.0
S2B_MSIL2A_20170808T094029_N9999_R036_T35ULA_41_52,Coniferous forest,1.0,1.0
S2B_MSIL2A_20170808T094029_N9999_R036_T35ULA_41_57,Arable land,0.0,0.0
S2B_MSIL2A_20170808T094029_N9999_R036_T35ULA_41_77,Complex cultivation patterns,5.0,1.0
S2B_MSIL2A_20170808T094029_N9999_R036_T35ULA_42_09,Arable land,0.0,0.0
S2B_MSIL2A_20170808T094029_N9999_R036_T35ULA_42_22,Inland waters,6.0,0.0
S2B_MSIL2A_20170808T094029_N9999_R036_T35ULA_42_39,Inland waters,6.0,1.0
S2B_MSIL2A_20170808T094029_N9999_R036_T35ULA_43_16,Broad-leaved forest,2.0,5.0
S2B_MSIL2A_20170808T094029_N9999_R036_T35ULA_43_32,Complex cultivation patterns,5.0,2.0
S2B_MSIL2A_20170808T094029_N9999_R036_T35ULA_44_22,Arable land,0.0,0.0
S2B_MSIL2A_20170808T094029_N9999_R036_T35ULA_44_24,Coniferous forest,1.0,0.0
S2B_MSIL2A_20170808T094029_N9999_R036_T35ULA_44_62,Coniferous forest,1.0,1.0
S2B_MSIL2A_20170808T094029_N9999_R036_T35ULA_45_18,Complex cultivation patterns,5.0,0.0
S2B_MSIL2A_20170808T094029_N9999_R036_T35ULA_45_58,Coniferous forest,1.0,1.0
S2B_MSIL2A_20170808T094029_N9999_R036_T35ULA_46_45,Arable land,0.0,0.0
S2B_MSIL2A_20170808T094029_N9999_R036_T35ULA_46_53,Arable land,0.0,0.0
S2B_MSIL2A_20170808T094029_N9999_R036_T35ULA_46_82,Arable land,0.0,0.0
S2B_MSIL2A_20170808T094029_N9999_R036_T35ULA_47_49,Complex cultivation patterns,5.0,0.0
S2B_MSIL2A_20170808T094029_N9999_R036_T35ULA_48_74,Arable land,0.0,0.0
S2B_MSIL2A_20170808T094029_N9999_R036_T35ULA_49_47,Complex cultivation patterns,5.0,0.0
S2B_MSIL2A_20170808T094029_N9999_R036_T35ULA_49_59,Arable land,0.0,0.0
S2B_MSIL2A_20170808T094029_N9999_R036_T35ULA_49_66,Coniferous forest,1.0,1.0
S2B_MSIL2A_20170808T094029_N9999_R036_T35ULA_50_02,Arable land,0.0,0.0
S2B_MSIL2A_20170808T094029_N9999_R036_T35ULA_52_22,Arable land,0.0,1.0
S2B_MSIL2A_20170808T094029_N9999_R036_T35ULA_53_45,Arable land,0.0,1.0
S2B_MSIL2A_20170808T094029_N9999_R036_T35ULA_53_66,Arable land,0.0,0.0
S2B_MSIL2A_20170808T094029_N9999_R036_T35ULA_53_76,Arable land,0.0,0.0
S2B_MSIL2A_20170808T094029_N9999_R036_T35ULA_53_79,Arable land,0.0,0.0
S2B_MSIL2A_20170808T094029_N9999_R036_T35ULA_54_23,Coniferous forest,1.0,1.0
S2B_MSIL2A_20170808T094029_N9999_R036_T35ULA_55_29,"Land principally occupied by agriculture, with significant areas of natural vegetation",8.0,2.0
S2B_MSIL2A_20170808T094029_N9999_R036_T35ULA_56_13,Coniferous forest,1.0,1.0
S2B_MSIL2A_20170808T094029_N9999_R036_T35ULA_57_49,Arable land,0.0,0.0
S2B_MSIL2A_20170808T094029_N9999_R036_T35ULA_57_65,Arable land,0.0,0.0
S2B_MSIL2A_20170808T094029_N9999_R036_T35ULA_58_16,Arable land,0.0,0.0
S2B_MSIL2A_20170808T094029_N9999_R036_T35ULA_58_81,Arable land,0.0,0.0
S2B_MSIL2A_20170808T094029_N9999_R036_T35ULA_59_15,Arable land,0.0,0.0
S2B_MSIL2A_20170808T094029_N9999_R036_T35ULA_59_71,Arable land,0.0,2.0
S2B_MSIL2A_20170808T094029_N9999_R036_T35ULA_60_05,Broad-leaved forest,2.0,1.0
S2B_MSIL2A_20170808T094029_N9999_R036_T35ULA_61_48,Coniferous forest,1.0,1.0
S2B_MSIL2A_20170808T094029_N9999_R036_T35ULA_61_56,Broad-leaved forest,2.0,1.0
S2B_MSIL2A_20170808T094029_N9999_R036_T35ULA_61_83,Arable land,0.0,0.0
S2B_MSIL2A_20170808T094029_N9999_R036_T35ULA_62_13,Arable land,0.0,0.0
S2B_MSIL2A_20170808T094029_N9999_R036_T35ULA_62_31,Broad-leaved forest,2.0,5.0
S2B_MSIL2A_20170808T094029_N9999_R036_T35ULA_62_32,Broad-leaved forest,2.0,0.0
S2B_MSIL2A_20170808T094029_N9999_R036_T35ULA_62_78,Arable land,0.0,0.0
S2B_MSIL2A_20170808T094029_N9999_R036_T35ULA_64_27,Broad-leaved forest,2.0,0.0
S2B_MSIL2A_20170808T094029_N9999_R036_T35ULA_64_41,Arable land,0.0,0.0
S2B_MSIL2A_20170808T094029_N9999_R036_T35ULA_64_67,Coniferous forest,1.0,1.0
S2B_MSIL2A_20170808T094029_N9999_R036_T35ULA_66_32,Complex cultivation patterns,5.0,1.0
S2B_MSIL2A_20170808T094029_N9999_R036_T35ULA_67_16,Arable land,0.0,0.0
S2B_MSIL2A_20170808T094029_N9999_R036_T35ULA_67_27,Complex cultivation patterns,5.0,0.0
S2B_MSIL2A_20170808T094029_N9999_R036_T35ULA_68_04,Broad-leaved forest,2.0,2.0
S2B_MSIL2A_20170808T094029_N9999_R036_T35ULA_68_07,Arable land,0.0,2.0
S2B_MSIL2A_20170808T094029_N9999_R036_T35ULA_68_10,Arable land,0.0,0.0
S2B_MSIL2A_20170808T094029_N9999_R036_T35ULA_68_24,Complex cultivation patterns,5.0,0.0
S2B_MSIL2A_20170808T094029_N9999_R036_T35ULA_68_56,Coniferous forest,1.0,0.0
S2B_MSIL2A_20170808T094029_N9999_R036_T35ULA_69_27,Complex cultivation patterns,5.0,0.0
S2B_MSIL2A_20170808T094029_N9999_R036_T35ULA_70_04,Broad-leaved forest,2.0,2.0
S2B_MSIL2A_20170808T094029_N9999_R036_T35ULA_70_22,Complex cultivation patterns,5.0,0.0
S2B_MSIL2A_20170808T094029_N9999_R036_T35ULA_70_68,Coniferous forest,1.0,0.0
S2B_MSIL2A_20170808T094029_N9999_R036_T35ULA_72_52,Coniferous forest,1.0,1.0
S2B_MSIL2A_20170808T094029_N9999_R036_T35ULA_73_00,Arable land,0.0,0.0
S2B_MSIL2A_20170808T094029_N9999_R036_T35ULA_74_32,Industrial or commercial units,11.0,0.0
S2B_MSIL2A_20170808T094029_N9999_R036_T35ULA_75_35,Complex cultivation patterns,5.0,0.0
S2B_MSIL2A_20170808T094029_N9999_R036_T35ULA_75_69,Arable land,0.0,0.0
S2B_MSIL2A_20170808T094029_N9999_R036_T35ULA_76_05,Arable land,0.0,0.0
S2B_MSIL2A_20170808T094029_N9999_R036_T35ULA_77_05,Arable land,0.0,2.0
S2B_MSIL2A_20170808T094029_N9999_R036_T35ULA_77_23,Coniferous forest,1.0,0.0
S2B_MSIL2A_20170808T094029_N9999_R036_T35ULA_78_18,Arable land,0.0,0.0
S2B_MSIL2A_20170808T094029_N9999_R036_T35ULA_78_25,Complex cultivation patterns,5.0,0.0
S2B_MSIL2A_20170808T094029_N9999_R036_T35ULA_78_45,Broad-leaved forest,2.0,2.0
S2B_MSIL2A_20170808T094029_N9999_R036_T35ULA_79_33,Complex cultivation patterns,5.0,0.0
S2B_MSIL2A_20170808T094029_N9999_R036_T35ULA_82_09,Arable land,0.0,2.0
S2B_MSIL2A_20170808T094029_N9999_R036_T35ULA_82_16,Complex cultivation patterns,5.0,0.0
S2B_MSIL2A_20170808T094029_N9999_R036_T35ULA_85_21,Complex cultivation patterns,5.0,1.0
S2B_MSIL2A_20170808T094029_N9999_R036_T35ULA_86_45,Broad-leaved forest,2.0,0.0
S2B_MSIL2A_20170808T094029_N9999_R036_T35ULA_87_44,Arable land,0.0,2.0
S2B_MSIL2A_20170808T094029_N9999_R036_T35ULA_87_63,Arable land,0.0,0.0
S2B_MSIL2A_20170808T094029_N9999_R036_T35ULA_88_01,Arable land,0.0,0.0
S2B_MSIL2A_20170808T094029_N9999_R036_T35ULA_88_11,Arable land,0.0,2.0
S2B_MSIL2A_20170808T094029_N9999_R036_T35ULA_89_01,Arable land,0.0,1.0
S2B_MSIL2A_20170808T094029_N9999_R036_T35ULA_90_01,Complex cultivation patterns,5.0,1.0
S2B_MSIL2A_20170808T094029_N9999_R036_T35ULA_90_42,Broad-leaved forest,2.0,0.0
S2B_MSIL2A_20170817T101019_N9999_R022_T34WFS_01_86,Marine waters,3.0,3.0
S2B_MSIL2A_20170817T101019_N9999_R022_T34WFS_01_90,Marine waters,3.0,3.0
S2B_MSIL2A_20170817T101019_N9999_R022_T34WFS_03_58,Marine waters,3.0,3.0
S2B_MSIL2A_20170817T101019_N9999_R022_T34WFS_03_88,Marine waters,3.0,3.0
S2B_MSIL2A_20170817T101019_N9999_R022_T34WFS_05_64,Marine waters,3.0,3.0
S2B_MSIL2A_20170817T101019_N9999_R022_T34WFS_07_60,Marine waters,3.0,3.0
S2B_MSIL2A_20170817T101019_N9999_R022_T34WFS_08_84,Marine waters,3.0,3.0
S2B_MSIL2A_20170817T101019_N9999_R022_T34WFS_09_77,Marine waters,3.0,3.0
S2B_MSIL2A_20170817T101019_N9999_R022_T34WFS_12_48,Marine waters,3.0,3.0
S2B_MSIL2A_20170817T101019_N9999_R022_T34WFS_13_59,Marine waters,3.0,3.0
S2B_MSIL2A_20170817T101019_N9999_R022_T34WFS_13_62,Marine waters,3.0,3.0
S2B_MSIL2A_20170817T101019_N9999_R022_T34WFS_15_85,Arable land,0.0,0.0
S2B_MSIL2A_20170817T101019_N9999_R022_T34WFS_16_78,Coniferous forest,1.0,1.0
S2B_MSIL2A_20170817T101019_N9999_R022_T34WFS_16_82,Arable land,0.0,1.0
S2B_MSIL2A_20170817T101019_N9999_R022_T34WFS_18_41,Marine waters,3.0,3.0
S2B_MSIL2A_20170817T101019_N9999_R022_T34WFS_18_89,Arable land,0.0,0.0
S2B_MSIL2A_20170817T101019_N9999_R022_T34WFS_19_59,Marine waters,3.0,3.0
S2B_MSIL2A_20170817T101019_N9999_R022_T34WFS_20_36,Marine waters,3.0,3.0
S2B_MSIL2A_20170817T101019_N9999_R022_T34WFS_20_44,Marine waters,3.0,3.0
S2B_MSIL2A_20170817T101019_N9999_R022_T34WFS_20_59,Marine waters,3.0,3.0
S2B_MSIL2A_20170817T101019_N9999_R022_T34WFS_21_57,Marine waters,3.0,3.0
S2B_MSIL2A_20170817T101019_N9999_R022_T34WFS_21_66,Coniferous forest,1.0,3.0
S2B_MSIL2A_20170817T101019_N9999_R022_T34WFS_21_88,Coniferous forest,1.0,1.0
S2B_MSIL2A_20170817T101019_N9999_R022_T34WFS_23_48,Marine waters,3.0,3.0
S2B_MSIL2A_20170817T101019_N9999_R022_T34WFS_24_63,Marine waters,3.0,3.0
S2B_MSIL2A_20170817T101019_N9999_R022_T34WFS_24_77,Arable land,0.0,0.0
S2B_MSIL2A_20170817T101019_N9999_R022_T34WFS_25_35,Marine waters,3.0,3.0
S2B_MSIL2A_20170817T101019_N9999_R022_T34WFS_25_44,Marine waters,3.0,3.0
S2B_MSIL2A_20170817T101019_N9999_R022_T34WFS_25_65,Marine waters,3.0,1.0
S2B_MSIL2A_20170817T101019_N9999_R022_T34WFS_25_69,Coniferous forest,1.0,1.0
S2B_MSIL2A_20170817T101019_N9999_R022_T34WFS_26_29,Marine waters,3.0,3.0
S2B_MSIL2A_20170817T101019_N9999_R022_T34WFS_26_63,Coniferous forest,1.0,0.0
S2B_MSIL2A_20170817T101019_N9999_R022_T34WFS_27_33,Marine waters,3.0,3.0
S2B_MSIL2A_20170817T101019_N9999_R022_T34WFS_28_53,Marine waters,3.0,3.0
S2B_MSIL2A_20170817T101019_N9999_R022_T34WFS_28_76,Coniferous forest,1.0,1.0
S2B_MSIL2A_20170817T101019_N9999_R022_T34WFS_29_23,Marine waters,3.0,3.0
S2B_MSIL2A_20170817T101019_N9999_R022_T34WFS_30_36,Marine waters,3.0,3.0
S2B_MSIL2A_20170817T101019_N9999_R022_T34WFS_31_45,Marine waters,3.0,3.0
S2B_MSIL2A_20170817T101019_N9999_R022_T34WFS_31_55,Marine waters,3.0,3.0
S2B_MSIL2A_20170817T101019_N9999_R022_T34WFS_32_19,Marine waters,3.0,3.0
S2B_MSIL2A_20170817T101019_N9999_R022_T34WFS_33_34,Marine waters,3.0,3.0
S2B_MSIL2A_20170817T101019_N9999_R022_T34WFS_33_42,Marine waters,3.0,3.0
S2B_MSIL2A_20170817T101019_N9999_R022_T34WFS_33_67,Arable land,0.0,0.0
S2B_MSIL2A_20170817T101019_N9999_R022_T34WFS_34_34,Marine waters,3.0,3.0
S2B_MSIL2A_20170817T101019_N9999_R022_T34WFS_34_89,Arable land,0.0,0.0
S2B_MSIL2A_20170817T101019_N9999_R022_T34WFS_36_10,Marine waters,3.0,3.0
S2B_MSIL2A_20170817T101019_N9999_R022_T34WFS_37_02,Marine waters,3.0,3.0
S2B_MSIL2A_20170817T101019_N9999_R022_T34WFS_37_08,Marine waters,3.0,3.0
S2B_MSIL2A_20170817T101019_N9999_R022_T34WFS_37_13,Marine waters,3.0,3.0
S2B_MSIL2A_20170817T101019_N9999_R022_T34WFS_37_55,Arable land,0.0,1.0
S2B_MSIL2A_20170817T101019_N9999_R022_T34WFS_37_82,Coniferous forest,1.0,1.0
S2B_MSIL2A_20170817T101019_N9999_R022_T34WFS_38_17,Marine waters,3.0,3.0
S2B_MSIL2A_20170817T101019_N9999_R022_T34WFS_39_06,Marine waters,3.0,3.0
S2B_MSIL2A_20170817T101019_N9999_R022_T34WFS_39_08,Marine waters,3.0,3.0
S2B_MSIL2A_20170817T101019_N9999_R022_T34WFS_39_23,Marine waters,3.0,3.0
S2B_MSIL2A_20170817T101019_N9999_R022_T34WFS_39_36,Marine waters,3.0,3.0
S2B_MSIL2A_20170817T101019_N9999_R022_T34WFS_40_23,Marine waters,3.0,3.0
S2B_MSIL2A_20170817T101019_N9999_R022_T34WFS_41_09,Marine waters,3.0,3.0
S2B_MSIL2A_20170817T101019_N9999_R022_T34WFS_41_18,Marine waters,3.0,3.0
S2B_MSIL2A_20170817T101019_N9999_R022_T34WFS_41_73,Arable land,0.0,1.0
S2B_MSIL2A_20170817T101019_N9999_R022_T34WFS_41_80,Arable land,0.0,0.0
S2B_MSIL2A_20170817T101019_N9999_R022_T34WFS_42_53,Coniferous forest,1.0,1.0
S2B_MSIL2A_20170817T101019_N9999_R022_T34WFS_42_74,Coniferous forest,1.0,1.0
S2B_MSIL2A_20170817T101019_N9999_R022_T34WFS_43_24,Marine waters,3.0,3.0
S2B_MSIL2A_20170817T101019_N9999_R022_T34WFS_44_32,Marine waters,3.0,3.0
S2B_MSIL2A_20170817T101019_N9999_R022_T34WFS_44_56,Coniferous forest,1.0,1.0
S2B_MSIL2A_20170817T101019_N9999_R022_T34WFS_45_35,Marine waters,3.0,3.0
S2B_MSIL2A_20170817T101019_N9999_R022_T34WFS_45_58,Arable land,0.0,1.0
S2B_MSIL2A_20170817T101019_N9999_R022_T34WFS_46_13,Marine waters,3.0,3.0
S2B_MSIL2A_20170817T101019_N9999_R022_T34WFS_46_47,Arable land,0.0,2.0
S2B_MSIL2A_20170817T101019_N9999_R022_T34WFS_48_24,Marine waters,3.0,3.0
S2B_MSIL2A_20170817T101019_N9999_R022_T34WFS_48_39,Coniferous forest,1.0,0.0
S2B_MSIL2A_20170817T101019_N9999_R022_T34WFS_48_90,Arable land,0.0,0.0
S2B_MSIL2A_20170817T101019_N9999_R022_T34WFS_49_02,Marine waters,3.0,3.0
S2B_MSIL2A_20170817T101019_N9999_R022_T34WFS_50_12,Marine waters,3.0,3.0
S2B_MSIL2A_20170817T101019_N9999_R022_T34WFS_51_20,Marine waters,3.0,3.0
S2B_MSIL2A_20170817T101019_N9999_R022_T34WFS_52_50,Arable land,0.0,0.0
S2B_MSIL2A_20170817T101019_N9999_R022_T34WFS_52_55,Coniferous forest,1.0,1.0
S2B_MSIL2A_20170817T101019_N9999_R022_T34WFS_52_78,Broad-leaved forest,2.0,0.0
S2B_MSIL2A_20170817T101019_N9999_R022_T34WFS_53_14,Marine waters,3.0,3.0
S2B_MSIL2A_20170817T101019_N9999_R022_T34WFS_54_04,Marine waters,3.0,3.0
S2B_MSIL2A_20170817T101019_N9999_R022_T34WFS_55_34,Coniferous forest,1.0,1.0
S2B_MSIL2A_20170817T101019_N9999_R022_T34WFS_56_63,Coniferous forest,1.0,0.0
S2B_MSIL2A_20170817T101019_N9999_R022_T34WFS_56_68,Coniferous forest,1.0,1.0
S2B_MSIL2A_20170817T101019_N9999_R022_T34WFS_57_07,Coniferous forest,1.0,0.0
S2B_MSIL2A_20170817T101019_N9999_R022_T34WFS_57_63,Arable land,0.0,0.0
S2B_MSIL2A_20170817T101019_N9999_R022_T34WFS_59_12,Arable land,0.0,0.0
S2B_MSIL2A_20170817T101019_N9999_R022_T34WFS_60_36,Coniferous forest,1.0,1.0
S2B_MSIL2A_20170817T101019_N9999_R022_T34WFS_60_62,Coniferous forest,1.0,2.0
S2B_MSIL2A_20170817T101019_N9999_R022_T34WFS_61_04,Broad-leaved forest,2.0,1.0
S2B_MSIL2A_20170817T101019_N9999_R022_T34WFS_61_21,Arable land,0.0,0.0
S2B_MSIL2A_20170817T101019_N9999_R022_T34WFS_61_39,Coniferous forest,1.0,1.0
S2B_MSIL2A_20170817T101019_N9999_R022_T34WFS_61_43,Broad-leaved forest,2.0,1.0
S2B_MSIL2A_20170817T101019_N9999_R022_T34WFS_62_84,Inland wetlands,10.0,2.0
S2B_MSIL2A_20170817T101019_N9999_R022_T34WFS_63_89,Arable land,0.0,0.0
S2B_MSIL2A_20170817T101019_N9999_R022_T34WFS_64_15,Coniferous forest,1.0,1.0
S2B_MSIL2A_20170817T101019_N9999_R022_T34WFS_65_16,Coniferous forest,1.0,1.0
S2B_MSIL2A_20170817T101019_N9999_R022_T34WFS_65_39,Coniferous forest,1.0,1.0
S2B_MSIL2A_20170817T101019_N9999_R022_T34WFS_65_64,Arable land,0.0,2.0
S2B_MSIL2A_20170817T101019_N9999_R022_T34WFS_66_02,Coniferous forest,1.0,0.0
S2B_MSIL2A_20170817T101019_N9999_R022_T34WFS_66_36,Coniferous forest,1.0,1.0
S2B_MSIL2A_20170817T101019_N9999_R022_T34WFS_68_54,Arable land,0.0,2.0
S2B_MSIL2A_20170817T101019_N9999_R022_T34WFS_68_81,Arable land,0.0,0.0
S2B_MSIL2A_20170817T101019_N9999_R022_T34WFS_69_25,Arable land,0.0,1.0
S2B_MSIL2A_20170817T101019_N9999_R022_T34WFS_69_35,Coniferous forest,1.0,1.0
S2B_MSIL2A_20170817T101019_N9999_R022_T34WFS_70_48,Coniferous forest,1.0,1.0
S2B_MSIL2A_20170817T101019_N9999_R022_T34WFS_71_70,Coniferous forest,1.0,0.0
S2B_MSIL2A_20170817T101019_N9999_R022_T34WFS_71_76,Arable land,0.0,1.0
S2B_MSIL2A_20170817T101019_N9999_R022_T34WFS_71_81,Arable land,0.0,0.0
S2B_MSIL2A_20170817T101019_N9999_R022_T34WFS_73_03,Coniferous forest,1.0,1.0
S2B_MSIL2A_20170817T101019_N9999_R022_T34WFS_73_12,Arable land,0.0,0.0
S2B_MSIL2A_20170817T101019_N9999_R022_T34WFS_73_39,Coniferous forest,1.0,1.0
S2B_MSIL2A_20170817T101019_N9999_R022_T34WFS_74_05,Arable land,0.0,0.0
S2B_MSIL2A_20170817T101019_N9999_R022_T34WFS_74_13,Arable land,0.0,0.0
S2B_MSIL2A_20170817T101019_N9999_R022_T34WFS_74_18,Arable land,0.0,0.0
S2B_MSIL2A_20170817T101019_N9999_R022_T34WFS_74_65,Coniferous forest,1.0,1.0
S2B_MSIL2A_20170817T101019_N9999_R022_T34WFS_75_05,Arable land,0.0,2.0
S2B_MSIL2A_20170817T101019_N9999_R022_T34WFS_76_03,Arable land,0.0,0.0
S2B_MSIL2A_20170817T101019_N9999_R022_T34WFS_76_10,Coniferous forest,1.0,1.0
S2B_MSIL2A_20170817T101019_N9999_R022_T34WFS_76_47,Coniferous forest,1.0,1.0
S2B_MSIL2A_20170817T101019_N9999_R022_T34WFS_78_08,Arable land,0.0,1.0
S2B_MSIL2A_20170817T101019_N9999_R022_T34WFS_78_52,Coniferous forest,1.0,1.0
S2B_MSIL2A_20170817T101019_N9999_R022_T34WFS_78_66,Coniferous forest,1.0,1.0
S2B_MSIL2A_20170817T101019_N9999_R022_T34WFS_79_20,Arable land,0.0,0.0
S2B_MSIL2A_20170817T101019_N9999_R022_T34WFS_79_33,Arable land,0.0,1.0
S2B_MSIL2A_20170817T101019_N9999_R022_T34WFS_79_76,Coniferous forest,1.0,0.0
S2B_MSIL2A_20170817T101019_N9999_R022_T34WFS_81_35,Coniferous forest,1.0,1.0
S2B_MSIL2A_20170817T101019_N9999_R022_T34WFS_82_02,Arable land,0.0,0.0
S2B_MSIL2A_20170817T101019_N9999_R022_T34WFS_82_67,Mixed forest,9.0,1.0
S2B_MSIL2A_20170817T101019_N9999_R022_T34WFS_82_69,Broad-leaved forest,2.0,2.0
S2B_MSIL2A_20170817T101019_N9999_R022_T34WFS_83_02,Arable land,0.0,0.0
S2B_MSIL2A_20170817T101019_N9999_R022_T34WFS_83_50,Arable land,0.0,1.0
S2B_MSIL2A_20170817T101019_N9999_R022_T34WFS_83_89,Coniferous forest,1.0,1.0
S2B_MSIL2A_20170817T101019_N9999_R022_T34WFS_84_19,Arable land,0.0,1.0
S2B_MSIL2A_20170817T101019_N9999_R022_T34WFS_84_37,Coniferous forest,1.0,1.0
S2B_MSIL2A_20170817T101019_N9999_R022_T34WFS_85_06,Coniferous forest,1.0,1.0
S2B_MSIL2A_20170817T101019_N9999_R022_T34WFS_85_66,Coniferous forest,1.0,1.0
S2B_MSIL2A_20170817T101019_N9999_R022_T34WFS_86_32,Coniferous forest,1.0,1.0
S2B_MSIL2A_20170817T101019_N9999_R022_T34WFS_86_44,Arable land,0.0,0.0
S2B_MSIL2A_20170817T101019_N9999_R022_T34WFS_87_40,Coniferous forest,1.0,0.0
S2B_MSIL2A_20170817T101019_N9999_R022_T34WFS_89_07,Arable land,0.0,0.0
S2B_MSIL2A_20170817T101019_N9999_R022_T34WFS_89_41,Coniferous forest,1.0,1.0
S2B_MSIL2A_20170817T101019_N9999_R022_T34WFS_90_18,Arable land,0.0,0.0
S2B_MSIL2A_20170824T100019_N9999_R122_T33TWM_00_09,Coniferous forest,1.0,1.0
S2B_MSIL2A_20170824T100019_N9999_R122_T33TWM_01_01,Coniferous forest,1.0,1.0
S2B_MSIL2A_20170824T100019_N9999_R122_T33TWM_01_03,Coniferous forest,1.0,1.0
S2B_MSIL2A_20170824T100019_N9999_R122_T33TWM_03_21,Coniferous forest,1.0,1.0
S2B_MSIL2A_20170824T100019_N9999_R122_T33TWM_05_04,Coniferous forest,1.0,1.0
S2B_MSIL2A_20170824T100019_N9999_R122_T33TWM_08_11,Coniferous forest,1.0,0.0
S2B_MSIL2A_20170824T100019_N9999_R122_T33TWM_09_09,"Land principally occupied by agriculture, with significant areas of natural vegetation",8.0,2.0
S2B_MSIL2A_20170824T100019_N9999_R122_T33TWM_09_11,Coniferous forest,1.0,1.0
S2B_MSIL2A_20170824T100019_N9999_R122_T33TWM_10_12,Coniferous forest,1.0,0.0
S2B_MSIL2A_20170824T100019_N9999_R122_T33TWM_10_15,Coniferous forest,1.0,0.0
S2B_MSIL2A_20170824T100019_N9999_R122_T33TWM_10_17,Broad-leaved forest,2.0,2.0
S2B_MSIL2A_20170824T100019_N9999_R122_T33TWM_11_10,Broad-leaved forest,2.0,0.0
S2B_MSIL2A_20170824T100019_N9999_R122_T33TWM_14_14,Broad-leaved forest,2.0,0.0
S2B_MSIL2A_20170824T100019_N9999_R122_T33TWM_20_05,Broad-leaved forest,2.0,0.0
S2B_MSIL2A_20170824T100019_N9999_R122_T33TWM_20_27,Coniferous forest,1.0,0.0
S2B_MSIL2A_20170824T100019_N9999_R122_T33TWM_23_02,Arable land,0.0,0.0
S2B_MSIL2A_20170824T100019_N9999_R122_T33TWM_23_10,Arable land,0.0,0.0
S2B_MSIL2A_20170824T100019_N9999_R122_T33TWM_24_07,Arable land,0.0,0.0
S2B_MSIL2A_20170824T100019_N9999_R122_T33TWM_24_19,Arable land,0.0,0.0
S2B_MSIL2A_20170824T100019_N9999_R122_T33TWM_24_24,Arable land,0.0,0.0
S2B_MSIL2A_20170824T100019_N9999_R122_T33TWM_27_09,Arable land,0.0,0.0
S2B_MSIL2A_20170824T100019_N9999_R122_T33TWM_27_24,Broad-leaved forest,2.0,2.0
S2B_MSIL2A_20170824T100019_N9999_R122_T33TWM_28_10,Arable land,0.0,0.0
S2B_MSIL2A_20170824T100019_N9999_R122_T33TWM_28_28,Broad-leaved forest,2.0,0.0
S2B_MSIL2A_20170824T100019_N9999_R122_T33TWM_30_30,"Land principally occupied by agriculture, with significant areas of natural vegetation",8.0,0.0
S2B_MSIL2A_20170824T100019_N9999_R122_T33TWM_31_00,Arable land,0.0,0.0
S2B_MSIL2A_20170824T100019_N9999_R122_T33TWM_33_02,Arable land,0.0,0.0
S2B_MSIL2A_20170824T100019_N9999_R122_T33TWM_33_25,Arable land,0.0,0.0
S2B_MSIL2A_20170824T100019_N9999_R122_T33TWM_34_05,Arable land,0.0,0.0
S2B_MSIL2A_20170824T100019_N9999_R122_T33TWM_36_02,Arable land,0.0,0.0
S2B_MSIL2A_20170824T100019_N9999_R122_T33TWM_36_22,Broad-leaved forest,2.0,2.0
S2B_MSIL2A_20170824T100019_N9999_R122_T33TWM_42_06,Arable land,0.0,0.0
S2B_MSIL2A_20170824T100019_N9999_R122_T33TWM_43_10,Arable land,0.0,0.0
S2B_MSIL2A_20170824T100019_N9999_R122_T33TWM_45_23,Arable land,0.0,0.0
S2B_MSIL2A_20170824T100019_N9999_R122_T33TWM_50_19,Arable land,0.0,0.0
S2B_MSIL2A_20170824T100019_N9999_R122_T33TWM_51_06,Arable land,0.0,0.0
S2B_MSIL2A_20170824T100019_N9999_R122_T33TWM_51_19,Arable land,0.0,0.0
S2B_MSIL2A_20170824T100019_N9999_R122_T33TWM_55_05,Arable land,0.0,2.0
S2B_MSIL2A_20170824T100019_N9999_R122_T33TWM_55_15,Arable land,0.0,2.0
S2B_MSIL2A_20170824T100019_N9999_R122_T33TWM_62_05,Broad-leaved forest,2.0,0.0
S2B_MSIL2A_20170824T100019_N9999_R122_T33TWM_66_04,Broad-leaved forest,2.0,2.0
S2B_MSIL2A_20170825T093029_N9999_R136_T34TEQ_00_33,Arable land,0.0,0.0
S2B_MSIL2A_20170825T093029_N9999_R136_T34TEQ_01_71,Arable land,0.0,0.0
S2B_MSIL2A_20170825T093029_N9999_R136_T34TEQ_02_08,Arable land,0.0,0.0
S2B_MSIL2A_20170825T093029_N9999_R136_T34TEQ_02_35,Arable land,0.0,0.0
S2B_MSIL2A_20170825T093029_N9999_R136_T34TEQ_02_56,Arable land,0.0,0.0
S2B_MSIL2A_20170825T093029_N9999_R136_T34TEQ_02_58,Arable land,0.0,0.0
S2B_MSIL2A_20170825T093029_N9999_R136_T34TEQ_03_03,Arable land,0.0,0.0
S2B_MSIL2A_20170825T093029_N9999_R136_T34TEQ_04_23,Broad-leaved forest,2.0,1.0
S2B_MSIL2A_20170825T093029_N9999_R136_T34TEQ_04_41,Arable land,0.0,0.0
S2B_MSIL2A_20170825T093029_N9999_R136_T34TEQ_05_21,Broad-leaved forest,2.0,2.0
S2B_MSIL2A_20170825T093029_N9999_R136_T34TEQ_05_67,Arable land,0.0,0.0
S2B_MSIL2A_20170825T093029_N9999_R136_T34TEQ_06_16,Arable land,0.0,0.0
S2B_MSIL2A_20170825T093029_N9999_R136_T34TEQ_06_22,Broad-leaved forest,2.0,1.0
S2B_MSIL2A_20170825T093029_N9999_R136_T34TEQ_06_24,Broad-leaved forest,2.0,2.0
S2B_MSIL2A_20170825T093029_N9999_R136_T34TEQ_06_28,Arable land,0.0,2.0
S2B_MSIL2A_20170825T093029_N9999_R136_T34TEQ_06_33,Arable land,0.0,0.0
S2B_MSIL2A_20170825T093029_N9999_R136_T34TEQ_06_34,Arable land,0.0,0.0
S2B_MSIL2A_20170825T093029_N9999_R136_T34TEQ_07_15,Arable land,0.0,0.0
S2B_MSIL2A_20170825T093029_N9999_R136_T34TEQ_07_77,Arable land,0.0,0.0
S2B_MSIL2A_20170825T093029_N9999_R136_T34TEQ_08_80,Arable land,0.0,0.0
S2B_MSIL2A_20170825T093029_N9999_R136_T34TEQ_11_64,Arable land,0.0,0.0
S2B_MSIL2A_20170825T093029_N9999_R136_T34TEQ_11_90,Arable land,0.0,0.0
S2B_MSIL2A_20170825T093029_N9999_R136_T34TEQ_12_06,Arable land,0.0,0.0
S2B_MSIL2A_20170825T093029_N9999_R136_T34TEQ_12_13,Arable land,0.0,0.0
S2B_MSIL2A_20170825T093029_N9999_R136_T34TEQ_12_23,Broad-leaved forest,2.0,2.0
S2B_MSIL2A_20170825T093029_N9999_R136_T34TEQ_12_56,Arable land,0.0,0.0
S2B_MSIL2A_20170825T093029_N9999_R136_T34TEQ_12_88,Broad-leaved forest,2.0,0.0
S2B_MSIL2A_20170825T093029_N9999_R136_T34TEQ_13_47,Arable land,0.0,0.0
S2B_MSIL2A_20170825T093029_N9999_R136_T34TEQ_14_60,Arable land,0.0,0.0
S2B_MSIL2A_20170825T093029_N9999_R136_T34TEQ_15_03,Arable land,0.0,0.0
S2B_MSIL2A_20170825T093029_N9999_R136_T34TEQ_15_49,Arable land,0.0,0.0
S2B_MSIL2A_20170825T093029_N9999_R136_T34TEQ_15_57,Arable land,0.0,2.0
S2B_MSIL2A_20170825T093029_N9999_R136_T34TEQ_16_69,Complex cultivation patterns,5.0,0.0
S2B_MSIL2A_20170825T093029_N9999_R136_T34TEQ_16_86,Arable land,0.0,0.0
S2B_MSIL2A_20170825T093029_N9999_R136_T34TEQ_17_14,Arable land,0.0,0.0
S2B_MSIL2A_20170825T093029_N9999_R136_T34TEQ_18_29,Broad-leaved forest,2.0,2.0
S2B_MSIL2A_20170825T093029_N9999_R136_T34TEQ_19_25,Arable land,0.0,0.0
S2B_MSIL2A_20170825T093029_N9999_R136_T34TEQ_19_79,Broad-leaved forest,2.0,0.0
S2B_MSIL2A_20170825T093029_N9999_R136_T34TEQ_20_13,Arable land,0.0,0.0
S2B_MSIL2A_20170825T093029_N9999_R136_T34TEQ_21_28,Arable land,0.0,0.0
S2B_MSIL2A_20170825T093029_N9999_R136_T34TEQ_21_36,Broad-leaved forest,2.0,2.0
S2B_MSIL2A_20170825T093029_N9999_R136_T34TEQ_21_73,Broad-leaved forest,2.0,2.0
S2B_MSIL2A_20170825T093029_N9999_R136_T34TEQ_22_13,Arable land,0.0,0.0
S2B_MSIL2A_20170825T093029_N9999_R136_T34TEQ_22_75,Broad-leaved forest,2.0,0.0
S2B_MSIL2A_20170825T093029_N9999_R136_T34TEQ_23_67,Arable land,0.0,0.0
S2B_MSIL2A_20170825T093029_N9999_R136_T34TEQ_25_09,Arable land,0.0,0.0
S2B_MSIL2A_20170825T093029_N9999_R136_T34TEQ_25_34,Arable land,0.0,0.0
S2B_MSIL2A_20170825T093029_N9999_R136_T34TEQ_25_71,Arable land,0.0,0.0
S2B_MSIL2A_20170825T093029_N9999_R136_T34TEQ_25_83,Complex cultivation patterns,5.0,0.0
S2B_MSIL2A_20170825T093029_N9999_R136_T34TEQ_26_15,Arable land,0.0,0.0
S2B_MSIL2A_20170825T093029_N9999_R136_T34TEQ_26_19,Arable land,0.0,0.0
S2B_MSIL2A_20170825T093029_N9999_R136_T34TEQ_27_50,Arable land,0.0,2.0
S2B_MSIL2A_20170825T093029_N9999_R136_T34TEQ_27_65,Broad-leaved forest,2.0,0.0
S2B_MSIL2A_20170825T093029_N9999_R136_T34TEQ_28_23,Complex cultivation patterns,5.0,0.0
S2B_MSIL2A_20170825T093029_N9999_R136_T34TEQ_28_52,Broad-leaved forest,2.0,2.0
S2B_MSIL2A_20170825T093029_N9999_R136_T34TEQ_28_71,Broad-leaved forest,2.0,0.0
S2B_MSIL2A_20170825T093029_N9999_R136_T34TEQ_28_90,Broad-leaved forest,2.0,2.0
S2B_MSIL2A_20170825T093029_N9999_R136_T34TEQ_30_41,Arable land,0.0,2.0
S2B_MSIL2A_20170825T093029_N9999_R136_T34TEQ_31_22,Arable land,0.0,0.0
S2B_MSIL2A_20170825T093029_N9999_R136_T34TEQ_31_41,Arable land,0.0,2.0
S2B_MSIL2A_20170825T093029_N9999_R136_T34TEQ_31_56,Arable land,0.0,0.0
S2B_MSIL2A_20170825T093029_N9999_R136_T34TEQ_31_77,Broad-leaved forest,2.0,0.0
S2B_MSIL2A_20170825T093029_N9999_R136_T34TEQ_32_44,Arable land,0.0,0.0
S2B_MSIL2A_20170825T093029_N9999_R136_T34TEQ_32_54,Arable land,0.0,0.0
S2B_MSIL2A_20170825T093029_N9999_R136_T34TEQ_33_22,Arable land,0.0,0.0
S2B_MSIL2A_20170825T093029_N9999_R136_T34TEQ_36_54,Arable land,0.0,0.0
S2B_MSIL2A_20170825T093029_N9999_R136_T34TEQ_39_46,Arable land,0.0,0.0
S2B_MSIL2A_20170825T093029_N9999_R136_T34TEQ_40_57,Broad-leaved forest,2.0,2.0
S2B_MSIL2A_20170825T093029_N9999_R136_T34TEQ_41_54,Broad-leaved forest,2.0,2.0
S2B_MSIL2A_20170825T093029_N9999_R136_T34TEQ_43_50,Broad-leaved forest,2.0,2.0
S2B_MSIL2A_20170825T093029_N9999_R136_T34TEQ_43_88,Broad-leaved forest,2.0,2.0
S2B_MSIL2A_20170825T093029_N9999_R136_T34TEQ_48_54,Broad-leaved forest,2.0,2.0
S2B_MSIL2A_20170825T093029_N9999_R136_T34TEQ_51_61,Complex cultivation patterns,5.0,0.0
S2B_MSIL2A_20170825T093029_N9999_R136_T34TEQ_52_72,Broad-leaved forest,2.0,2.0
S2B_MSIL2A_20170825T093029_N9999_R136_T34TEQ_53_48,Broad-leaved forest,2.0,2.0
S2B_MSIL2A_20170825T093029_N9999_R136_T34TEQ_53_62,Broad-leaved forest,2.0,2.0
S2B_MSIL2A_20170825T093029_N9999_R136_T34TEQ_54_78,Broad-leaved forest,2.0,2.0
S2B_MSIL2A_20170825T093029_N9999_R136_T34TEQ_55_62,Broad-leaved forest,2.0,2.0
S2B_MSIL2A_20170825T093029_N9999_R136_T34TEQ_57_46,Broad-leaved forest,2.0,2.0
S2B_MSIL2A_20170825T093029_N9999_R136_T34TEQ_58_56,Broad-leaved forest,2.0,2.0
S2B_MSIL2A_20170825T093029_N9999_R136_T34TEQ_59_63,Broad-leaved forest,2.0,2.0
S2B_MSIL2A_20170825T093029_N9999_R136_T34TEQ_60_69,Broad-leaved forest,2.0,0.0
S2B_MSIL2A_20170825T093029_N9999_R136_T34TEQ_61_77,Broad-leaved forest,2.0,2.0
S2B_MSIL2A_20170825T093029_N9999_R136_T34TEQ_62_65,Broad-leaved forest,2.0,2.0
S2B_MSIL2A_20170825T093029_N9999_R136_T34TEQ_64_89,Broad-leaved forest,2.0,0.0
S2B_MSIL2A_20170825T093029_N9999_R136_T34TEQ_65_55,Broad-leaved forest,2.0,2.0
S2B_MSIL2A_20170825T093029_N9999_R136_T34TEQ_65_56,Broad-leaved forest,2.0,2.0
S2B_MSIL2A_20170825T093029_N9999_R136_T34TEQ_69_79,Broad-leaved forest,2.0,2.0
S2B_MSIL2A_20170825T093029_N9999_R136_T34TEQ_73_67,Broad-leaved forest,2.0,2.0
S2B_MSIL2A_20170825T093029_N9999_R136_T34TEQ_73_74,Broad-leaved forest,2.0,2.0
S2B_MSIL2A_20170825T093029_N9999_R136_T34TEQ_73_85,Broad-leaved forest,2.0,0.0
S2B_MSIL2A_20170825T093029_N9999_R136_T34TEQ_75_66,Broad-leaved forest,2.0,2.0
S2B_MSIL2A_20170825T093029_N9999_R136_T34TEQ_77_62,Broad-leaved forest,2.0,3.0
S2B_MSIL2A_20170825T093029_N9999_R136_T34TEQ_77_68,Broad-leaved forest,2.0,2.0
S2B_MSIL2A_20170825T093029_N9999_R136_T34TEQ_80_57,Broad-leaved forest,2.0,3.0
S2B_MSIL2A_20170825T093029_N9999_R136_T34TEQ_80_83,Broad-leaved forest,2.0,2.0
S2B_MSIL2A_20170825T093029_N9999_R136_T34TEQ_81_68,Broad-leaved forest,2.0,2.0
S2B_MSIL2A_20170825T093029_N9999_R136_T34TEQ_84_81,Broad-leaved forest,2.0,0.0
S2B_MSIL2A_20170825T093029_N9999_R136_T34TEQ_86_80,Broad-leaved forest,2.0,2.0
S2B_MSIL2A_20170825T093029_N9999_R136_T34TEQ_88_74,Broad-leaved forest,2.0,2.0
S2B_MSIL2A_20170825T093029_N9999_R136_T34TEQ_89_65,Broad-leaved forest,2.0,2.0
S2B_MSIL2A_20170825T093029_N9999_R136_T34TEQ_89_90,Broad-leaved forest,2.0,0.0
S2B_MSIL2A_20170825T093029_N9999_R136_T34TEQ_90_49,Broad-leaved forest,2.0,2.0
S2B_MSIL2A_20170825T093029_N9999_R136_T34TEQ_90_78,Complex cultivation patterns,5.0,0.0
S2B_MSIL2A_20170829T105019_N9999_R051_T31UER_41_14,Arable land,0.0,0.0
S2B_MSIL2A_20170829T105019_N9999_R051_T31UER_42_19,Arable land,0.0,0.0
S2B_MSIL2A_20170829T105019_N9999_R051_T31UER_45_17,Arable land,0.0,0.0
S2B_MSIL2A_20170829T105019_N9999_R051_T31UER_48_09,Complex cultivation patterns,5.0,0.0
S2B_MSIL2A_20170829T105019_N9999_R051_T31UER_49_01,Arable land,0.0,0.0
S2B_MSIL2A_20170829T105019_N9999_R051_T31UER_55_19,Arable land,0.0,0.0
S2B_MSIL2A_20170829T105019_N9999_R051_T31UER_56_06,Complex cultivation patterns,5.0,0.0
S2B_MSIL2A_20170829T105019_N9999_R051_T31UER_58_10,Arable land,0.0,0.0
S2B_MSIL2A_20170829T105019_N9999_R051_T31UER_58_15,Arable land,0.0,0.0
S2B_MSIL2A_20170829T105019_N9999_R051_T31UER_60_07,Broad-leaved forest,2.0,0.0
S2B_MSIL2A_20170829T105019_N9999_R051_T31UER_62_10,Arable land,0.0,0.0
S2B_MSIL2A_20170829T105019_N9999_R051_T31UER_63_21,Arable land,0.0,0.0
S2B_MSIL2A_20170829T105019_N9999_R051_T31UER_67_03,Arable land,0.0,0.0
S2B_MSIL2A_20170829T105019_N9999_R051_T31UER_69_25,Arable land,0.0,0.0
S2B_MSIL2A_20170829T105019_N9999_R051_T31UER_69_37,Broad-leaved forest,2.0,2.0
S2B_MSIL2A_20170829T105019_N9999_R051_T31UER_70_23,Arable land,0.0,0.0
S2B_MSIL2A_20170829T105019_N9999_R051_T31UER_71_29,Arable land,0.0,0.0
S2B_MSIL2A_20170829T105019_N9999_R051_T31UER_72_09,Arable land,0.0,0.0
S2B_MSIL2A_20170829T105019_N9999_R051_T31UER_72_13,Arable land,0.0,0.0
S2B_MSIL2A_20170829T105019_N9999_R051_T31UER_73_42,Broad-leaved forest,2.0,2.0
S2B_MSIL2A_20170829T105019_N9999_R051_T31UER_76_21,Arable land,0.0,0.0
S2B_MSIL2A_20170829T105019_N9999_R051_T31UER_80_22,Arable land,0.0,0.0
S2B_MSIL2A_20170829T105019_N9999_R051_T31UER_80_29,Arable land,0.0,0.0
S2B_MSIL2A_20170829T105019_N9999_R051_T31UER_82_36,Broad-leaved forest,2.0,0.0
S2B_MSIL2A_20170829T105019_N9999_R051_T31UER_82_40,Broad-leaved forest,2.0,2.0
S2B_MSIL2A_20170829T105019_N9999_R051_T31UER_83_03,Arable land,0.0,0.0
S2B_MSIL2A_20170829T105019_N9999_R051_T31UER_84_12,Industrial or commercial units,11.0,0.0
S2B_MSIL2A_20170829T105019_N9999_R051_T31UER_84_55,Complex cultivation patterns,5.0,0.0
S2B_MSIL2A_20170829T105019_N9999_R051_T31UER_85_03,Arable land,0.0,0.0
S2B_MSIL2A_20170829T105019_N9999_R051_T31UER_85_22,Arable land,0.0,0.0
S2B_MSIL2A_20170829T105019_N9999_R051_T31UER_86_20,Arable land,0.0,0.0
S2B_MSIL2A_20170829T105019_N9999_R051_T31UER_86_44,Arable land,0.0,0.0
S2B_MSIL2A_20170829T105019_N9999_R051_T31UER_87_54,Arable land,0.0,0.0
S2B_MSIL2A_20170829T105019_N9999_R051_T31UER_89_11,Arable land,0.0,0.0
S2B_MSIL2A_20170829T105019_N9999_R051_T31UER_89_23,Arable land,0.0,0.0
S2B_MSIL2A_20170829T105019_N9999_R051_T31UER_89_48,Broad-leaved forest,2.0,2.0
S2B_MSIL2A_20170829T105019_N9999_R051_T31UER_90_09,Complex cultivation patterns,5.0,0.0
S2B_MSIL2A_20170829T105019_N9999_R051_T31UER_90_12,Complex cultivation patterns,5.0,0.0
S2B_MSIL2A_20170830T102019_N9999_R065_T34VDR_54_90,Marine waters,3.0,3.0
S2B_MSIL2A_20170830T102019_N9999_R065_T34VDR_56_72,Marine waters,3.0,3.0
S2B_MSIL2A_20170830T102019_N9999_R065_T34VDR_57_77,Marine waters,3.0,3.0
S2B_MSIL2A_20170830T102019_N9999_R065_T34VDR_57_85,Marine waters,3.0,3.0
S2B_MSIL2A_20170830T102019_N9999_R065_T34VDR_58_63,Marine waters,3.0,3.0
S2B_MSIL2A_20170830T102019_N9999_R065_T34VDR_59_72,Marine waters,3.0,3.0
S2B_MSIL2A_20170830T102019_N9999_R065_T34VDR_59_80,Marine waters,3.0,3.0
S2B_MSIL2A_20170830T102019_N9999_R065_T34VDR_64_71,Marine waters,3.0,3.0
S2B_MSIL2A_20170830T102019_N9999_R065_T34VDR_65_57,Marine waters,3.0,3.0
S2B_MSIL2A_20170830T102019_N9999_R065_T34VDR_68_62,Marine waters,3.0,3.0
S2B_MSIL2A_20170830T102019_N9999_R065_T34VDR_69_77,Marine waters,3.0,3.0
S2B_MSIL2A_20170830T102019_N9999_R065_T34VDR_72_54,Marine waters,3.0,3.0
S2B_MSIL2A_20170830T102019_N9999_R065_T34VDR_72_59,Marine waters,3.0,3.0
S2B_MSIL2A_20170830T102019_N9999_R065_T34VDR_72_72,Marine waters,3.0,3.0
S2B_MSIL2A_20170830T102019_N9999_R065_T34VDR_72_80,Marine waters,3.0,3.0
S2B_MSIL2A_20170830T102019_N9999_R065_T34VDR_72_82,Marine waters,3.0,3.0
S2B_MSIL2A_20170830T102019_N9999_R065_T34VDR_76_65,Marine waters,3.0,3.0
S2B_MSIL2A_20170830T102019_N9999_R065_T34VDR_76_74,Marine waters,3.0,3.0
S2B_MSIL2A_20170830T102019_N9999_R065_T34VDR_78_47,Marine waters,3.0,3.0
S2B_MSIL2A_20170830T102019_N9999_R065_T34VDR_78_80,Marine waters,3.0,3.0
S2B_MSIL2A_20170830T102019_N9999_R065_T34VDR_78_81,Marine waters,3.0,3.0
S2B_MSIL2A_20170830T102019_N9999_R065_T34VDR_79_53,Marine waters,3.0,3.0
S2B_MSIL2A_20170830T102019_N9999_R065_T34VDR_79_65,Marine waters,3.0,3.0
S2B_MSIL2A_20170830T102019_N9999_R065_T34VDR_79_70,Marine waters,3.0,3.0
S2B_MSIL2A_20170830T102019_N9999_R065_T34VDR_80_68,Marine waters,3.0,3.0
S2B_MSIL2A_20170830T102019_N9999_R065_T34VDR_81_64,Marine waters,3.0,3.0
S2B_MSIL2A_20170830T102019_N9999_R065_T34VDR_81_90,Marine waters,3.0,3.0
S2B_MSIL2A_20170830T102019_N9999_R065_T34VDR_82_85,Marine waters,3.0,3.0
S2B_MSIL2A_20170830T102019_N9999_R065_T34VDR_82_87,Marine waters,3.0,3.0
S2B_MSIL2A_20170830T102019_N9999_R065_T34VDR_84_64,Marine waters,3.0,1.0
S2B_MSIL2A_20170830T102019_N9999_R065_T34VDR_84_65,Marine waters,3.0,3.0
S2B_MSIL2A_20170830T102019_N9999_R065_T34VDR_84_83,Marine waters,3.0,3.0
S2B_MSIL2A_20170830T102019_N9999_R065_T34VDR_86_46,Marine waters,3.0,3.0
S2B_MSIL2A_20170830T102019_N9999_R065_T34VDR_86_71,Marine waters,3.0,3.0
S2B_MSIL2A_20170830T102019_N9999_R065_T34VDR_86_81,Marine waters,3.0,3.0
S2B_MSIL2A_20170830T102019_N9999_R065_T34VDR_89_59,Marine waters,3.0,3.0
S2B_MSIL2A_20170831T095029_N9999_R079_T33UXP_00_39,Arable land,0.0,0.0
S2B_MSIL2A_20170831T095029_N9999_R079_T33UXP_00_75,Arable land,0.0,0.0
S2B_MSIL2A_20170831T095029_N9999_R079_T33UXP_00_79,Arable land,0.0,0.0
S2B_MSIL2A_20170831T095029_N9999_R079_T33UXP_01_47,Urban fabric,17.0,0.0
S2B_MSIL2A_20170831T095029_N9999_R079_T33UXP_02_06,Arable land,0.0,0.0
S2B_MSIL2A_20170831T095029_N9999_R079_T33UXP_02_31,Arable land,0.0,0.0
S2B_MSIL2A_20170831T095029_N9999_R079_T33UXP_02_82,Arable land,0.0,0.0
S2B_MSIL2A_20170831T095029_N9999_R079_T33UXP_04_80,Arable land,0.0,0.0
S2B_MSIL2A_20170831T095029_N9999_R079_T33UXP_06_36,Arable land,0.0,0.0
S2B_MSIL2A_20170831T095029_N9999_R079_T33UXP_07_88,Arable land,0.0,0.0
S2B_MSIL2A_20170831T095029_N9999_R079_T33UXP_08_55,Industrial or commercial units,11.0,0.0
S2B_MSIL2A_20170831T095029_N9999_R079_T33UXP_09_39,Arable land,0.0,0.0
S2B_MSIL2A_20170831T095029_N9999_R079_T33UXP_09_55,Arable land,0.0,1.0
S2B_MSIL2A_20170831T095029_N9999_R079_T33UXP_10_40,Arable land,0.0,0.0
S2B_MSIL2A_20170831T095029_N9999_R079_T33UXP_10_68,Arable land,0.0,0.0
S2B_MSIL2A_20170831T095029_N9999_R079_T33UXP_12_66,Arable land,0.0,0.0
S2B_MSIL2A_20170831T095029_N9999_R079_T33UXP_14_17,Arable land,0.0,0.0
S2B_MSIL2A_20170831T095029_N9999_R079_T33UXP_15_33,Arable land,0.0,0.0
S2B_MSIL2A_20170831T095029_N9999_R079_T33UXP_15_47,Arable land,0.0,0.0
S2B_MSIL2A_20170831T095029_N9999_R079_T33UXP_15_76,Broad-leaved forest,2.0,2.0
S2B_MSIL2A_20170831T095029_N9999_R079_T33UXP_16_17,Arable land,0.0,0.0
S2B_MSIL2A_20170831T095029_N9999_R079_T33UXP_16_23,Arable land,0.0,0.0
S2B_MSIL2A_20170831T095029_N9999_R079_T33UXP_16_48,Arable land,0.0,0.0
S2B_MSIL2A_20170831T095029_N9999_R079_T33UXP_16_61,Arable land,0.0,0.0
S2B_MSIL2A_20170831T095029_N9999_R079_T33UXP_16_77,Broad-leaved forest,2.0,2.0
S2B_MSIL2A_20170831T095029_N9999_R079_T33UXP_18_20,Arable land,0.0,0.0
S2B_MSIL2A_20170831T095029_N9999_R079_T33UXP_18_52,Arable land,0.0,0.0
S2B_MSIL2A_20170831T095029_N9999_R079_T33UXP_18_60,Arable land,0.0,0.0
S2B_MSIL2A_20170831T095029_N9999_R079_T33UXP_19_15,Arable land,0.0,0.0
S2B_MSIL2A_20170831T095029_N9999_R079_T33UXP_19_22,Arable land,0.0,0.0
S2B_MSIL2A_20170831T095029_N9999_R079_T33UXP_19_25,Arable land,0.0,0.0
S2B_MSIL2A_20170831T095029_N9999_R079_T33UXP_21_02,Arable land,0.0,0.0
S2B_MSIL2A_20170831T095029_N9999_R079_T33UXP_22_52,Arable land,0.0,0.0
S2B_MSIL2A_20170831T095029_N9999_R079_T33UXP_23_26,Arable land,0.0,0.0
S2B_MSIL2A_20170831T095029_N9999_R079_T33UXP_24_35,Arable land,0.0,0.0
S2B_MSIL2A_20170831T095029_N9999_R079_T33UXP_25_18,Arable land,0.0,0.0
S2B_MSIL2A_20170831T095029_N9999_R079_T33UXP_25_76,Inland waters,6.0,0.0
S2B_MSIL2A_20170831T095029_N9999_R079_T33UXP_26_08,Arable land,0.0,0.0
S2B_MSIL2A_20170831T095029_N9999_R079_T33UXP_26_69,Broad-leaved forest,2.0,2.0
S2B_MSIL2A_20170831T095029_N9999_R079_T33UXP_26_73,Arable land,0.0,0.0
S2B_MSIL2A_20170831T095029_N9999_R079_T33UXP_28_10,Arable land,0.0,0.0
S2B_MSIL2A_20170831T095029_N9999_R079_T33UXP_28_46,Arable land,0.0,0.0
S2B_MSIL2A_20170831T095029_N9999_R079_T33UXP_29_53,Arable land,0.0,0.0
S2B_MSIL2A_20170831T095029_N9999_R079_T33UXP_29_56,Broad-leaved forest,2.0,2.0
S2B_MSIL2A_20170831T095029_N9999_R079_T33UXP_29_69,Arable land,0.0,2.0
S2B_MSIL2A_20170831T095029_N9999_R079_T33UXP_30_42,Arable land,0.0,0.0
S2B_MSIL2A_20170831T095029_N9999_R079_T33UXP_30_49,Arable land,0.0,0.0
S2B_MSIL2A_20170831T095029_N9999_R079_T33UXP_30_88,Arable land,0.0,0.0
S2B_MSIL2A_20170831T095029_N9999_R079_T33UXP_31_08,Arable land,0.0,0.0
S2B_MSIL2A_20170831T095029_N9999_R079_T33UXP_31_48,Arable land,0.0,0.0
S2B_MSIL2A_20170831T095029_N9999_R079_T33UXP_31_50,Arable land,0.0,0.0
S2B_MSIL2A_20170831T095029_N9999_R079_T33UXP_32_23,Arable land,0.0,0.0
S2B_MSIL2A_20170831T095029_N9999_R079_T33UXP_32_83,Arable land,0.0,0.0
S2B_MSIL2A_20170831T095029_N9999_R079_T33UXP_34_58,Arable land,0.0,0.0
S2B_MSIL2A_20170831T095029_N9999_R079_T33UXP_34_61,Arable land,0.0,0.0
S2B_MSIL2A_20170831T095029_N9999_R079_T33UXP_35_72,Arable land,0.0,0.0
S2B_MSIL2A_20170831T095029_N9999_R079_T33UXP_36_71,Arable land,0.0,0.0
S2B_MSIL2A_20170831T095029_N9999_R079_T33UXP_37_49,Arable land,0.0,0.0
S2B_MSIL2A_20170831T095029_N9999_R079_T33UXP_37_86,Arable land,0.0,0.0
S2B_MSIL2A_20170831T095029_N9999_R079_T33UXP_40_57,Arable land,0.0,2.0
S2B_MSIL2A_20170831T095029_N9999_R079_T33UXP_40_75,Arable land,0.0,0.0
S2B_MSIL2A_20170831T095029_N9999_R079_T33UXP_41_61,Arable land,0.0,0.0
S2B_MSIL2A_20170831T095029_N9999_R079_T33UXP_41_85,Arable land,0.0,0.0
S2B_MSIL2A_20170831T095029_N9999_R079_T33UXP_42_66,Arable land,0.0,0.0
S2B_MSIL2A_20170831T095029_N9999_R079_T33UXP_42_85,Arable land,0.0,0.0
S2B_MSIL2A_20170831T095029_N9999_R079_T33UXP_44_68,Arable land,0.0,0.0
S2B_MSIL2A_20170831T095029_N9999_R079_T33UXP_45_72,Arable land,0.0,0.0
S2B_MSIL2A_20170831T095029_N9999_R079_T33UXQ_02_87,Arable land,0.0,0.0
S2B_MSIL2A_20170831T095029_N9999_R079_T33UXQ_11_80,Arable land,0.0,0.0
S2B_MSIL2A_20170831T095029_N9999_R079_T33UXQ_13_83,Arable land,0.0,0.0
S2B_MSIL2A_20170831T095029_N9999_R079_T33UXQ_15_81,Arable land,0.0,0.0
S2B_MSIL2A_20170831T095029_N9999_R079_T33UXQ_16_90,Arable land,0.0,0.0
S2B_MSIL2A_20170831T095029_N9999_R079_T33UXQ_21_84,Arable land,0.0,0.0
S2B_MSIL2A_20170906T101019_N9999_R022_T34VDN_02_77,Marine waters,3.0,3.0
S2B_MSIL2A_20170906T101019_N9999_R022_T34VDN_06_78,Marine waters,3.0,3.0
S2B_MSIL2A_20170906T101019_N9999_R022_T34VDN_06_85,Marine waters,3.0,3.0
S2B_MSIL2A_20170906T101019_N9999_R022_T34VDN_09_69,Marine waters,3.0,3.0
S2B_MSIL2A_20170906T101019_N9999_R022_T34VDN_11_69,Marine waters,3.0,3.0
S2B_MSIL2A_20170906T101019_N9999_R022_T34VDN_14_72,Marine waters,3.0,3.0
S2B_MSIL2A_20170906T101019_N9999_R022_T34VDN_15_72,Marine waters,3.0,3.0
S2B_MSIL2A_20170906T101019_N9999_R022_T34VDN_16_69,Marine waters,3.0,3.0
S2B_MSIL2A_20170906T101019_N9999_R022_T34VDN_16_80,Marine waters,3.0,3.0
S2B_MSIL2A_20170906T101019_N9999_R022_T34VDN_17_81,Marine waters,3.0,3.0
S2B_MSIL2A_20170906T101019_N9999_R022_T34VDN_18_69,Marine waters,3.0,3.0
S2B_MSIL2A_20170906T101019_N9999_R022_T34VDN_19_68,Marine waters,3.0,3.0
S2B_MSIL2A_20170906T101019_N9999_R022_T34VDN_20_69,Marine waters,3.0,3.0
S2B_MSIL2A_20170906T101019_N9999_R022_T34VDN_22_77,Marine waters,3.0,3.0
S2B_MSIL2A_20170906T101019_N9999_R022_T34VDN_24_62,Marine waters,3.0,3.0
S2B_MSIL2A_20170906T101019_N9999_R022_T34VDN_24_79,Marine waters,3.0,3.0
S2B_MSIL2A_20170906T101019_N9999_R022_T34VDN_26_64,Marine waters,3.0,3.0
S2B_MSIL2A_20170906T101019_N9999_R022_T34VDN_28_70,Marine waters,3.0,3.0
S2B_MSIL2A_20170906T101019_N9999_R022_T34VDN_31_78,Marine waters,3.0,3.0
S2B_MSIL2A_20170906T101019_N9999_R022_T34VDN_31_83,Marine waters,3.0,3.0
S2B_MSIL2A_20170906T101019_N9999_R022_T34VDN_33_83,Marine waters,3.0,3.0
S2B_MSIL2A_20170906T101019_N9999_R022_T34VDN_35_66,Marine waters,3.0,3.0
S2B_MSIL2A_20170906T101019_N9999_R022_T34VDN_37_65,Marine waters,3.0,3.0
S2B_MSIL2A_20170906T101019_N9999_R022_T34VDN_42_60,Marine waters,3.0,3.0
S2B_MSIL2A_20170906T101019_N9999_R022_T34VDN_42_85,Marine waters,3.0,3.0
S2B_MSIL2A_20170906T101019_N9999_R022_T34VDN_43_68,Marine waters,3.0,3.0
S2B_MSIL2A_20170906T101019_N9999_R022_T34VDN_46_78,Marine waters,3.0,3.0
S2B_MSIL2A_20170906T101019_N9999_R022_T34VDN_47_65,Marine waters,3.0,3.0
S2B_MSIL2A_20170906T101019_N9999_R022_T34VDN_51_60,Marine waters,3.0,3.0
S2B_MSIL2A_20170906T101019_N9999_R022_T34VDN_55_67,Marine waters,3.0,3.0
S2B_MSIL2A_20170906T101019_N9999_R022_T34VDN_59_72,Marine waters,3.0,3.0
S2B_MSIL2A_20170906T101019_N9999_R022_T34VDN_62_79,Marine waters,3.0,3.0
S2B_MSIL2A_20170906T101019_N9999_R022_T34VDN_62_85,Marine waters,3.0,3.0
S2B_MSIL2A_20170906T101019_N9999_R022_T34VDN_65_52,Marine waters,3.0,3.0
S2B_MSIL2A_20170906T101019_N9999_R022_T34VDN_67_34,Marine waters,3.0,3.0
S2B_MSIL2A_20170906T101019_N9999_R022_T34VDN_67_46,Marine waters,3.0,3.0
S2B_MSIL2A_20170906T101019_N9999_R022_T34VDN_68_89,Marine waters,3.0,3.0
S2B_MSIL2A_20170906T101019_N9999_R022_T34VDN_70_56,Marine waters,3.0,3.0
S2B_MSIL2A_20170906T101019_N9999_R022_T34VDN_70_63,Marine waters,3.0,3.0
S2B_MSIL2A_20170906T101019_N9999_R022_T34VDN_71_27,Marine waters,3.0,3.0
S2B_MSIL2A_20170906T101019_N9999_R022_T34VDN_71_39,Marine waters,3.0,3.0
S2B_MSIL2A_20170906T101019_N9999_R022_T34VDN_71_64,Marine waters,3.0,3.0
S2B_MSIL2A_20170906T101019_N9999_R022_T34VDN_73_68,Marine waters,3.0,3.0
S2B_MSIL2A_20170906T101019_N9999_R022_T34VDN_73_72,Marine waters,3.0,3.0
S2B_MSIL2A_20170906T101019_N9999_R022_T34VDN_74_70,Marine waters,3.0,3.0
S2B_MSIL2A_20170906T101019_N9999_R022_T34VDN_74_73,Marine waters,3.0,3.0
S2B_MSIL2A_20170906T101019_N9999_R022_T34VDN_74_82,Marine waters,3.0,3.0
S2B_MSIL2A_20170906T101019_N9999_R022_T34VDN_75_25,Marine waters,3.0,3.0
S2B_MSIL2A_20170906T101019_N9999_R022_T34VDN_75_63,Marine waters,3.0,3.0
S2B_MSIL2A_20170906T101019_N9999_R022_T34VDN_75_73,Marine waters,3.0,3.0
S2B_MSIL2A_20170906T101019_N9999_R022_T34VDN_76_19,Marine waters,3.0,3.0
S2B_MSIL2A_20170906T101019_N9999_R022_T34VDN_76_28,Marine waters,3.0,3.0
S2B_MSIL2A_20170906T101019_N9999_R022_T34VDN_77_54,Marine waters,3.0,3.0
S2B_MSIL2A_20170906T101019_N9999_R022_T34VDN_77_56,Marine waters,3.0,3.0
S2B_MSIL2A_20170906T101019_N9999_R022_T34VDN_78_56,Marine waters,3.0,3.0
S2B_MSIL2A_20170906T101019_N9999_R022_T34VDN_79_10,Marine waters,3.0,3.0
S2B_MSIL2A_20170906T101019_N9999_R022_T34VDN_79_32,Marine waters,3.0,3.0
S2B_MSIL2A_20170906T101019_N9999_R022_T34VDN_79_40,Marine waters,3.0,3.0
S2B_MSIL2A_20170906T101019_N9999_R022_T34VDN_80_13,Marine waters,3.0,3.0
S2B_MSIL2A_20170906T101019_N9999_R022_T34VDN_80_31,Marine waters,3.0,3.0
S2B_MSIL2A_20170906T101019_N9999_R022_T34VDN_80_33,Marine waters,3.0,3.0
S2B_MSIL2A_20170906T101019_N9999_R022_T34VDN_81_06,Marine waters,3.0,3.0
S2B_MSIL2A_20170906T101019_N9999_R022_T34VDN_81_25,Marine waters,3.0,3.0
S2B_MSIL2A_20170906T101019_N9999_R022_T34VDN_81_35,Marine waters,3.0,3.0
S2B_MSIL2A_20170906T101019_N9999_R022_T34VDN_81_61,Marine waters,3.0,3.0
S2B_MSIL2A_20170906T101019_N9999_R022_T34VDN_81_82,Broad-leaved forest,2.0,6.0
S2B_MSIL2A_20170906T101019_N9999_R022_T34VDN_82_09,Marine waters,3.0,3.0
S2B_MSIL2A_20170906T101019_N9999_R022_T34VDN_83_16,Marine waters,3.0,3.0
S2B_MSIL2A_20170906T101019_N9999_R022_T34VDN_83_21,Marine waters,3.0,3.0
S2B_MSIL2A_20170906T101019_N9999_R022_T34VDN_83_68,Marine waters,3.0,3.0
S2B_MSIL2A_20170906T101019_N9999_R022_T34VDN_83_71,Marine waters,3.0,3.0
S2B_MSIL2A_20170906T101019_N9999_R022_T34VDN_84_12,Marine waters,3.0,3.0
S2B_MSIL2A_20170906T101019_N9999_R022_T34VDN_85_42,Marine waters,3.0,3.0
S2B_MSIL2A_20170906T101019_N9999_R022_T34VDN_87_12,Marine waters,3.0,3.0
S2B_MSIL2A_20170906T101019_N9999_R022_T34VDN_87_47,Marine waters,3.0,3.0
S2B_MSIL2A_20170906T101019_N9999_R022_T34VDN_87_77,Broad-leaved forest,2.0,3.0
S2B_MSIL2A_20170906T101019_N9999_R022_T34VDN_88_06,Marine waters,3.0,3.0
S2B_MSIL2A_20170906T101019_N9999_R022_T34VDN_88_18,Marine waters,3.0,3.0
S2B_MSIL2A_20170906T101019_N9999_R022_T34VDN_88_23,Marine waters,3.0,3.0
S2B_MSIL2A_20170906T101019_N9999_R022_T34VDN_89_01,Marine waters,3.0,3.0
S2B_MSIL2A_20170906T101019_N9999_R022_T34VDN_90_36,Marine waters,3.0,3.0
S2B_MSIL2A_20170906T101019_N9999_R022_T34VDN_90_68,Marine waters,3.0,13.0
S2B_MSIL2A_20170906T101019_N9999_R022_T34VDN_90_77,Marine waters,3.0,13.0
S2B_MSIL2A_20170906T101019_N9999_R022_T34WFS_01_68,Marine waters,3.0,3.0
S2B_MSIL2A_20170906T101019_N9999_R022_T34WFS_02_61,Marine waters,3.0,3.0
S2B_MSIL2A_20170906T101019_N9999_R022_T34WFS_02_81,Marine waters,3.0,3.0
S2B_MSIL2A_20170906T101019_N9999_R022_T34WFS_02_84,Marine waters,3.0,3.0
S2B_MSIL2A_20170906T101019_N9999_R022_T34WFS_03_60,Marine waters,3.0,3.0
S2B_MSIL2A_20170906T101019_N9999_R022_T34WFS_04_57,Marine waters,3.0,3.0
S2B_MSIL2A_20170906T101019_N9999_R022_T34WFS_05_74,Marine waters,3.0,3.0
S2B_MSIL2A_20170906T101019_N9999_R022_T34WFS_06_67,Marine waters,3.0,3.0
S2B_MSIL2A_20170906T101019_N9999_R022_T34WFS_07_55,Marine waters,3.0,3.0
S2B_MSIL2A_20170906T101019_N9999_R022_T34WFS_08_77,Marine waters,3.0,3.0
S2B_MSIL2A_20170906T101019_N9999_R022_T34WFS_09_51,Marine waters,3.0,3.0
S2B_MSIL2A_20170906T101019_N9999_R022_T34WFS_10_79,Marine waters,3.0,3.0
S2B_MSIL2A_20170906T101019_N9999_R022_T34WFS_10_88,Coniferous forest,1.0,1.0
S2B_MSIL2A_20170906T101019_N9999_R022_T34WFS_13_70,Marine waters,3.0,3.0
S2B_MSIL2A_20170906T101019_N9999_R022_T34WFS_14_85,Coniferous forest,1.0,1.0
S2B_MSIL2A_20170906T101019_N9999_R022_T34WFS_15_67,Marine waters,3.0,3.0
S2B_MSIL2A_20170906T101019_N9999_R022_T34WFS_17_44,Marine waters,3.0,3.0
S2B_MSIL2A_20170906T101019_N9999_R022_T34WFS_17_56,Marine waters,3.0,3.0
S2B_MSIL2A_20170906T101019_N9999_R022_T34WFS_17_69,Marine waters,3.0,3.0
S2B_MSIL2A_20170906T101019_N9999_R022_T34WFS_17_83,Coniferous forest,1.0,1.0
S2B_MSIL2A_20170906T101019_N9999_R022_T34WFS_18_54,Marine waters,3.0,3.0
S2B_MSIL2A_20170906T101019_N9999_R022_T34WFS_18_60,Marine waters,3.0,3.0
S2B_MSIL2A_20170906T101019_N9999_R022_T34WFS_18_62,Marine waters,3.0,3.0
S2B_MSIL2A_20170906T101019_N9999_R022_T34WFS_18_75,Coniferous forest,1.0,1.0
S2B_MSIL2A_20170906T101019_N9999_R022_T34WFS_19_55,Marine waters,3.0,3.0
S2B_MSIL2A_20170906T101019_N9999_R022_T34WFS_20_65,Marine waters,3.0,3.0
S2B_MSIL2A_20170906T101019_N9999_R022_T34WFS_20_67,Marine waters,3.0,3.0
S2B_MSIL2A_20170906T101019_N9999_R022_T34WFS_20_88,Arable land,0.0,1.0
S2B_MSIL2A_20170906T101019_N9999_R022_T34WFS_21_38,Marine waters,3.0,3.0
S2B_MSIL2A_20170906T101019_N9999_R022_T34WFS_22_31,Marine waters,3.0,3.0
S2B_MSIL2A_20170906T101019_N9999_R022_T34WFS_22_60,Marine waters,3.0,3.0
S2B_MSIL2A_20170906T101019_N9999_R022_T34WFS_23_84,Coniferous forest,1.0,1.0
S2B_MSIL2A_20170906T101019_N9999_R022_T34WFS_24_83,Arable land,0.0,0.0
S2B_MSIL2A_20170906T101019_N9999_R022_T34WFS_26_68,Arable land,0.0,0.0
S2B_MSIL2A_20170906T101019_N9999_R022_T34WFS_26_90,Arable land,0.0,0.0
S2B_MSIL2A_20170906T101019_N9999_R022_T34WFS_27_56,Marine waters,3.0,3.0
S2B_MSIL2A_20170906T101019_N9999_R022_T34WFS_27_58,Marine waters,3.0,3.0
S2B_MSIL2A_20170906T101019_N9999_R022_T34WFS_27_70,Coniferous forest,1.0,1.0
S2B_MSIL2A_20170906T101019_N9999_R022_T34WFS_28_67,Arable land,0.0,0.0
S2B_MSIL2A_20170906T101019_N9999_R022_T34WFS_29_21,Marine waters,3.0,3.0
S2B_MSIL2A_20170906T101019_N9999_R022_T34WFS_30_61,Coniferous forest,1.0,0.0
S2B_MSIL2A_20170906T101019_N9999_R022_T34WFS_30_89,Arable land,0.0,0.0
S2B_MSIL2A_20170906T101019_N9999_R022_T34WFS_31_41,Marine waters,3.0,3.0
S2B_MSIL2A_20170906T101019_N9999_R022_T34WFS_31_47,Marine waters,3.0,3.0
S2B_MSIL2A_20170906T101019_N9999_R022_T34WFS_31_55,Marine waters,3.0,3.0
S2B_MSIL2A_20170906T101019_N9999_R022_T34WFS_31_84,Coniferous forest,1.0,1.0
S2B_MSIL2A_20170906T101019_N9999_R022_T34WFS_33_18,Marine waters,3.0,3.0
S2B_MSIL2A_20170906T101019_N9999_R022_T34WFS_34_51,Coniferous forest,1.0,3.0
S2B_MSIL2A_20170906T101019_N9999_R022_T34WFS_35_76,Arable land,0.0,0.0
S2B_MSIL2A_20170906T101019_N9999_R022_T34WFS_36_35,Marine waters,3.0,3.0
S2B_MSIL2A_20170906T101019_N9999_R022_T34WFS_36_76,Arable land,0.0,0.0
S2B_MSIL2A_20170906T101019_N9999_R022_T34WFS_37_07,Marine waters,3.0,3.0
S2B_MSIL2A_20170906T101019_N9999_R022_T34WFS_37_46,Coniferous forest,1.0,1.0
S2B_MSIL2A_20170906T101019_N9999_R022_T34WFS_37_60,Arable land,0.0,0.0
S2B_MSIL2A_20170906T101019_N9999_R022_T34WFS_38_65,Arable land,0.0,1.0
S2B_MSIL2A_20170906T101019_N9999_R022_T34WFS_39_64,Arable land,0.0,0.0
S2B_MSIL2A_20170906T101019_N9999_R022_T34WFS_40_31,Marine waters,3.0,3.0
S2B_MSIL2A_20170906T101019_N9999_R022_T34WFS_40_71,Coniferous forest,1.0,0.0
S2B_MSIL2A_20170906T101019_N9999_R022_T34WFS_41_09,Marine waters,3.0,3.0
S2B_MSIL2A_20170906T101019_N9999_R022_T34WFS_41_75,Arable land,0.0,1.0
S2B_MSIL2A_20170906T101019_N9999_R022_T34WFS_42_30,Marine waters,3.0,3.0
S2B_MSIL2A_20170906T101019_N9999_R022_T34WFS_42_69,Coniferous forest,1.0,1.0
S2B_MSIL2A_20170906T101019_N9999_R022_T34WFS_43_71,Coniferous forest,1.0,1.0
S2B_MSIL2A_20170906T101019_N9999_R022_T34WFS_43_83,Broad-leaved forest,2.0,1.0
S2B_MSIL2A_20170906T101019_N9999_R022_T34WFS_44_44,Arable land,0.0,0.0
S2B_MSIL2A_20170906T101019_N9999_R022_T34WFS_45_29,Marine waters,3.0,3.0
S2B_MSIL2A_20170906T101019_N9999_R022_T34WFS_45_42,Arable land,0.0,1.0
S2B_MSIL2A_20170906T101019_N9999_R022_T34WFS_45_54,Arable land,0.0,0.0
S2B_MSIL2A_20170906T101019_N9999_R022_T34WFS_45_62,Arable land,0.0,0.0
S2B_MSIL2A_20170906T101019_N9999_R022_T34WFS_46_35,Broad-leaved forest,2.0,3.0
S2B_MSIL2A_20170906T101019_N9999_R022_T34WFS_46_48,Coniferous forest,1.0,1.0
S2B_MSIL2A_20170906T101019_N9999_R022_T34WFS_46_57,Arable land,0.0,0.0
S2B_MSIL2A_20170906T101019_N9999_R022_T34WFS_47_05,Marine waters,3.0,3.0
S2B_MSIL2A_20170906T101019_N9999_R022_T34WFS_47_68,Coniferous forest,1.0,1.0
S2B_MSIL2A_20170906T101019_N9999_R022_T34WFS_48_56,Coniferous forest,1.0,1.0
S2B_MSIL2A_20170906T101019_N9999_R022_T34WFS_48_79,Coniferous forest,1.0,1.0
S2B_MSIL2A_20170906T101019_N9999_R022_T34WFS_50_13,Marine waters,3.0,3.0
S2B_MSIL2A_20170906T101019_N9999_R022_T34WFS_50_32,Coniferous forest,1.0,3.0
S2B_MSIL2A_20170906T101019_N9999_R022_T34WFS_50_62,Arable land,0.0,1.0
S2B_MSIL2A_20170906T101019_N9999_R022_T34WFS_50_77,Coniferous forest,1.0,1.0
S2B_MSIL2A_20170906T101019_N9999_R022_T34WFS_51_15,Marine waters,3.0,3.0
S2B_MSIL2A_20170906T101019_N9999_R022_T34WFS_51_46,Arable land,0.0,0.0
S2B_MSIL2A_20170906T101019_N9999_R022_T34WFS_51_63,Arable land,0.0,2.0
S2B_MSIL2A_20170906T101019_N9999_R022_T34WFS_52_59,Arable land,0.0,0.0
S2B_MSIL2A_20170906T101019_N9999_R022_T34WFS_54_50,Coniferous forest,1.0,1.0
S2B_MSIL2A_20170906T101019_N9999_R022_T34WFS_55_06,Marine waters,3.0,3.0
S2B_MSIL2A_20170906T101019_N9999_R022_T34WFS_55_21,Broad-leaved forest,2.0,0.0
S2B_MSIL2A_20170906T101019_N9999_R022_T34WFS_55_88,Arable land,0.0,0.0
S2B_MSIL2A_20170906T101019_N9999_R022_T34WFS_57_01,Marine waters,3.0,3.0
S2B_MSIL2A_20170906T101019_N9999_R022_T34WFS_57_03,Marine waters,3.0,3.0
S2B_MSIL2A_20170906T101019_N9999_R022_T34WFS_57_47,Coniferous forest,1.0,1.0
S2B_MSIL2A_20170906T101019_N9999_R022_T34WFS_58_04,Arable land,0.0,3.0
S2B_MSIL2A_20170906T101019_N9999_R022_T34WFS_58_36,Coniferous forest,1.0,1.0
S2B_MSIL2A_20170906T101019_N9999_R022_T34WFS_58_54,Coniferous forest,1.0,1.0
S2B_MSIL2A_20170906T101019_N9999_R022_T34WFS_60_02,Marine waters,3.0,3.0
S2B_MSIL2A_20170906T101019_N9999_R022_T34WFS_61_43,Broad-leaved forest,2.0,1.0
S2B_MSIL2A_20170906T101019_N9999_R022_T34WFS_61_50,Arable land,0.0,1.0
S2B_MSIL2A_20170906T101019_N9999_R022_T34WFS_63_65,Mixed forest,9.0,1.0
S2B_MSIL2A_20170906T101019_N9999_R022_T34WFS_64_36,Coniferous forest,1.0,1.0
S2B_MSIL2A_20170906T101019_N9999_R022_T34WFS_64_54,Coniferous forest,1.0,1.0
S2B_MSIL2A_20170906T101019_N9999_R022_T34WFS_64_81,Coniferous forest,1.0,1.0
S2B_MSIL2A_20170906T101019_N9999_R022_T34WFS_65_33,Coniferous forest,1.0,1.0
S2B_MSIL2A_20170906T101019_N9999_R022_T34WFS_65_43,Coniferous forest,1.0,1.0
S2B_MSIL2A_20170906T101019_N9999_R022_T34WFS_65_64,Arable land,0.0,1.0
S2B_MSIL2A_20170906T101019_N9999_R022_T34WFS_66_17,Coniferous forest,1.0,1.0
S2B_MSIL2A_20170906T101019_N9999_R022_T34WFS_66_29,Coniferous forest,1.0,1.0
S2B_MSIL2A_20170906T101019_N9999_R022_T34WFS_66_76,Arable land,0.0,0.0
S2B_MSIL2A_20170906T101019_N9999_R022_T34WFS_67_05,Arable land,0.0,0.0
S2B_MSIL2A_20170906T101019_N9999_R022_T34WFS_67_51,Coniferous forest,1.0,1.0
S2B_MSIL2A_20170906T101019_N9999_R022_T34WFS_68_42,Mixed forest,9.0,1.0
S2B_MSIL2A_20170906T101019_N9999_R022_T34WFS_68_46,Coniferous forest,1.0,1.0
S2B_MSIL2A_20170906T101019_N9999_R022_T34WFS_68_69,Arable land,0.0,0.0
S2B_MSIL2A_20170906T101019_N9999_R022_T34WFS_69_34,Coniferous forest,1.0,1.0
S2B_MSIL2A_20170906T101019_N9999_R022_T34WFS_69_38,Inland wetlands,10.0,1.0
S2B_MSIL2A_20170906T101019_N9999_R022_T34WFS_69_71,Arable land,0.0,1.0
S2B_MSIL2A_20170906T101019_N9999_R022_T34WFS_70_26,Coniferous forest,1.0,1.0
S2B_MSIL2A_20170906T101019_N9999_R022_T34WFS_70_65,Coniferous forest,1.0,1.0
S2B_MSIL2A_20170906T101019_N9999_R022_T34WFS_71_13,Arable land,0.0,0.0
S2B_MSIL2A_20170906T101019_N9999_R022_T34WFS_71_60,Coniferous forest,1.0,1.0
S2B_MSIL2A_20170906T101019_N9999_R022_T34WFS_71_63,Arable land,0.0,1.0
S2B_MSIL2A_20170906T101019_N9999_R022_T34WFS_71_90,Coniferous forest,1.0,1.0
S2B_MSIL2A_20170906T101019_N9999_R022_T34WFS_72_03,Coniferous forest,1.0,1.0
S2B_MSIL2A_20170906T101019_N9999_R022_T34WFS_73_12,Arable land,0.0,0.0
S2B_MSIL2A_20170906T101019_N9999_R022_T34WFS_73_52,Coniferous forest,1.0,0.0
S2B_MSIL2A_20170906T101019_N9999_R022_T34WFS_74_32,Broad-leaved forest,2.0,0.0
S2B_MSIL2A_20170906T101019_N9999_R022_T34WFS_75_34,Coniferous forest,1.0,1.0
S2B_MSIL2A_20170906T101019_N9999_R022_T34WFS_77_50,Coniferous forest,1.0,1.0
S2B_MSIL2A_20170906T101019_N9999_R022_T34WFS_77_63,Coniferous forest,1.0,1.0
S2B_MSIL2A_20170906T101019_N9999_R022_T34WFS_77_81,Coniferous forest,1.0,1.0
S2B_MSIL2A_20170906T101019_N9999_R022_T34WFS_79_25,Arable land,0.0,0.0
S2B_MSIL2A_20170906T101019_N9999_R022_T34WFS_79_78,Coniferous forest,1.0,1.0
S2B_MSIL2A_20170906T101019_N9999_R022_T34WFS_80_35,Arable land,0.0,1.0
S2B_MSIL2A_20170906T101019_N9999_R022_T34WFS_81_06,Arable land,0.0,0.0
S2B_MSIL2A_20170906T101019_N9999_R022_T34WFS_81_09,Coniferous forest,1.0,1.0
S2B_MSIL2A_20170906T101019_N9999_R022_T34WFS_81_21,Arable land,0.0,0.0
S2B_MSIL2A_20170906T101019_N9999_R022_T34WFS_81_23,Arable land,0.0,0.0
S2B_MSIL2A_20170906T101019_N9999_R022_T34WFS_81_77,Arable land,0.0,1.0
S2B_MSIL2A_20170906T101019_N9999_R022_T34WFS_82_00,Arable land,0.0,0.0
S2B_MSIL2A_20170906T101019_N9999_R022_T34WFS_82_36,Arable land,0.0,0.0
S2B_MSIL2A_20170906T101019_N9999_R022_T34WFS_83_05,Arable land,0.0,1.0
S2B_MSIL2A_20170906T101019_N9999_R022_T34WFS_83_50,Arable land,0.0,1.0
S2B_MSIL2A_20170906T101019_N9999_R022_T34WFS_84_60,Coniferous forest,1.0,1.0
S2B_MSIL2A_20170906T101019_N9999_R022_T34WFS_84_69,Coniferous forest,1.0,1.0
S2B_MSIL2A_20170906T101019_N9999_R022_T34WFS_85_02,Arable land,0.0,0.0
S2B_MSIL2A_20170906T101019_N9999_R022_T34WFS_85_52,Inland wetlands,10.0,1.0
S2B_MSIL2A_20170906T101019_N9999_R022_T34WFS_86_20,Coniferous forest,1.0,1.0
S2B_MSIL2A_20170906T101019_N9999_R022_T34WFS_86_33,Coniferous forest,1.0,1.0
S2B_MSIL2A_20170906T101019_N9999_R022_T34WFS_86_66,Arable land,0.0,1.0
S2B_MSIL2A_20170906T101019_N9999_R022_T34WFS_88_25,Arable land,0.0,1.0
S2B_MSIL2A_20170906T101019_N9999_R022_T34WFS_88_34,Coniferous forest,1.0,1.0
S2B_MSIL2A_20170906T101019_N9999_R022_T34WFS_88_39,Broad-leaved forest,2.0,1.0
S2B_MSIL2A_20170906T101019_N9999_R022_T34WFS_89_09,Coniferous forest,1.0,1.0
S2B_MSIL2A_20170906T101019_N9999_R022_T34WFS_89_76,Coniferous forest,1.0,1.0
S2B_MSIL2A_20170906T101019_N9999_R022_T34WFS_89_77,Mixed forest,9.0,1.0
S2B_MSIL2A_20170911T092019_N9999_R093_T34TFN_00_58,Broad-leaved forest,2.0,2.0
S2B_MSIL2A_20170911T092019_N9999_R093_T34TFN_00_64,Broad-leaved forest,2.0,2.0
S2B_MSIL2A_20170911T092019_N9999_R093_T34TFN_00_69,Broad-leaved forest,2.0,2.0
S2B_MSIL2A_20170911T092019_N9999_R093_T34TFN_03_03,Broad-leaved forest,2.0,2.0
S2B_MSIL2A_20170911T092019_N9999_R093_T34TFN_03_66,Broad-leaved forest,2.0,2.0
S2B_MSIL2A_20170911T092019_N9999_R093_T34TFN_03_73,Broad-leaved forest,2.0,2.0
S2B_MSIL2A_20170911T092019_N9999_R093_T34TFN_04_17,Broad-leaved forest,2.0,2.0
S2B_MSIL2A_20170911T092019_N9999_R093_T34TFN_04_25,Broad-leaved forest,2.0,2.0
S2B_MSIL2A_20170911T092019_N9999_R093_T34TFN_06_63,Broad-leaved forest,2.0,2.0
S2B_MSIL2A_20170911T092019_N9999_R093_T34TFN_07_05,Broad-leaved forest,2.0,2.0
S2B_MSIL2A_20170911T092019_N9999_R093_T34TFN_07_23,Broad-leaved forest,2.0,2.0
S2B_MSIL2A_20170911T092019_N9999_R093_T34TFN_07_84,Broad-leaved forest,2.0,2.0
S2B_MSIL2A_20170911T092019_N9999_R093_T34TFN_08_00,Broad-leaved forest,2.0,2.0
S2B_MSIL2A_20170911T092019_N9999_R093_T34TFN_08_90,Broad-leaved forest,2.0,2.0
S2B_MSIL2A_20170911T092019_N9999_R093_T34TFN_09_90,Broad-leaved forest,2.0,2.0
S2B_MSIL2A_20170911T092019_N9999_R093_T34TFN_10_47,Broad-leaved forest,2.0,2.0
S2B_MSIL2A_20170911T092019_N9999_R093_T34TFN_10_68,Mixed forest,9.0,2.0
S2B_MSIL2A_20170911T092019_N9999_R093_T34TFN_11_81,Broad-leaved forest,2.0,2.0
S2B_MSIL2A_20170911T092019_N9999_R093_T34TFN_12_46,Broad-leaved forest,2.0,2.0
S2B_MSIL2A_20170911T092019_N9999_R093_T34TFN_12_56,Broad-leaved forest,2.0,2.0
S2B_MSIL2A_20170911T092019_N9999_R093_T34TFN_12_57,Broad-leaved forest,2.0,2.0
S2B_MSIL2A_20170911T092019_N9999_R093_T34TFN_13_47,Broad-leaved forest,2.0,2.0
S2B_MSIL2A_20170911T092019_N9999_R093_T34TFN_13_61,Broad-leaved forest,2.0,2.0
S2B_MSIL2A_20170911T092019_N9999_R093_T34TFN_15_10,Arable land,0.0,0.0
S2B_MSIL2A_20170911T092019_N9999_R093_T34TFN_15_51,Broad-leaved forest,2.0,0.0
S2B_MSIL2A_20170911T092019_N9999_R093_T34TFN_16_34,Broad-leaved forest,2.0,2.0
S2B_MSIL2A_20170911T092019_N9999_R093_T34TFN_18_03,Broad-leaved forest,2.0,2.0
S2B_MSIL2A_20170911T092019_N9999_R093_T34TFN_20_40,Broad-leaved forest,2.0,2.0
S2B_MSIL2A_20170911T092019_N9999_R093_T34TFN_20_75,Arable land,0.0,4.0
S2B_MSIL2A_20170911T092019_N9999_R093_T34TFN_21_00,Broad-leaved forest,2.0,2.0
S2B_MSIL2A_20170911T092019_N9999_R093_T34TFN_21_12,Broad-leaved forest,2.0,0.0
S2B_MSIL2A_20170911T092019_N9999_R093_T34TFN_22_22,Pastures,7.0,2.0
S2B_MSIL2A_20170911T092019_N9999_R093_T34TFN_22_25,Broad-leaved forest,2.0,2.0
S2B_MSIL2A_20170911T092019_N9999_R093_T34TFN_23_44,Broad-leaved forest,2.0,2.0
S2B_MSIL2A_20170911T092019_N9999_R093_T34TFN_25_06,Broad-leaved forest,2.0,0.0
S2B_MSIL2A_20170911T092019_N9999_R093_T34TFN_26_18,Arable land,0.0,4.0
S2B_MSIL2A_20170911T092019_N9999_R093_T34TFN_26_22,Arable land,0.0,0.0
S2B_MSIL2A_20170911T092019_N9999_R093_T34TFN_27_06,Broad-leaved forest,2.0,0.0
S2B_MSIL2A_20170911T092019_N9999_R093_T34TFN_28_00,Broad-leaved forest,2.0,2.0
S2B_MSIL2A_20170911T092019_N9999_R093_T34TFN_30_22,Arable land,0.0,0.0
S2B_MSIL2A_20170911T092019_N9999_R093_T34TFN_30_23,Arable land,0.0,0.0
S2B_MSIL2A_20170911T092019_N9999_R093_T34TFN_30_34,Broad-leaved forest,2.0,2.0
S2B_MSIL2A_20170911T092019_N9999_R093_T34TFN_36_06,Broad-leaved forest,2.0,2.0
S2B_MSIL2A_20170911T092019_N9999_R093_T34TFN_39_08,Broad-leaved forest,2.0,4.0
S2B_MSIL2A_20170911T092019_N9999_R093_T34TFN_39_17,Broad-leaved forest,2.0,1.0
S2B_MSIL2A_20170911T092019_N9999_R093_T34TFN_41_21,Arable land,0.0,2.0
S2B_MSIL2A_20170911T092019_N9999_R093_T34TFN_42_26,"Land principally occupied by agriculture, with significant areas of natural vegetation",8.0,2.0
S2B_MSIL2A_20170911T092019_N9999_R093_T34TFN_43_16,Broad-leaved forest,2.0,2.0
S2B_MSIL2A_20170911T092019_N9999_R093_T34TFN_44_17,Coniferous forest,1.0,2.0
S2B_MSIL2A_20170911T092019_N9999_R093_T34TFN_44_28,Arable land,0.0,2.0
S2B_MSIL2A_20170911T092019_N9999_R093_T34TFN_48_18,Broad-leaved forest,2.0,2.0
S2B_MSIL2A_20170911T092019_N9999_R093_T34TFN_50_12,Broad-leaved forest,2.0,2.0
S2B_MSIL2A_20170914T093029_N9999_R136_T34TEP_00_70,Broad-leaved forest,2.0,2.0
S2B_MSIL2A_20170914T093029_N9999_R136_T34TEP_00_72,Broad-leaved forest,2.0,2.0
S2B_MSIL2A_20170914T093029_N9999_R136_T34TEP_00_76,Broad-leaved forest,2.0,2.0
S2B_MSIL2A_20170914T093029_N9999_R136_T34TEP_01_73,Broad-leaved forest,2.0,2.0
S2B_MSIL2A_20170914T093029_N9999_R136_T34TEP_02_16,Broad-leaved forest,2.0,2.0
S2B_MSIL2A_20170914T093029_N9999_R136_T34TEP_02_66,Broad-leaved forest,2.0,2.0
S2B_MSIL2A_20170914T093029_N9999_R136_T34TEP_03_09,Arable land,0.0,0.0
S2B_MSIL2A_20170914T093029_N9999_R136_T34TEP_03_47,Complex cultivation patterns,5.0,2.0
S2B_MSIL2A_20170914T093029_N9999_R136_T34TEP_03_76,Broad-leaved forest,2.0,2.0
S2B_MSIL2A_20170914T093029_N9999_R136_T34TEP_04_73,Complex cultivation patterns,5.0,0.0
S2B_MSIL2A_20170914T093029_N9999_R136_T34TEP_05_17,Broad-leaved forest,2.0,2.0
S2B_MSIL2A_20170914T093029_N9999_R136_T34TEP_05_37,Arable land,0.0,2.0
S2B_MSIL2A_20170914T093029_N9999_R136_T34TEP_05_40,Complex cultivation patterns,5.0,2.0
S2B_MSIL2A_20170914T093029_N9999_R136_T34TEP_06_21,Broad-leaved forest,2.0,2.0
S2B_MSIL2A_20170914T093029_N9999_R136_T34TEP_06_50,Complex cultivation patterns,5.0,0.0
S2B_MSIL2A_20170914T093029_N9999_R136_T34TEP_07_67,Arable land,0.0,0.0
S2B_MSIL2A_20170914T093029_N9999_R136_T34TEP_08_38,Arable land,0.0,0.0
S2B_MSIL2A_20170914T093029_N9999_R136_T34TEP_09_13,Complex cultivation patterns,5.0,0.0
S2B_MSIL2A_20170914T093029_N9999_R136_T34TEP_09_31,Complex cultivation patterns,5.0,0.0
S2B_MSIL2A_20170914T093029_N9999_R136_T34TEP_09_51,Broad-leaved forest,2.0,2.0
S2B_MSIL2A_20170914T093029_N9999_R136_T34TEP_10_35,Arable land,0.0,2.0
S2B_MSIL2A_20170914T093029_N9999_R136_T34TEP_11_06,Arable land,0.0,0.0
S2B_MSIL2A_20170914T093029_N9999_R136_T34TEP_12_19,Arable land,0.0,2.0
S2B_MSIL2A_20170914T093029_N9999_R136_T34TEP_12_53,Broad-leaved forest,2.0,0.0
S2B_MSIL2A_20170914T093029_N9999_R136_T34TEP_13_16,Broad-leaved forest,2.0,0.0
S2B_MSIL2A_20170914T093029_N9999_R136_T34TEP_13_52,Broad-leaved forest,2.0,0.0
S2B_MSIL2A_20170914T093029_N9999_R136_T34TEP_13_54,Arable land,0.0,0.0
S2B_MSIL2A_20170914T093029_N9999_R136_T34TEP_13_58,Broad-leaved forest,2.0,0.0
S2B_MSIL2A_20170914T093029_N9999_R136_T34TEP_13_79,Broad-leaved forest,2.0,2.0
S2B_MSIL2A_20170914T093029_N9999_R136_T34TEP_13_87,Broad-leaved forest,2.0,2.0
S2B_MSIL2A_20170914T093029_N9999_R136_T34TEP_14_22,Arable land,0.0,2.0
S2B_MSIL2A_20170914T093029_N9999_R136_T34TEP_15_15,Broad-leaved forest,2.0,2.0
S2B_MSIL2A_20170914T093029_N9999_R136_T34TEP_15_30,Arable land,0.0,0.0
S2B_MSIL2A_20170914T093029_N9999_R136_T34TEP_15_62,Arable land,0.0,0.0
S2B_MSIL2A_20170914T093029_N9999_R136_T34TEP_16_43,Broad-leaved forest,2.0,2.0
S2B_MSIL2A_20170914T093029_N9999_R136_T34TEP_16_45,Broad-leaved forest,2.0,2.0
S2B_MSIL2A_20170914T093029_N9999_R136_T34TEP_17_01,Arable land,0.0,2.0
S2B_MSIL2A_20170914T093029_N9999_R136_T34TEP_17_41,Broad-leaved forest,2.0,2.0
S2B_MSIL2A_20170914T093029_N9999_R136_T34TEP_17_76,Broad-leaved forest,2.0,2.0
S2B_MSIL2A_20170914T093029_N9999_R136_T34TEP_18_01,Complex cultivation patterns,5.0,0.0
S2B_MSIL2A_20170914T093029_N9999_R136_T34TEP_18_25,Arable land,0.0,0.0
S2B_MSIL2A_20170914T093029_N9999_R136_T34TEP_18_29,Broad-leaved forest,2.0,1.0
S2B_MSIL2A_20170914T093029_N9999_R136_T34TEP_18_37,Broad-leaved forest,2.0,2.0
S2B_MSIL2A_20170914T093029_N9999_R136_T34TEP_18_47,Arable land,0.0,0.0
S2B_MSIL2A_20170914T093029_N9999_R136_T34TEP_18_57,Arable land,0.0,0.0
S2B_MSIL2A_20170914T093029_N9999_R136_T34TEP_18_65,Broad-leaved forest,2.0,2.0
S2B_MSIL2A_20170914T093029_N9999_R136_T34TEP_18_76,Broad-leaved forest,2.0,2.0
S2B_MSIL2A_20170914T093029_N9999_R136_T34TEP_19_26,Arable land,0.0,0.0
S2B_MSIL2A_20170914T093029_N9999_R136_T34TEP_19_31,Broad-leaved forest,2.0,2.0
S2B_MSIL2A_20170914T093029_N9999_R136_T34TEP_19_36,Broad-leaved forest,2.0,2.0
S2B_MSIL2A_20170914T093029_N9999_R136_T34TEP_19_60,Arable land,0.0,0.0
S2B_MSIL2A_20170914T093029_N9999_R136_T34TEP_19_72,Broad-leaved forest,2.0,2.0
S2B_MSIL2A_20170914T093029_N9999_R136_T34TEP_20_26,Arable land,0.0,0.0
S2B_MSIL2A_20170914T093029_N9999_R136_T34TEP_20_29,Broad-leaved forest,2.0,2.0
S2B_MSIL2A_20170914T093029_N9999_R136_T34TEP_20_48,Arable land,0.0,0.0
S2B_MSIL2A_20170914T093029_N9999_R136_T34TEP_20_87,Broad-leaved forest,2.0,2.0
S2B_MSIL2A_20170914T093029_N9999_R136_T34TEP_21_16,Arable land,0.0,2.0
S2B_MSIL2A_20170914T093029_N9999_R136_T34TEP_21_49,Arable land,0.0,0.0
S2B_MSIL2A_20170914T093029_N9999_R136_T34TEP_22_09,Complex cultivation patterns,5.0,0.0
S2B_MSIL2A_20170914T093029_N9999_R136_T34TEP_22_57,Broad-leaved forest,2.0,2.0
S2B_MSIL2A_20170914T093029_N9999_R136_T34TEP_24_82,Broad-leaved forest,2.0,2.0
S2B_MSIL2A_20170914T093029_N9999_R136_T34TEP_25_22,Arable land,0.0,0.0
S2B_MSIL2A_20170914T093029_N9999_R136_T34TEP_25_47,Arable land,0.0,0.0
S2B_MSIL2A_20170914T093029_N9999_R136_T34TEP_26_09,Complex cultivation patterns,5.0,0.0
S2B_MSIL2A_20170914T093029_N9999_R136_T34TEP_28_20,Broad-leaved forest,2.0,0.0
S2B_MSIL2A_20170914T093029_N9999_R136_T34TEP_28_48,Arable land,0.0,0.0
S2B_MSIL2A_20170914T093029_N9999_R136_T34TEP_28_89,Complex cultivation patterns,5.0,0.0
S2B_MSIL2A_20170914T093029_N9999_R136_T34TEP_29_37,Arable land,0.0,0.0
S2B_MSIL2A_20170914T093029_N9999_R136_T34TEP_29_39,Arable land,0.0,0.0
S2B_MSIL2A_20170914T093029_N9999_R136_T34TEP_29_56,Broad-leaved forest,2.0,1.0
S2B_MSIL2A_20170914T093029_N9999_R136_T34TEP_30_06,Broad-leaved forest,2.0,2.0
S2B_MSIL2A_20170914T093029_N9999_R136_T34TEP_31_13,Broad-leaved forest,2.0,1.0
S2B_MSIL2A_20170914T093029_N9999_R136_T34TEP_31_31,Arable land,0.0,0.0
S2B_MSIL2A_20170914T093029_N9999_R136_T34TEP_31_85,Broad-leaved forest,2.0,2.0
S2B_MSIL2A_20170914T093029_N9999_R136_T34TEP_33_06,Broad-leaved forest,2.0,2.0
S2B_MSIL2A_20170914T093029_N9999_R136_T34TEP_33_42,Arable land,0.0,2.0
S2B_MSIL2A_20170914T093029_N9999_R136_T34TEP_33_65,Arable land,0.0,0.0
S2B_MSIL2A_20170914T093029_N9999_R136_T34TEP_34_64,Arable land,0.0,4.0
S2B_MSIL2A_20170914T093029_N9999_R136_T34TEP_34_83,Broad-leaved forest,2.0,2.0
S2B_MSIL2A_20170914T093029_N9999_R136_T34TEP_35_42,Arable land,0.0,0.0
S2B_MSIL2A_20170914T093029_N9999_R136_T34TEP_37_25,Broad-leaved forest,2.0,2.0
S2B_MSIL2A_20170914T093029_N9999_R136_T34TEP_38_28,Broad-leaved forest,2.0,2.0
S2B_MSIL2A_20170914T093029_N9999_R136_T34TEP_39_51,Arable land,0.0,0.0
S2B_MSIL2A_20170914T093029_N9999_R136_T34TEP_39_66,Arable land,0.0,2.0
S2B_MSIL2A_20170914T093029_N9999_R136_T34TEP_40_00,Broad-leaved forest,2.0,2.0
S2B_MSIL2A_20170914T093029_N9999_R136_T34TEP_40_71,Arable land,0.0,0.0
S2B_MSIL2A_20170914T093029_N9999_R136_T34TEP_42_13,Complex cultivation patterns,5.0,2.0
S2B_MSIL2A_20170914T093029_N9999_R136_T34TEP_42_15,Broad-leaved forest,2.0,2.0
S2B_MSIL2A_20170914T093029_N9999_R136_T34TEP_42_41,Broad-leaved forest,2.0,2.0
S2B_MSIL2A_20170914T093029_N9999_R136_T34TEP_42_52,Broad-leaved forest,2.0,2.0
S2B_MSIL2A_20170914T093029_N9999_R136_T34TEP_42_60,Arable land,0.0,0.0
S2B_MSIL2A_20170914T093029_N9999_R136_T34TEP_42_72,Arable land,0.0,0.0
S2B_MSIL2A_20170914T093029_N9999_R136_T34TEP_43_16,Broad-leaved forest,2.0,2.0
S2B_MSIL2A_20170914T093029_N9999_R136_T34TEP_44_30,Broad-leaved forest,2.0,2.0
S2B_MSIL2A_20170914T093029_N9999_R136_T34TEP_44_37,Broad-leaved forest,2.0,2.0
S2B_MSIL2A_20170914T093029_N9999_R136_T34TEP_45_38,Broad-leaved forest,2.0,2.0
S2B_MSIL2A_20170914T093029_N9999_R136_T34TEP_48_42,Broad-leaved forest,2.0,2.0
S2B_MSIL2A_20170914T093029_N9999_R136_T34TEP_49_21,Broad-leaved forest,2.0,2.0
S2B_MSIL2A_20170914T093029_N9999_R136_T34TEP_49_25,Broad-leaved forest,2.0,2.0
S2B_MSIL2A_20170914T093029_N9999_R136_T34TEP_49_71,Arable land,0.0,4.0
S2B_MSIL2A_20170914T093029_N9999_R136_T34TEP_50_70,Arable land,0.0,0.0
S2B_MSIL2A_20170914T093029_N9999_R136_T34TEP_51_20,Broad-leaved forest,2.0,2.0
S2B_MSIL2A_20170914T093029_N9999_R136_T34TEP_52_19,Broad-leaved forest,2.0,2.0
S2B_MSIL2A_20170914T093029_N9999_R136_T34TEP_52_35,Broad-leaved forest,2.0,1.0
S2B_MSIL2A_20170914T093029_N9999_R136_T34TEP_53_01,Complex cultivation patterns,5.0,0.0
S2B_MSIL2A_20170914T093029_N9999_R136_T34TEP_53_03,Complex cultivation patterns,5.0,0.0
S2B_MSIL2A_20170914T093029_N9999_R136_T34TEP_53_08,Broad-leaved forest,2.0,2.0
S2B_MSIL2A_20170914T093029_N9999_R136_T34TEP_53_50,Arable land,0.0,0.0
S2B_MSIL2A_20170914T093029_N9999_R136_T34TEP_54_18,Broad-leaved forest,2.0,2.0
S2B_MSIL2A_20170914T093029_N9999_R136_T34TEP_55_16,Broad-leaved forest,2.0,2.0
S2B_MSIL2A_20170914T093029_N9999_R136_T34TEP_55_85,Arable land,0.0,0.0
S2B_MSIL2A_20170914T093029_N9999_R136_T34TEP_55_87,Arable land,0.0,0.0
S2B_MSIL2A_20170914T093029_N9999_R136_T34TEP_57_34,Broad-leaved forest,2.0,2.0
S2B_MSIL2A_20170914T093029_N9999_R136_T34TEP_57_65,Broad-leaved forest,2.0,2.0
S2B_MSIL2A_20170914T093029_N9999_R136_T34TEP_57_74,Arable land,0.0,2.0
S2B_MSIL2A_20170914T093029_N9999_R136_T34TEP_58_26,Broad-leaved forest,2.0,2.0
S2B_MSIL2A_20170914T093029_N9999_R136_T34TEP_59_07,Broad-leaved forest,2.0,2.0
S2B_MSIL2A_20170914T093029_N9999_R136_T34TEP_60_31,Broad-leaved forest,2.0,1.0
S2B_MSIL2A_20170914T093029_N9999_R136_T34TEP_60_43,Broad-leaved forest,2.0,1.0
S2B_MSIL2A_20170914T093029_N9999_R136_T34TEP_61_01,Broad-leaved forest,2.0,2.0
S2B_MSIL2A_20170914T093029_N9999_R136_T34TEP_62_33,Arable land,0.0,0.0
S2B_MSIL2A_20170914T093029_N9999_R136_T34TEP_63_20,Broad-leaved forest,2.0,0.0
S2B_MSIL2A_20170914T093029_N9999_R136_T34TEP_63_57,Broad-leaved forest,2.0,2.0
S2B_MSIL2A_20170914T093029_N9999_R136_T34TEP_63_78,Broad-leaved forest,2.0,1.0
S2B_MSIL2A_20170914T093029_N9999_R136_T34TEP_65_52,Arable land,0.0,2.0
S2B_MSIL2A_20170914T093029_N9999_R136_T34TEP_65_85,Broad-leaved forest,2.0,0.0
S2B_MSIL2A_20170914T093029_N9999_R136_T34TEP_66_29,Arable land,0.0,0.0
S2B_MSIL2A_20170914T093029_N9999_R136_T34TEP_68_36,Complex cultivation patterns,5.0,0.0
S2B_MSIL2A_20170914T093029_N9999_R136_T34TEP_68_65,Natural grassland and sparsely vegetated areas,18.0,4.0
S2B_MSIL2A_20170914T093029_N9999_R136_T34TEP_68_74,Arable land,0.0,4.0
S2B_MSIL2A_20170914T093029_N9999_R136_T34TEP_69_36,Broad-leaved forest,2.0,2.0
S2B_MSIL2A_20170914T093029_N9999_R136_T34TEP_69_58,Broad-leaved forest,2.0,2.0
S2B_MSIL2A_20170914T093029_N9999_R136_T34TEP_69_80,Broad-leaved forest,2.0,2.0
S2B_MSIL2A_20170914T093029_N9999_R136_T34TEP_70_10,Broad-leaved forest,2.0,2.0
S2B_MSIL2A_20170914T093029_N9999_R136_T34TEP_70_13,Broad-leaved forest,2.0,2.0
S2B_MSIL2A_20170914T093029_N9999_R136_T34TEP_70_21,Broad-leaved forest,2.0,2.0
S2B_MSIL2A_20170914T093029_N9999_R136_T34TEP_70_41,Broad-leaved forest,2.0,0.0
S2B_MSIL2A_20170914T093029_N9999_R136_T34TEP_70_52,Broad-leaved forest,2.0,2.0
S2B_MSIL2A_20170914T093029_N9999_R136_T34TEP_70_60,Broad-leaved forest,2.0,2.0
S2B_MSIL2A_20170914T093029_N9999_R136_T34TEP_71_43,Broad-leaved forest,2.0,0.0
S2B_MSIL2A_20170914T093029_N9999_R136_T34TEP_71_47,Broad-leaved forest,2.0,2.0
S2B_MSIL2A_20170914T093029_N9999_R136_T34TEP_72_58,Broad-leaved forest,2.0,1.0
S2B_MSIL2A_20170914T093029_N9999_R136_T34TEP_74_77,Complex cultivation patterns,5.0,2.0
S2B_MSIL2A_20170914T093029_N9999_R136_T34TEP_74_88,Broad-leaved forest,2.0,0.0
S2B_MSIL2A_20170914T093029_N9999_R136_T34TEP_75_04,Broad-leaved forest,2.0,2.0
S2B_MSIL2A_20170914T093029_N9999_R136_T34TEP_75_08,Broad-leaved forest,2.0,2.0
S2B_MSIL2A_20170914T093029_N9999_R136_T34TEP_75_18,Broad-leaved forest,2.0,0.0
S2B_MSIL2A_20170914T093029_N9999_R136_T34TEP_75_86,Broad-leaved forest,2.0,1.0
S2B_MSIL2A_20170914T093029_N9999_R136_T34TEP_76_87,Broad-leaved forest,2.0,1.0
S2B_MSIL2A_20170914T093029_N9999_R136_T34TEP_77_29,Broad-leaved forest,2.0,0.0
S2B_MSIL2A_20170914T093029_N9999_R136_T34TEP_77_88,Broad-leaved forest,2.0,2.0
S2B_MSIL2A_20170914T093029_N9999_R136_T34TEP_78_06,Broad-leaved forest,2.0,2.0
S2B_MSIL2A_20170914T093029_N9999_R136_T34TEP_78_77,Broad-leaved forest,2.0,2.0
S2B_MSIL2A_20170914T093029_N9999_R136_T34TEP_79_01,Broad-leaved forest,2.0,2.0
S2B_MSIL2A_20170914T093029_N9999_R136_T34TEP_80_63,Complex cultivation patterns,5.0,2.0
S2B_MSIL2A_20170914T093029_N9999_R136_T34TEP_80_86,Arable land,0.0,0.0
S2B_MSIL2A_20170914T093029_N9999_R136_T34TEP_81_70,Broad-leaved forest,2.0,1.0
S2B_MSIL2A_20170914T093029_N9999_R136_T34TEP_82_45,Complex cultivation patterns,5.0,2.0
S2B_MSIL2A_20170914T093029_N9999_R136_T34TEP_82_54,Broad-leaved forest,2.0,2.0
S2B_MSIL2A_20170914T093029_N9999_R136_T34TEP_83_06,Broad-leaved forest,2.0,2.0
S2B_MSIL2A_20170914T093029_N9999_R136_T34TEP_83_64,Broad-leaved forest,2.0,2.0
S2B_MSIL2A_20170914T093029_N9999_R136_T34TEP_83_75,Complex cultivation patterns,5.0,2.0
S2B_MSIL2A_20170914T093029_N9999_R136_T34TEP_84_15,Broad-leaved forest,2.0,0.0
S2B_MSIL2A_20170914T093029_N9999_R136_T34TEP_84_84,Broad-leaved forest,2.0,2.0
S2B_MSIL2A_20170914T093029_N9999_R136_T34TEP_85_23,Complex cultivation patterns,5.0,0.0
S2B_MSIL2A_20170914T093029_N9999_R136_T34TEP_85_30,Complex cultivation patterns,5.0,0.0
S2B_MSIL2A_20170914T093029_N9999_R136_T34TEP_85_75,Broad-leaved forest,2.0,1.0
S2B_MSIL2A_20170914T093029_N9999_R136_T34TEP_87_89,Broad-leaved forest,2.0,2.0
S2B_MSIL2A_20170914T093029_N9999_R136_T34TEP_88_90,Broad-leaved forest,2.0,2.0
S2B_MSIL2A_20170914T093029_N9999_R136_T34TEP_89_71,Broad-leaved forest,2.0,2.0
S2B_MSIL2A_20170914T093029_N9999_R136_T34TEQ_01_21,Broad-leaved forest,2.0,1.0
S2B_MSIL2A_20170914T093029_N9999_R136_T34TEQ_01_33,Arable land,0.0,0.0
S2B_MSIL2A_20170914T093029_N9999_R136_T34TEQ_01_40,Arable land,0.0,2.0
S2B_MSIL2A_20170914T093029_N9999_R136_T34TEQ_01_62,Arable land,0.0,0.0
S2B_MSIL2A_20170914T093029_N9999_R136_T34TEQ_02_22,Broad-leaved forest,2.0,1.0
S2B_MSIL2A_20170914T093029_N9999_R136_T34TEQ_02_49,Arable land,0.0,0.0
S2B_MSIL2A_20170914T093029_N9999_R136_T34TEQ_02_61,Arable land,0.0,0.0
S2B_MSIL2A_20170914T093029_N9999_R136_T34TEQ_03_32,Arable land,0.0,0.0
S2B_MSIL2A_20170914T093029_N9999_R136_T34TEQ_03_59,Arable land,0.0,0.0
S2B_MSIL2A_20170914T093029_N9999_R136_T34TEQ_04_14,Arable land,0.0,0.0
S2B_MSIL2A_20170914T093029_N9999_R136_T34TEQ_04_15,Arable land,0.0,0.0
S2B_MSIL2A_20170914T093029_N9999_R136_T34TEQ_04_28,Arable land,0.0,0.0
S2B_MSIL2A_20170914T093029_N9999_R136_T34TEQ_04_75,Arable land,0.0,0.0
S2B_MSIL2A_20170914T093029_N9999_R136_T34TEQ_06_37,Arable land,0.0,0.0
S2B_MSIL2A_20170914T093029_N9999_R136_T34TEQ_07_12,Arable land,0.0,0.0
S2B_MSIL2A_20170914T093029_N9999_R136_T34TEQ_07_48,Arable land,0.0,0.0
S2B_MSIL2A_20170914T093029_N9999_R136_T34TEQ_07_51,Arable land,0.0,0.0
S2B_MSIL2A_20170914T093029_N9999_R136_T34TEQ_07_64,Arable land,0.0,0.0
S2B_MSIL2A_20170914T093029_N9999_R136_T34TEQ_09_05,Arable land,0.0,0.0
S2B_MSIL2A_20170914T093029_N9999_R136_T34TEQ_09_32,Arable land,0.0,0.0
S2B_MSIL2A_20170914T093029_N9999_R136_T34TEQ_11_12,Arable land,0.0,0.0
S2B_MSIL2A_20170914T093029_N9999_R136_T34TEQ_11_15,Arable land,0.0,0.0
S2B_MSIL2A_20170914T093029_N9999_R136_T34TEQ_11_41,Arable land,0.0,0.0
S2B_MSIL2A_20170914T093029_N9999_R136_T34TEQ_12_44,Broad-leaved forest,2.0,0.0
S2B_MSIL2A_20170914T093029_N9999_R136_T34TEQ_12_57,Arable land,0.0,0.0
S2B_MSIL2A_20170914T093029_N9999_R136_T34TEQ_12_67,Arable land,0.0,0.0
S2B_MSIL2A_20170914T093029_N9999_R136_T34TEQ_12_75,Arable land,0.0,0.0
S2B_MSIL2A_20170914T093029_N9999_R136_T34TEQ_14_03,Arable land,0.0,0.0
S2B_MSIL2A_20170914T093029_N9999_R136_T34TEQ_14_42,Arable land,0.0,0.0
S2B_MSIL2A_20170914T093029_N9999_R136_T34TEQ_14_49,Arable land,0.0,0.0
S2B_MSIL2A_20170914T093029_N9999_R136_T34TEQ_14_50,Arable land,0.0,2.0
S2B_MSIL2A_20170914T093029_N9999_R136_T34TEQ_15_50,Arable land,0.0,1.0
S2B_MSIL2A_20170914T093029_N9999_R136_T34TEQ_15_59,Arable land,0.0,0.0
S2B_MSIL2A_20170914T093029_N9999_R136_T34TEQ_18_53,Arable land,0.0,0.0
S2B_MSIL2A_20170914T093029_N9999_R136_T34TEQ_19_17,Arable land,0.0,0.0
S2B_MSIL2A_20170914T093029_N9999_R136_T34TEQ_19_63,Arable land,0.0,2.0
S2B_MSIL2A_20170914T093029_N9999_R136_T34TEQ_20_60,Arable land,0.0,0.0
S2B_MSIL2A_20170914T093029_N9999_R136_T34TEQ_21_06,Arable land,0.0,0.0
S2B_MSIL2A_20170914T093029_N9999_R136_T34TEQ_21_10,Arable land,0.0,0.0
S2B_MSIL2A_20170914T093029_N9999_R136_T34TEQ_21_38,Arable land,0.0,0.0
S2B_MSIL2A_20170914T093029_N9999_R136_T34TEQ_21_83,Broad-leaved forest,2.0,2.0
S2B_MSIL2A_20170914T093029_N9999_R136_T34TEQ_22_46,Arable land,0.0,2.0
S2B_MSIL2A_20170914T093029_N9999_R136_T34TEQ_22_84,Arable land,0.0,2.0
S2B_MSIL2A_20170914T093029_N9999_R136_T34TEQ_24_23,Arable land,0.0,0.0
S2B_MSIL2A_20170914T093029_N9999_R136_T34TEQ_24_43,Arable land,0.0,2.0
S2B_MSIL2A_20170914T093029_N9999_R136_T34TEQ_25_20,Arable land,0.0,0.0
S2B_MSIL2A_20170914T093029_N9999_R136_T34TEQ_25_78,Broad-leaved forest,2.0,2.0
S2B_MSIL2A_20170914T093029_N9999_R136_T34TEQ_26_20,Arable land,0.0,0.0
S2B_MSIL2A_20170914T093029_N9999_R136_T34TEQ_27_06,Arable land,0.0,0.0
S2B_MSIL2A_20170914T093029_N9999_R136_T34TEQ_27_09,Arable land,0.0,0.0
S2B_MSIL2A_20170914T093029_N9999_R136_T34TEQ_28_38,Arable land,0.0,0.0
S2B_MSIL2A_20170914T093029_N9999_R136_T34TEQ_28_55,Arable land,0.0,2.0
S2B_MSIL2A_20170914T093029_N9999_R136_T34TEQ_29_01,Arable land,0.0,2.0
S2B_MSIL2A_20170914T093029_N9999_R136_T34TEQ_29_60,Arable land,0.0,2.0
S2B_MSIL2A_20170914T093029_N9999_R136_T34TEQ_31_85,Broad-leaved forest,2.0,2.0
S2B_MSIL2A_20170914T093029_N9999_R136_T34TEQ_32_45,Arable land,0.0,0.0
S2B_MSIL2A_20170914T093029_N9999_R136_T34TEQ_32_52,Arable land,0.0,4.0
S2B_MSIL2A_20170914T093029_N9999_R136_T34TEQ_32_82,Broad-leaved forest,2.0,1.0
S2B_MSIL2A_20170914T093029_N9999_R136_T34TEQ_33_37,Arable land,0.0,2.0
S2B_MSIL2A_20170914T093029_N9999_R136_T34TEQ_33_63,Broad-leaved forest,2.0,2.0
S2B_MSIL2A_20170914T093029_N9999_R136_T34TEQ_34_65,Complex cultivation patterns,5.0,2.0
S2B_MSIL2A_20170914T093029_N9999_R136_T34TEQ_35_21,Arable land,0.0,0.0
S2B_MSIL2A_20170914T093029_N9999_R136_T34TEQ_36_44,Arable land,0.0,2.0
S2B_MSIL2A_20170914T093029_N9999_R136_T34TEQ_36_48,Arable land,0.0,2.0
S2B_MSIL2A_20170914T093029_N9999_R136_T34TEQ_37_67,Broad-leaved forest,2.0,2.0
S2B_MSIL2A_20170914T093029_N9999_R136_T34TEQ_37_77,Broad-leaved forest,2.0,2.0
S2B_MSIL2A_20170914T093029_N9999_R136_T34TEQ_38_89,Broad-leaved forest,2.0,2.0
S2B_MSIL2A_20170914T093029_N9999_R136_T34TEQ_38_90,Broad-leaved forest,2.0,2.0
S2B_MSIL2A_20170914T093029_N9999_R136_T34TEQ_40_53,Broad-leaved forest,2.0,2.0
S2B_MSIL2A_20170914T093029_N9999_R136_T34TEQ_42_48,Broad-leaved forest,2.0,2.0
S2B_MSIL2A_20170914T093029_N9999_R136_T34TEQ_42_65,Broad-leaved forest,2.0,2.0
S2B_MSIL2A_20170914T093029_N9999_R136_T34TEQ_43_54,Broad-leaved forest,2.0,2.0
S2B_MSIL2A_20170914T093029_N9999_R136_T34TEQ_45_45,Broad-leaved forest,2.0,0.0
S2B_MSIL2A_20170914T093029_N9999_R136_T34TEQ_45_55,Broad-leaved forest,2.0,1.0
S2B_MSIL2A_20170914T093029_N9999_R136_T34TEQ_46_78,Broad-leaved forest,2.0,2.0
S2B_MSIL2A_20170914T093029_N9999_R136_T34TEQ_47_61,Broad-leaved forest,2.0,2.0
S2B_MSIL2A_20170914T093029_N9999_R136_T34TEQ_47_79,Broad-leaved forest,2.0,2.0
S2B_MSIL2A_20170914T093029_N9999_R136_T34TEQ_49_54,Broad-leaved forest,2.0,2.0
S2B_MSIL2A_20170914T093029_N9999_R136_T34TEQ_51_62,Broad-leaved forest,2.0,0.0
S2B_MSIL2A_20170914T093029_N9999_R136_T34TEQ_52_76,Broad-leaved forest,2.0,2.0
S2B_MSIL2A_20170914T093029_N9999_R136_T34TEQ_55_68,Broad-leaved forest,2.0,2.0
S2B_MSIL2A_20170914T093029_N9999_R136_T34TEQ_56_90,Broad-leaved forest,2.0,2.0
S2B_MSIL2A_20170914T093029_N9999_R136_T34TEQ_57_88,Broad-leaved forest,2.0,1.0
S2B_MSIL2A_20170914T093029_N9999_R136_T34TEQ_58_56,Broad-leaved forest,2.0,2.0
S2B_MSIL2A_20170914T093029_N9999_R136_T34TEQ_58_59,Broad-leaved forest,2.0,2.0
S2B_MSIL2A_20170914T093029_N9999_R136_T34TEQ_58_89,Broad-leaved forest,2.0,2.0
S2B_MSIL2A_20170914T093029_N9999_R136_T34TEQ_59_58,Broad-leaved forest,2.0,2.0
S2B_MSIL2A_20170914T093029_N9999_R136_T34TEQ_60_74,Broad-leaved forest,2.0,2.0
S2B_MSIL2A_20170914T093029_N9999_R136_T34TEQ_62_66,Broad-leaved forest,2.0,0.0
S2B_MSIL2A_20170914T093029_N9999_R136_T34TEQ_62_84,Broad-leaved forest,2.0,2.0
S2B_MSIL2A_20170914T093029_N9999_R136_T34TEQ_63_68,Broad-leaved forest,2.0,0.0
S2B_MSIL2A_20170914T093029_N9999_R136_T34TEQ_64_52,Broad-leaved forest,2.0,2.0
S2B_MSIL2A_20170914T093029_N9999_R136_T34TEQ_64_84,Broad-leaved forest,2.0,2.0
S2B_MSIL2A_20170914T093029_N9999_R136_T34TEQ_65_58,Broad-leaved forest,2.0,2.0
S2B_MSIL2A_20170914T093029_N9999_R136_T34TEQ_66_71,Broad-leaved forest,2.0,2.0
S2B_MSIL2A_20170914T093029_N9999_R136_T34TEQ_66_83,Broad-leaved forest,2.0,2.0
S2B_MSIL2A_20170914T093029_N9999_R136_T34TEQ_67_72,Broad-leaved forest,2.0,2.0
S2B_MSIL2A_20170914T093029_N9999_R136_T34TEQ_67_86,Broad-leaved forest,2.0,2.0
S2B_MSIL2A_20170914T093029_N9999_R136_T34TEQ_68_62,Broad-leaved forest,2.0,2.0
S2B_MSIL2A_20170914T093029_N9999_R136_T34TEQ_68_72,Broad-leaved forest,2.0,2.0
S2B_MSIL2A_20170914T093029_N9999_R136_T34TEQ_68_76,Broad-leaved forest,2.0,1.0
S2B_MSIL2A_20170914T093029_N9999_R136_T34TEQ_69_63,Broad-leaved forest,2.0,2.0
S2B_MSIL2A_20170914T093029_N9999_R136_T34TEQ_70_85,Complex cultivation patterns,5.0,2.0
S2B_MSIL2A_20170914T093029_N9999_R136_T34TEQ_72_77,Broad-leaved forest,2.0,2.0
S2B_MSIL2A_20170914T093029_N9999_R136_T34TEQ_73_61,Broad-leaved forest,2.0,3.0
S2B_MSIL2A_20170914T093029_N9999_R136_T34TEQ_74_72,Broad-leaved forest,2.0,0.0
S2B_MSIL2A_20170914T093029_N9999_R136_T34TEQ_75_70,Broad-leaved forest,2.0,2.0
S2B_MSIL2A_20170914T093029_N9999_R136_T34TEQ_76_66,Broad-leaved forest,2.0,2.0
S2B_MSIL2A_20170914T093029_N9999_R136_T34TEQ_76_81,Broad-leaved forest,2.0,2.0
S2B_MSIL2A_20170914T093029_N9999_R136_T34TEQ_77_71,Broad-leaved forest,2.0,2.0
S2B_MSIL2A_20170914T093029_N9999_R136_T34TEQ_77_84,Broad-leaved forest,2.0,2.0
S2B_MSIL2A_20170914T093029_N9999_R136_T34TEQ_78_83,Broad-leaved forest,2.0,2.0
S2B_MSIL2A_20170914T093029_N9999_R136_T34TEQ_79_58,Broad-leaved forest,2.0,3.0
S2B_MSIL2A_20170914T093029_N9999_R136_T34TEQ_79_82,Broad-leaved forest,2.0,2.0
S2B_MSIL2A_20170914T093029_N9999_R136_T34TEQ_80_61,Broad-leaved forest,2.0,1.0
S2B_MSIL2A_20170914T093029_N9999_R136_T34TEQ_80_63,Broad-leaved forest,2.0,2.0
S2B_MSIL2A_20170914T093029_N9999_R136_T34TEQ_80_82,Broad-leaved forest,2.0,2.0
S2B_MSIL2A_20170914T093029_N9999_R136_T34TEQ_81_64,Broad-leaved forest,2.0,2.0
S2B_MSIL2A_20170914T093029_N9999_R136_T34TEQ_81_66,Broad-leaved forest,2.0,2.0
S2B_MSIL2A_20170914T093029_N9999_R136_T34TEQ_83_61,Broad-leaved forest,2.0,2.0
S2B_MSIL2A_20170914T093029_N9999_R136_T34TEQ_83_65,Broad-leaved forest,2.0,2.0
S2B_MSIL2A_20170914T093029_N9999_R136_T34TEQ_83_81,Broad-leaved forest,2.0,2.0
S2B_MSIL2A_20170914T093029_N9999_R136_T34TEQ_85_48,Broad-leaved forest,2.0,1.0
S2B_MSIL2A_20170914T093029_N9999_R136_T34TEQ_88_52,Broad-leaved forest,2.0,2.0
S2B_MSIL2A_20170914T093029_N9999_R136_T34TEQ_90_54,Broad-leaved forest,2.0,2.0
S2B_MSIL2A_20170914T093029_N9999_R136_T34TEQ_90_62,Broad-leaved forest,2.0,2.0
S2B_MSIL2A_20170923T100019_N9999_R122_T33TWM_00_18,Coniferous forest,1.0,1.0
S2B_MSIL2A_20170923T100019_N9999_R122_T33TWM_04_00,Coniferous forest,1.0,1.0
S2B_MSIL2A_20170923T100019_N9999_R122_T33TWM_13_14,Arable land,0.0,0.0
S2B_MSIL2A_20170923T100019_N9999_R122_T33TWM_13_21,Mixed forest,9.0,0.0
S2B_MSIL2A_20170923T100019_N9999_R122_T33TWM_15_01,Complex cultivation patterns,5.0,0.0
S2B_MSIL2A_20170923T100019_N9999_R122_T33TWM_16_02,Complex cultivation patterns,5.0,0.0
S2B_MSIL2A_20170923T100019_N9999_R122_T33TWM_16_21,Broad-leaved forest,2.0,0.0
S2B_MSIL2A_20170923T100019_N9999_R122_T33TWM_18_08,Complex cultivation patterns,5.0,0.0
S2B_MSIL2A_20170923T100019_N9999_R122_T33TWM_18_16,Arable land,0.0,0.0
S2B_MSIL2A_20170923T100019_N9999_R122_T33TWM_20_17,Broad-leaved forest,2.0,0.0
S2B_MSIL2A_20170923T100019_N9999_R122_T33TWM_22_07,Arable land,0.0,0.0
S2B_MSIL2A_20170923T100019_N9999_R122_T33TWM_24_17,Arable land,0.0,0.0
S2B_MSIL2A_20170923T100019_N9999_R122_T33TWM_25_11,Arable land,0.0,0.0
S2B_MSIL2A_20170923T100019_N9999_R122_T33TWM_28_00,Arable land,0.0,0.0
S2B_MSIL2A_20170923T100019_N9999_R122_T33TWM_40_17,Arable land,0.0,0.0
S2B_MSIL2A_20170923T100019_N9999_R122_T33TWM_40_23,Broad-leaved forest,2.0,0.0
S2B_MSIL2A_20170923T100019_N9999_R122_T33TWM_41_21,Arable land,0.0,0.0
S2B_MSIL2A_20170923T100019_N9999_R122_T33TWM_43_00,Arable land,0.0,0.0
S2B_MSIL2A_20170923T100019_N9999_R122_T33TWM_47_19,Arable land,0.0,0.0
S2B_MSIL2A_20170923T100019_N9999_R122_T33TWM_48_16,Arable land,0.0,0.0
S2B_MSIL2A_20170923T100019_N9999_R122_T33TWM_49_04,Arable land,0.0,0.0
S2B_MSIL2A_20170923T100019_N9999_R122_T33TWM_49_20,Arable land,0.0,0.0
S2B_MSIL2A_20170923T100019_N9999_R122_T33TWM_50_00,Arable land,0.0,0.0
S2B_MSIL2A_20170923T100019_N9999_R122_T33TWM_50_05,Arable land,0.0,0.0
S2B_MSIL2A_20170923T100019_N9999_R122_T33TWM_50_08,Arable land,0.0,0.0
S2B_MSIL2A_20170923T100019_N9999_R122_T33TWM_50_20,Arable land,0.0,0.0
S2B_MSIL2A_20170923T100019_N9999_R122_T33TWM_52_10,Arable land,0.0,0.0
S2B_MSIL2A_20170923T100019_N9999_R122_T33TWM_52_21,Arable land,0.0,1.0
S2B_MSIL2A_20170923T100019_N9999_R122_T33TWM_53_01,Arable land,0.0,0.0
S2B_MSIL2A_20170923T100019_N9999_R122_T33TWM_57_10,Arable land,0.0,0.0
S2B_MSIL2A_20170923T100019_N9999_R122_T33TWM_57_21,Arable land,0.0,0.0
S2B_MSIL2A_20170923T100019_N9999_R122_T33TWM_59_16,Arable land,0.0,0.0
S2B_MSIL2A_20170923T100019_N9999_R122_T33TWM_60_13,Arable land,0.0,0.0
S2B_MSIL2A_20170923T100019_N9999_R122_T33TWM_60_24,Arable land,0.0,0.0
S2B_MSIL2A_20170923T100019_N9999_R122_T33TWM_62_06,Arable land,0.0,0.0
S2B_MSIL2A_20170923T100019_N9999_R122_T33TWM_64_26,Arable land,0.0,0.0
S2B_MSIL2A_20170923T100019_N9999_R122_T33TWM_71_02,Arable land,0.0,0.0
S2B_MSIL2A_20170924T093019_N9999_R136_T35UMA_00_31,Complex cultivation patterns,5.0,0.0
S2B_MSIL2A_20170924T093019_N9999_R136_T35UMA_01_01,Broad-leaved forest,2.0,0.0
S2B_MSIL2A_20170924T093019_N9999_R136_T35UMA_01_34,Arable land,0.0,0.0
S2B_MSIL2A_20170924T093019_N9999_R136_T35UMA_01_45,Broad-leaved forest,2.0,2.0
S2B_MSIL2A_20170924T093019_N9999_R136_T35UMA_02_52,Arable land,0.0,0.0
S2B_MSIL2A_20170924T093019_N9999_R136_T35UMA_03_44,Arable land,0.0,0.0
S2B_MSIL2A_20170924T093019_N9999_R136_T35UMA_03_62,Arable land,0.0,1.0
S2B_MSIL2A_20170924T093019_N9999_R136_T35UMA_04_75,Arable land,0.0,1.0
S2B_MSIL2A_20170924T093019_N9999_R136_T35UMA_06_26,Coniferous forest,1.0,1.0
S2B_MSIL2A_20170924T093019_N9999_R136_T35UMA_11_34,Coniferous forest,1.0,2.0
S2B_MSIL2A_20170924T093019_N9999_R136_T35UMA_12_27,Complex cultivation patterns,5.0,0.0
S2B_MSIL2A_20170924T093019_N9999_R136_T35UMA_12_40,"Land principally occupied by agriculture, with significant areas of natural vegetation",8.0,0.0
S2B_MSIL2A_20170924T093019_N9999_R136_T35UMA_12_46,Arable land,0.0,1.0
S2B_MSIL2A_20170924T093019_N9999_R136_T35UMA_14_28,Coniferous forest,1.0,1.0
S2B_MSIL2A_20170924T093019_N9999_R136_T35UMA_16_20,Coniferous forest,1.0,1.0
S2B_MSIL2A_20170924T093019_N9999_R136_T35UMA_18_02,Coniferous forest,1.0,1.0
S2B_MSIL2A_20170924T093019_N9999_R136_T35UMA_23_02,Coniferous forest,1.0,1.0
S2B_MSIL2A_20170924T093019_N9999_R136_T35UMA_26_01,Coniferous forest,1.0,1.0
S2B_MSIL2A_20170924T093019_N9999_R136_T35UMA_37_01,Arable land,0.0,0.0
S2B_MSIL2A_20170924T093019_N9999_R136_T35UMA_37_02,Arable land,0.0,0.0
S2B_MSIL2A_20170924T093019_N9999_R136_T35UMB_00_07,Arable land,0.0,0.0
S2B_MSIL2A_20170924T093019_N9999_R136_T35UMB_00_89,Broad-leaved forest,2.0,2.0
S2B_MSIL2A_20170924T093019_N9999_R136_T35UMB_01_09,Arable land,0.0,0.0
S2B_MSIL2A_20170924T093019_N9999_R136_T35UMB_01_36,Arable land,0.0,0.0
S2B_MSIL2A_20170924T093019_N9999_R136_T35UMB_01_87,Broad-leaved forest,2.0,0.0
S2B_MSIL2A_20170924T093019_N9999_R136_T35UMB_02_03,Arable land,0.0,0.0
S2B_MSIL2A_20170924T093019_N9999_R136_T35UMB_02_08,Arable land,0.0,0.0
S2B_MSIL2A_20170924T093019_N9999_R136_T35UMB_02_12,Arable land,0.0,0.0
S2B_MSIL2A_20170924T093019_N9999_R136_T35UMB_02_87,Broad-leaved forest,2.0,0.0
S2B_MSIL2A_20170924T093019_N9999_R136_T35UMB_03_26,Arable land,0.0,0.0
S2B_MSIL2A_20170924T093019_N9999_R136_T35UMB_03_66,Coniferous forest,1.0,1.0
S2B_MSIL2A_20170924T093019_N9999_R136_T35UMB_04_45,Broad-leaved forest,2.0,0.0
S2B_MSIL2A_20170924T093019_N9999_R136_T35UMB_07_45,Complex cultivation patterns,5.0,0.0
S2B_MSIL2A_20170924T093019_N9999_R136_T35UMB_07_85,Complex cultivation patterns,5.0,1.0
S2B_MSIL2A_20170924T093019_N9999_R136_T35UMB_08_50,Arable land,0.0,0.0
S2B_MSIL2A_20170924T093019_N9999_R136_T35UMB_09_25,Arable land,0.0,0.0
S2B_MSIL2A_20170924T093019_N9999_R136_T35UMB_09_37,Arable land,0.0,1.0
S2B_MSIL2A_20170924T093019_N9999_R136_T35UMB_09_51,Coniferous forest,1.0,0.0
S2B_MSIL2A_20170924T093019_N9999_R136_T35UMB_09_80,Arable land,0.0,0.0
S2B_MSIL2A_20170924T093019_N9999_R136_T35UMB_09_85,Broad-leaved forest,2.0,1.0
S2B_MSIL2A_20170924T093019_N9999_R136_T35UMB_11_04,Arable land,0.0,0.0
S2B_MSIL2A_20170924T093019_N9999_R136_T35UMB_11_09,Arable land,0.0,1.0
S2B_MSIL2A_20170924T093019_N9999_R136_T35UMB_11_13,Arable land,0.0,0.0
S2B_MSIL2A_20170924T093019_N9999_R136_T35UMB_11_82,Coniferous forest,1.0,1.0
S2B_MSIL2A_20170924T093019_N9999_R136_T35UMB_12_60,Coniferous forest,1.0,1.0
S2B_MSIL2A_20170924T093019_N9999_R136_T35UMB_12_66,Complex cultivation patterns,5.0,1.0
S2B_MSIL2A_20170924T093019_N9999_R136_T35UMB_13_05,Arable land,0.0,0.0
S2B_MSIL2A_20170924T093019_N9999_R136_T35UMB_13_75,Broad-leaved forest,2.0,1.0
S2B_MSIL2A_20170924T093019_N9999_R136_T35UMB_14_31,Complex cultivation patterns,5.0,6.0
S2B_MSIL2A_20170924T093019_N9999_R136_T35UMB_14_42,Broad-leaved forest,2.0,0.0
S2B_MSIL2A_20170924T093019_N9999_R136_T35UMB_15_21,Broad-leaved forest,2.0,0.0
S2B_MSIL2A_20170924T093019_N9999_R136_T35UMB_16_43,Broad-leaved forest,2.0,2.0
S2B_MSIL2A_20170924T093019_N9999_R136_T35UMB_16_45,Broad-leaved forest,2.0,0.0
S2B_MSIL2A_20170924T093019_N9999_R136_T35UMB_17_62,Complex cultivation patterns,5.0,1.0
S2B_MSIL2A_20170924T093019_N9999_R136_T35UMB_18_35,Arable land,0.0,0.0
S2B_MSIL2A_20170924T093019_N9999_R136_T35UMB_18_70,Coniferous forest,1.0,1.0
S2B_MSIL2A_20170924T093019_N9999_R136_T35UMB_19_09,Arable land,0.0,0.0
S2B_MSIL2A_20170924T093019_N9999_R136_T35UMB_19_86,Broad-leaved forest,2.0,1.0
S2B_MSIL2A_20170924T093019_N9999_R136_T35UMB_20_05,Arable land,0.0,0.0
S2B_MSIL2A_20170924T093019_N9999_R136_T35UMB_20_45,Broad-leaved forest,2.0,0.0
S2B_MSIL2A_20170924T093019_N9999_R136_T35UMB_21_12,Arable land,0.0,0.0
S2B_MSIL2A_20170924T093019_N9999_R136_T35UMB_21_24,Arable land,0.0,2.0
S2B_MSIL2A_20170924T093019_N9999_R136_T35UMB_21_82,Coniferous forest,1.0,1.0
S2B_MSIL2A_20170924T093019_N9999_R136_T35UMB_22_02,Broad-leaved forest,2.0,0.0
S2B_MSIL2A_20170924T093019_N9999_R136_T35UMB_22_03,Broad-leaved forest,2.0,0.0
S2B_MSIL2A_20170924T093019_N9999_R136_T35UMB_22_43,Broad-leaved forest,2.0,0.0
S2B_MSIL2A_20170924T093019_N9999_R136_T35UMB_23_02,Broad-leaved forest,2.0,2.0
S2B_MSIL2A_20170924T093019_N9999_R136_T35UMB_23_30,Arable land,0.0,0.0
S2B_MSIL2A_20170924T093019_N9999_R136_T35UMB_24_25,Complex cultivation patterns,5.0,0.0
S2B_MSIL2A_20170924T093019_N9999_R136_T35UMB_24_35,Broad-leaved forest,2.0,0.0
S2B_MSIL2A_20170924T093019_N9999_R136_T35UMB_24_66,Coniferous forest,1.0,1.0
S2B_MSIL2A_20170924T093019_N9999_R136_T35UMB_24_85,Coniferous forest,1.0,1.0
S2B_MSIL2A_20170924T093019_N9999_R136_T35UMB_25_66,Coniferous forest,1.0,1.0
S2B_MSIL2A_20170924T093019_N9999_R136_T35UMB_26_13,Arable land,0.0,0.0
S2B_MSIL2A_20170924T093019_N9999_R136_T35UMB_26_81,Coniferous forest,1.0,1.0
S2B_MSIL2A_20170924T093019_N9999_R136_T35UMB_27_27,Arable land,0.0,1.0
S2B_MSIL2A_20170924T093019_N9999_R136_T35UMB_27_71,Coniferous forest,1.0,1.0
S2B_MSIL2A_20170924T093019_N9999_R136_T35UMB_28_30,Broad-leaved forest,2.0,0.0
S2B_MSIL2A_20170924T093019_N9999_R136_T35UMB_28_53,Broad-leaved forest,2.0,0.0
S2B_MSIL2A_20170924T093019_N9999_R136_T35UMB_28_74,Coniferous forest,1.0,1.0
S2B_MSIL2A_20170924T093019_N9999_R136_T35UMB_29_60,Coniferous forest,1.0,1.0
S2B_MSIL2A_20170924T093019_N9999_R136_T35UMB_30_23,Complex cultivation patterns,5.0,1.0
S2B_MSIL2A_20170924T093019_N9999_R136_T35UMB_30_34,Complex cultivation patterns,5.0,0.0
S2B_MSIL2A_20170924T093019_N9999_R136_T35UMB_30_45,Broad-leaved forest,2.0,1.0
S2B_MSIL2A_20170924T093019_N9999_R136_T35UMB_30_57,Arable land,0.0,0.0
S2B_MSIL2A_20170924T093019_N9999_R136_T35UMB_31_55,Arable land,0.0,0.0
S2B_MSIL2A_20170924T093019_N9999_R136_T35UMB_31_84,Arable land,0.0,1.0
S2B_MSIL2A_20170924T093019_N9999_R136_T35UMB_33_03,Broad-leaved forest,2.0,0.0
S2B_MSIL2A_20170924T093019_N9999_R136_T35UMB_33_07,Broad-leaved forest,2.0,0.0
S2B_MSIL2A_20170924T093019_N9999_R136_T35UMB_33_11,Broad-leaved forest,2.0,0.0
S2B_MSIL2A_20170924T093019_N9999_R136_T35UMB_33_76,Arable land,0.0,1.0
S2B_MSIL2A_20170924T093019_N9999_R136_T35UMB_34_57,Complex cultivation patterns,5.0,1.0
S2B_MSIL2A_20170924T093019_N9999_R136_T35UMB_34_66,Broad-leaved forest,2.0,0.0
S2B_MSIL2A_20170924T093019_N9999_R136_T35UMB_34_80,Complex cultivation patterns,5.0,1.0
S2B_MSIL2A_20170924T093019_N9999_R136_T35UMB_35_35,"Land principally occupied by agriculture, with significant areas of natural vegetation",8.0,0.0
S2B_MSIL2A_20170924T093019_N9999_R136_T35UMB_35_73,Arable land,0.0,0.0
S2B_MSIL2A_20170924T093019_N9999_R136_T35UMB_35_76,Arable land,0.0,0.0
S2B_MSIL2A_20170924T093019_N9999_R136_T35UMB_35_83,Arable land,0.0,1.0
S2B_MSIL2A_20170924T093019_N9999_R136_T35UMB_36_53,Broad-leaved forest,2.0,1.0
S2B_MSIL2A_20170924T093019_N9999_R136_T35UMB_36_69,Arable land,0.0,0.0
S2B_MSIL2A_20170924T093019_N9999_R136_T35UMB_36_78,Arable land,0.0,0.0
S2B_MSIL2A_20170924T093019_N9999_R136_T35UMB_36_85,Arable land,0.0,0.0
S2B_MSIL2A_20170924T093019_N9999_R136_T35UMB_38_67,Arable land,0.0,0.0
S2B_MSIL2A_20170924T093019_N9999_R136_T35UMB_38_76,Arable land,0.0,0.0
S2B_MSIL2A_20170924T093019_N9999_R136_T35UMB_38_83,Arable land,0.0,1.0
S2B_MSIL2A_20170924T093019_N9999_R136_T35UMB_39_25,Coniferous forest,1.0,1.0
S2B_MSIL2A_20170924T093019_N9999_R136_T35UMB_39_41,Broad-leaved forest,2.0,0.0
S2B_MSIL2A_20170924T093019_N9999_R136_T35UMB_39_87,Arable land,0.0,1.0
S2B_MSIL2A_20170924T093019_N9999_R136_T35UMB_40_22,Broad-leaved forest,2.0,1.0
S2B_MSIL2A_20170924T093019_N9999_R136_T35UMB_41_41,Complex cultivation patterns,5.0,0.0
S2B_MSIL2A_20170924T093019_N9999_R136_T35UMB_42_29,Coniferous forest,1.0,1.0
S2B_MSIL2A_20170924T093019_N9999_R136_T35UMB_43_13,Broad-leaved forest,2.0,0.0
S2B_MSIL2A_20170924T093019_N9999_R136_T35UMB_43_51,Arable land,0.0,1.0
S2B_MSIL2A_20170924T093019_N9999_R136_T35UMB_45_41,Broad-leaved forest,2.0,3.0
S2B_MSIL2A_20170924T093019_N9999_R136_T35UMB_45_60,Complex cultivation patterns,5.0,0.0
S2B_MSIL2A_20170924T093019_N9999_R136_T35UMB_46_49,Arable land,0.0,0.0
S2B_MSIL2A_20170924T093019_N9999_R136_T35UMB_47_59,Arable land,0.0,2.0
S2B_MSIL2A_20170924T093019_N9999_R136_T35UMB_47_71,Arable land,0.0,1.0
S2B_MSIL2A_20170924T093019_N9999_R136_T35UMB_48_28,Broad-leaved forest,2.0,0.0
S2B_MSIL2A_20170924T093019_N9999_R136_T35UMB_48_36,Arable land,0.0,0.0
S2B_MSIL2A_20170924T093019_N9999_R136_T35UMB_48_57,Arable land,0.0,0.0
S2B_MSIL2A_20170924T093019_N9999_R136_T35UMB_49_25,Arable land,0.0,0.0
S2B_MSIL2A_20170924T093019_N9999_R136_T35UMB_50_22,Broad-leaved forest,2.0,2.0
S2B_MSIL2A_20170924T093019_N9999_R136_T35UMB_52_70,Broad-leaved forest,2.0,2.0
S2B_MSIL2A_20170924T093019_N9999_R136_T35UMB_54_38,Arable land,0.0,0.0
S2B_MSIL2A_20170924T093019_N9999_R136_T35UMB_57_70,Arable land,0.0,0.0
S2B_MSIL2A_20170924T093019_N9999_R136_T35UMB_58_58,Arable land,0.0,0.0
S2B_MSIL2A_20170924T093019_N9999_R136_T35UMB_60_29,Inland waters,6.0,6.0
S2B_MSIL2A_20170924T093019_N9999_R136_T35UMB_61_64,Arable land,0.0,0.0
S2B_MSIL2A_20170924T093019_N9999_R136_T35UMB_63_35,Inland wetlands,10.0,1.0
S2B_MSIL2A_20170924T093019_N9999_R136_T35UMB_70_57,"Land principally occupied by agriculture, with significant areas of natural vegetation",8.0,0.0
S2B_MSIL2A_20170924T093019_N9999_R136_T35VNH_00_44,Coniferous forest,1.0,1.0
S2B_MSIL2A_20170924T093019_N9999_R136_T35VNH_01_47,Coniferous forest,1.0,1.0
S2B_MSIL2A_20170924T093019_N9999_R136_T35VNH_01_55,Arable land,0.0,0.0
S2B_MSIL2A_20170924T093019_N9999_R136_T35VNH_03_82,Marine waters,3.0,3.0
S2B_MSIL2A_20170924T093019_N9999_R136_T35VNH_04_54,Coniferous forest,1.0,1.0
S2B_MSIL2A_20170924T093019_N9999_R136_T35VNH_05_42,Arable land,0.0,0.0
S2B_MSIL2A_20170924T093019_N9999_R136_T35VNH_06_24,Arable land,0.0,1.0
S2B_MSIL2A_20170924T093019_N9999_R136_T35VNH_06_35,Coniferous forest,1.0,1.0
S2B_MSIL2A_20170924T093019_N9999_R136_T35VNH_06_55,Coniferous forest,1.0,1.0
S2B_MSIL2A_20170924T093019_N9999_R136_T35VNH_07_53,Coniferous forest,1.0,1.0
S2B_MSIL2A_20170924T093019_N9999_R136_T35VNH_07_64,Arable land,0.0,0.0
S2B_MSIL2A_20170924T093019_N9999_R136_T35VNH_09_24,Coniferous forest,1.0,1.0
S2B_MSIL2A_20170924T093019_N9999_R136_T35VNH_09_32,Arable land,0.0,1.0
S2B_MSIL2A_20170924T093019_N9999_R136_T35VNH_09_70,Industrial or commercial units,11.0,0.0
S2B_MSIL2A_20170924T093019_N9999_R136_T35VNH_10_19,Coniferous forest,1.0,1.0
S2B_MSIL2A_20170924T093019_N9999_R136_T35VNH_10_46,Coniferous forest,1.0,0.0
S2B_MSIL2A_20170924T093019_N9999_R136_T35VNH_10_80,Coniferous forest,1.0,1.0
S2B_MSIL2A_20170924T093019_N9999_R136_T35VNH_11_06,Coniferous forest,1.0,1.0
S2B_MSIL2A_20170924T093019_N9999_R136_T35VNH_12_83,Marine waters,3.0,3.0
S2B_MSIL2A_20170924T093019_N9999_R136_T35VNH_13_22,Coniferous forest,1.0,1.0
S2B_MSIL2A_20170924T093019_N9999_R136_T35VNH_13_33,Coniferous forest,1.0,1.0
S2B_MSIL2A_20170924T093019_N9999_R136_T35VNH_13_75,Arable land,0.0,1.0
S2B_MSIL2A_20170924T093019_N9999_R136_T35VNH_14_19,Coniferous forest,1.0,1.0
S2B_MSIL2A_20170924T093019_N9999_R136_T35VNH_14_25,Arable land,0.0,1.0
S2B_MSIL2A_20170924T093019_N9999_R136_T35VNH_14_88,Marine waters,3.0,3.0
S2B_MSIL2A_20170924T093019_N9999_R136_T35VNH_15_63,Coniferous forest,1.0,1.0
S2B_MSIL2A_20170924T093019_N9999_R136_T35VNH_15_75,Arable land,0.0,1.0
S2B_MSIL2A_20170924T093019_N9999_R136_T35VNH_15_85,Marine waters,3.0,3.0
S2B_MSIL2A_20170924T093019_N9999_R136_T35VNH_15_89,Marine waters,3.0,3.0
S2B_MSIL2A_20170924T093019_N9999_R136_T35VNH_16_18,Coniferous forest,1.0,1.0
S2B_MSIL2A_20170924T093019_N9999_R136_T35VNH_16_32,Arable land,0.0,1.0
S2B_MSIL2A_20170924T093019_N9999_R136_T35VNH_16_49,Coniferous forest,1.0,1.0
S2B_MSIL2A_20170924T093019_N9999_R136_T35VNH_16_56,Coniferous forest,1.0,1.0
S2B_MSIL2A_20170924T093019_N9999_R136_T35VNH_17_14,Coniferous forest,1.0,1.0
S2B_MSIL2A_20170924T093019_N9999_R136_T35VNH_17_71,Coniferous forest,1.0,0.0
S2B_MSIL2A_20170924T093019_N9999_R136_T35VNH_18_76,Coniferous forest,1.0,1.0
S2B_MSIL2A_20170924T093019_N9999_R136_T35VNH_18_83,Marine waters,3.0,3.0
S2B_MSIL2A_20170924T093019_N9999_R136_T35VNH_19_22,Arable land,0.0,1.0
S2B_MSIL2A_20170924T093019_N9999_R136_T35VNH_19_33,Coniferous forest,1.0,1.0
S2B_MSIL2A_20170924T093019_N9999_R136_T35VNH_19_40,Coniferous forest,1.0,1.0
S2B_MSIL2A_20170924T093019_N9999_R136_T35VNH_19_65,Coniferous forest,1.0,0.0
S2B_MSIL2A_20170924T093019_N9999_R136_T35VNH_19_86,Coniferous forest,1.0,1.0
S2B_MSIL2A_20170924T093019_N9999_R136_T35VNH_19_87,Coniferous forest,1.0,1.0
S2B_MSIL2A_20170924T093019_N9999_R136_T35VNH_20_24,Arable land,0.0,0.0
S2B_MSIL2A_20170924T093019_N9999_R136_T35VNH_20_37,Coniferous forest,1.0,1.0
S2B_MSIL2A_20170924T093019_N9999_R136_T35VNH_20_75,Arable land,0.0,0.0
S2B_MSIL2A_20170924T093019_N9999_R136_T35VNH_20_88,Coniferous forest,1.0,3.0
S2B_MSIL2A_20170924T093019_N9999_R136_T35VNH_21_39,Coniferous forest,1.0,1.0
S2B_MSIL2A_20170924T093019_N9999_R136_T35VNH_21_48,Coniferous forest,1.0,1.0
S2B_MSIL2A_20170924T093019_N9999_R136_T35VNH_21_65,Coniferous forest,1.0,1.0
S2B_MSIL2A_20170924T093019_N9999_R136_T35VNH_22_18,Broad-leaved forest,2.0,1.0
S2B_MSIL2A_20170924T093019_N9999_R136_T35VNH_22_26,Arable land,0.0,1.0
S2B_MSIL2A_20170924T093019_N9999_R136_T35VNH_22_72,Arable land,0.0,0.0
S2B_MSIL2A_20170924T093019_N9999_R136_T35VNH_23_05,Coniferous forest,1.0,1.0
S2B_MSIL2A_20170924T093019_N9999_R136_T35VNH_23_31,Coniferous forest,1.0,1.0
S2B_MSIL2A_20170924T093019_N9999_R136_T35VNH_23_37,Coniferous forest,1.0,1.0
S2B_MSIL2A_20170924T093019_N9999_R136_T35VNH_23_43,Coniferous forest,1.0,1.0
S2B_MSIL2A_20170924T093019_N9999_R136_T35VNH_24_26,Coniferous forest,1.0,1.0
S2B_MSIL2A_20170924T093019_N9999_R136_T35VNH_26_31,Coniferous forest,1.0,1.0
S2B_MSIL2A_20170924T093019_N9999_R136_T35VNH_27_33,Coniferous forest,1.0,1.0
S2B_MSIL2A_20170924T093019_N9999_R136_T35VNH_27_68,Coniferous forest,1.0,1.0
S2B_MSIL2A_20170924T093019_N9999_R136_T35VNH_28_74,Broad-leaved forest,2.0,0.0
S2B_MSIL2A_20170924T093019_N9999_R136_T35VNH_28_83,Marine waters,3.0,3.0
S2B_MSIL2A_20170924T093019_N9999_R136_T35VNH_29_13,Coniferous forest,1.0,1.0
S2B_MSIL2A_20170924T093019_N9999_R136_T35VNH_29_23,Arable land,0.0,1.0
S2B_MSIL2A_20170924T093019_N9999_R136_T35VNH_29_35,Coniferous forest,1.0,1.0
S2B_MSIL2A_20170924T093019_N9999_R136_T35VNH_29_38,Arable land,0.0,0.0
S2B_MSIL2A_20170924T093019_N9999_R136_T35VNH_29_58,Coniferous forest,1.0,1.0
S2B_MSIL2A_20170924T093019_N9999_R136_T35VNH_29_80,Marine waters,3.0,3.0
S2B_MSIL2A_20170924T093019_N9999_R136_T35VNH_30_15,Arable land,0.0,1.0
S2B_MSIL2A_20170924T093019_N9999_R136_T35VNH_30_16,Broad-leaved forest,2.0,0.0
S2B_MSIL2A_20170924T093019_N9999_R136_T35VNH_30_21,"Land principally occupied by agriculture, with significant areas of natural vegetation",8.0,0.0
S2B_MSIL2A_20170924T093019_N9999_R136_T35VNH_31_90,Marine waters,3.0,3.0
S2B_MSIL2A_20170924T093019_N9999_R136_T35VNH_32_07,Coniferous forest,1.0,1.0
S2B_MSIL2A_20170924T093019_N9999_R136_T35VNH_33_21,Arable land,0.0,0.0
S2B_MSIL2A_20170924T093019_N9999_R136_T35VNH_33_76,Coniferous forest,1.0,1.0
S2B_MSIL2A_20170924T093019_N9999_R136_T35VNH_33_78,Coniferous forest,1.0,1.0
S2B_MSIL2A_20170924T093019_N9999_R136_T35VNH_34_68,Arable land,0.0,0.0
S2B_MSIL2A_20170924T093019_N9999_R136_T35VNH_34_73,Marine waters,3.0,3.0
S2B_MSIL2A_20170924T093019_N9999_R136_T35VNH_34_75,Marine waters,3.0,1.0
S2B_MSIL2A_20170924T093019_N9999_R136_T35VNH_35_19,Broad-leaved forest,2.0,1.0
S2B_MSIL2A_20170924T093019_N9999_R136_T35VNH_36_11,Coniferous forest,1.0,1.0
S2B_MSIL2A_20170924T093019_N9999_R136_T35VNH_37_13,Arable land,0.0,1.0
S2B_MSIL2A_20170924T093019_N9999_R136_T35VNH_37_67,Arable land,0.0,0.0
S2B_MSIL2A_20170924T093019_N9999_R136_T35VNH_38_04,Coniferous forest,1.0,1.0
S2B_MSIL2A_20170924T093019_N9999_R136_T35VNH_38_07,Arable land,0.0,0.0
S2B_MSIL2A_20170924T093019_N9999_R136_T35VNH_38_23,Coniferous forest,1.0,1.0
S2B_MSIL2A_20170924T093019_N9999_R136_T35VNH_38_59,Coniferous forest,1.0,1.0
S2B_MSIL2A_20170924T093019_N9999_R136_T35VNH_40_09,Coniferous forest,1.0,1.0
S2B_MSIL2A_20170924T093019_N9999_R136_T35VNH_40_21,Arable land,0.0,1.0
S2B_MSIL2A_20170924T093019_N9999_R136_T35VNH_40_22,Broad-leaved forest,2.0,1.0
S2B_MSIL2A_20170924T093019_N9999_R136_T35VNH_40_60,Coniferous forest,1.0,1.0
S2B_MSIL2A_20170924T093019_N9999_R136_T35VNH_41_42,Coniferous forest,1.0,1.0
S2B_MSIL2A_20170924T093019_N9999_R136_T35VNH_41_63,Arable land,0.0,0.0
S2B_MSIL2A_20170924T093019_N9999_R136_T35VNH_42_31,Coniferous forest,1.0,1.0
S2B_MSIL2A_20170924T093019_N9999_R136_T35VNH_42_32,Coniferous forest,1.0,1.0
S2B_MSIL2A_20170924T093019_N9999_R136_T35VNH_42_45,Coniferous forest,1.0,1.0
S2B_MSIL2A_20170924T093019_N9999_R136_T35VNH_43_58,Coniferous forest,1.0,1.0
S2B_MSIL2A_20170924T093019_N9999_R136_T35VNH_44_03,Inland waters,6.0,6.0
S2B_MSIL2A_20170924T093019_N9999_R136_T35VNH_44_33,Coniferous forest,1.0,1.0
S2B_MSIL2A_20170924T093019_N9999_R136_T35VNH_44_39,Coniferous forest,1.0,1.0
S2B_MSIL2A_20170924T093019_N9999_R136_T35VNH_44_44,Coniferous forest,1.0,1.0
S2B_MSIL2A_20170924T093019_N9999_R136_T35VNH_45_12,Coniferous forest,1.0,1.0
S2B_MSIL2A_20170924T093019_N9999_R136_T35VNH_45_26,Coniferous forest,1.0,1.0
S2B_MSIL2A_20170924T093019_N9999_R136_T35VNH_46_50,Coniferous forest,1.0,1.0
S2B_MSIL2A_20170924T093019_N9999_R136_T35VNH_47_12,Inland waters,6.0,1.0
S2B_MSIL2A_20170924T093019_N9999_R136_T35VNH_47_16,Inland waters,6.0,1.0
S2B_MSIL2A_20170924T093019_N9999_R136_T35VNH_47_34,Coniferous forest,1.0,1.0
S2B_MSIL2A_20170924T093019_N9999_R136_T35VNH_47_46,Broad-leaved forest,2.0,1.0
S2B_MSIL2A_20170924T093019_N9999_R136_T35VNH_48_34,Coniferous forest,1.0,1.0
S2B_MSIL2A_20170924T093019_N9999_R136_T35VNH_48_38,Arable land,0.0,1.0
S2B_MSIL2A_20170924T093019_N9999_R136_T35VNH_50_24,Coniferous forest,1.0,6.0
S2B_MSIL2A_20170924T093019_N9999_R136_T35VNH_51_29,Arable land,0.0,0.0
S2B_MSIL2A_20170924T093019_N9999_R136_T35VNH_52_18,Coniferous forest,1.0,1.0
S2B_MSIL2A_20170924T093019_N9999_R136_T35VNH_52_51,Arable land,0.0,1.0
S2B_MSIL2A_20170924T093019_N9999_R136_T35VNH_54_28,Arable land,0.0,0.0
S2B_MSIL2A_20170924T093019_N9999_R136_T35VNH_55_19,Coniferous forest,1.0,1.0
S2B_MSIL2A_20170924T093019_N9999_R136_T35VNH_56_19,Coniferous forest,1.0,1.0
S2B_MSIL2A_20170924T093019_N9999_R136_T35VNH_58_31,Arable land,0.0,0.0
S2B_MSIL2A_20170924T093019_N9999_R136_T35VNH_58_35,Coniferous forest,1.0,1.0
S2B_MSIL2A_20170924T093019_N9999_R136_T35VNH_58_37,Coniferous forest,1.0,6.0
S2B_MSIL2A_20170924T093019_N9999_R136_T35VNH_59_22,Coniferous forest,1.0,1.0
S2B_MSIL2A_20170924T093019_N9999_R136_T35VNH_60_20,Arable land,0.0,1.0
S2B_MSIL2A_20170924T093019_N9999_R136_T35VNH_61_06,Inland waters,6.0,6.0
S2B_MSIL2A_20170924T093019_N9999_R136_T35VNH_62_06,Coniferous forest,1.0,1.0
S2B_MSIL2A_20170924T093019_N9999_R136_T35VNH_62_10,Coniferous forest,1.0,1.0
S2B_MSIL2A_20170924T093019_N9999_R136_T35VNH_63_38,Coniferous forest,1.0,1.0
S2B_MSIL2A_20170924T093019_N9999_R136_T35VNH_65_02,Coniferous forest,1.0,1.0
S2B_MSIL2A_20170924T093019_N9999_R136_T35VNH_65_06,Inland waters,6.0,6.0
S2B_MSIL2A_20170924T093019_N9999_R136_T35VNH_65_25,Arable land,0.0,0.0
S2B_MSIL2A_20170924T093019_N9999_R136_T35VNH_70_26,Arable land,0.0,0.0
S2B_MSIL2A_20170924T093019_N9999_R136_T35VNH_70_27,Arable land,0.0,0.0
S2B_MSIL2A_20170924T093019_N9999_R136_T35VNH_72_32,Arable land,0.0,1.0
S2B_MSIL2A_20170924T093019_N9999_R136_T35VNH_73_07,Inland waters,6.0,1.0
S2B_MSIL2A_20170924T093019_N9999_R136_T35VNH_73_08,Coniferous forest,1.0,6.0
S2B_MSIL2A_20170924T093019_N9999_R136_T35VNH_74_07,Coniferous forest,1.0,1.0
S2B_MSIL2A_20170924T093019_N9999_R136_T35VNH_74_34,Coniferous forest,1.0,1.0
S2B_MSIL2A_20170924T093019_N9999_R136_T35VNH_79_23,Arable land,0.0,1.0
S2B_MSIL2A_20170924T093019_N9999_R136_T35VNH_82_07,Coniferous forest,1.0,0.0
S2B_MSIL2A_20170924T093019_N9999_R136_T35VNH_86_00,Coniferous forest,1.0,1.0
S2B_MSIL2A_20170924T093019_N9999_R136_T35VNH_87_01,Inland waters,6.0,1.0
S2B_MSIL2A_20170924T093019_N9999_R136_T35VNH_88_02,Coniferous forest,1.0,1.0
S2B_MSIL2A_20170924T093019_N9999_R136_T35VPK_00_03,Coniferous forest,1.0,1.0
S2B_MSIL2A_20170924T093019_N9999_R136_T35VPK_01_15,Coniferous forest,1.0,1.0
S2B_MSIL2A_20170924T093019_N9999_R136_T35VPK_01_56,Coniferous forest,1.0,1.0
S2B_MSIL2A_20170924T093019_N9999_R136_T35VPK_01_68,Arable land,0.0,0.0
S2B_MSIL2A_20170924T093019_N9999_R136_T35VPK_02_29,Coniferous forest,1.0,1.0
S2B_MSIL2A_20170924T093019_N9999_R136_T35VPK_02_56,Coniferous forest,1.0,1.0
S2B_MSIL2A_20170924T093019_N9999_R136_T35VPK_03_06,Coniferous forest,1.0,1.0
S2B_MSIL2A_20170924T093019_N9999_R136_T35VPK_04_12,Coniferous forest,1.0,1.0
S2B_MSIL2A_20170924T093019_N9999_R136_T35VPK_04_18,Coniferous forest,1.0,1.0
S2B_MSIL2A_20170924T093019_N9999_R136_T35VPK_04_22,Coniferous forest,1.0,1.0
S2B_MSIL2A_20170924T093019_N9999_R136_T35VPK_04_66,Coniferous forest,1.0,1.0
S2B_MSIL2A_20170924T093019_N9999_R136_T35VPK_04_73,Coniferous forest,1.0,1.0
S2B_MSIL2A_20170924T093019_N9999_R136_T35VPK_05_41,Arable land,0.0,0.0
S2B_MSIL2A_20170924T093019_N9999_R136_T35VPK_05_82,Inland waters,6.0,1.0
S2B_MSIL2A_20170924T093019_N9999_R136_T35VPK_06_29,Coniferous forest,1.0,1.0
S2B_MSIL2A_20170924T093019_N9999_R136_T35VPK_06_39,Coniferous forest,1.0,1.0
S2B_MSIL2A_20170924T093019_N9999_R136_T35VPK_06_54,Coniferous forest,1.0,1.0
S2B_MSIL2A_20170924T093019_N9999_R136_T35VPK_07_42,Arable land,0.0,0.0
S2B_MSIL2A_20170924T093019_N9999_R136_T35VPK_07_54,Coniferous forest,1.0,1.0
S2B_MSIL2A_20170924T093019_N9999_R136_T35VPK_08_01,Coniferous forest,1.0,1.0
S2B_MSIL2A_20170924T093019_N9999_R136_T35VPK_08_03,Coniferous forest,1.0,1.0
S2B_MSIL2A_20170924T093019_N9999_R136_T35VPK_08_13,Coniferous forest,1.0,1.0
S2B_MSIL2A_20170924T093019_N9999_R136_T35VPK_08_25,Arable land,0.0,1.0
S2B_MSIL2A_20170924T093019_N9999_R136_T35VPK_08_86,Coniferous forest,1.0,1.0
S2B_MSIL2A_20170924T093019_N9999_R136_T35VPK_08_88,Coniferous forest,1.0,1.0
S2B_MSIL2A_20170924T093019_N9999_R136_T35VPK_09_49,Arable land,0.0,0.0
S2B_MSIL2A_20170924T093019_N9999_R136_T35VPK_09_73,Coniferous forest,1.0,1.0
S2B_MSIL2A_20170924T093019_N9999_R136_T35VPK_10_00,Coniferous forest,1.0,1.0
S2B_MSIL2A_20170924T093019_N9999_R136_T35VPK_11_16,Coniferous forest,1.0,1.0
S2B_MSIL2A_20170924T093019_N9999_R136_T35VPK_11_43,Arable land,0.0,0.0
S2B_MSIL2A_20170924T093019_N9999_R136_T35VPK_11_70,Coniferous forest,1.0,1.0
S2B_MSIL2A_20170924T093019_N9999_R136_T35VPK_11_84,Coniferous forest,1.0,1.0
S2B_MSIL2A_20170924T093019_N9999_R136_T35VPK_12_06,Coniferous forest,1.0,1.0
S2B_MSIL2A_20170924T093019_N9999_R136_T35VPK_13_11,Coniferous forest,1.0,1.0
S2B_MSIL2A_20170924T093019_N9999_R136_T35VPK_13_90,Coniferous forest,1.0,6.0
S2B_MSIL2A_20170924T093019_N9999_R136_T35VPK_14_54,Arable land,0.0,1.0
S2B_MSIL2A_20170924T093019_N9999_R136_T35VPK_14_70,Coniferous forest,1.0,1.0
S2B_MSIL2A_20170924T093019_N9999_R136_T35VPK_15_02,Coniferous forest,1.0,1.0
S2B_MSIL2A_20170924T093019_N9999_R136_T35VPK_15_85,Coniferous forest,1.0,1.0
S2B_MSIL2A_20170924T093019_N9999_R136_T35VPK_16_49,Broad-leaved forest,2.0,0.0
S2B_MSIL2A_20170924T093019_N9999_R136_T35VPK_16_58,Arable land,0.0,1.0
S2B_MSIL2A_20170924T093019_N9999_R136_T35VPK_17_02,Coniferous forest,1.0,1.0
S2B_MSIL2A_20170924T093019_N9999_R136_T35VPK_17_07,Coniferous forest,1.0,1.0
S2B_MSIL2A_20170924T093019_N9999_R136_T35VPK_17_40,Inland waters,6.0,0.0
S2B_MSIL2A_20170924T093019_N9999_R136_T35VPK_18_87,Inland waters,6.0,6.0
S2B_MSIL2A_20170924T093019_N9999_R136_T35VPK_20_20,Arable land,0.0,1.0
S2B_MSIL2A_20170924T093019_N9999_R136_T35VPK_20_26,Arable land,0.0,1.0
S2B_MSIL2A_20170924T093019_N9999_R136_T35VPK_20_34,Coniferous forest,1.0,0.0
S2B_MSIL2A_20170924T093019_N9999_R136_T35VPK_21_33,Coniferous forest,1.0,1.0
S2B_MSIL2A_20170924T093019_N9999_R136_T35VPK_22_08,Inland waters,6.0,3.0
S2B_MSIL2A_20170924T093019_N9999_R136_T35VPK_22_25,Inland waters,6.0,6.0
S2B_MSIL2A_20170924T093019_N9999_R136_T35VPK_22_26,Inland waters,6.0,6.0
S2B_MSIL2A_20170924T093019_N9999_R136_T35VPK_23_19,Coniferous forest,1.0,1.0
S2B_MSIL2A_20170924T093019_N9999_R136_T35VPK_23_30,Coniferous forest,1.0,1.0
S2B_MSIL2A_20170924T093019_N9999_R136_T35VPK_23_67,Inland waters,6.0,1.0
S2B_MSIL2A_20170924T093019_N9999_R136_T35VPK_23_78,Inland waters,6.0,6.0
S2B_MSIL2A_20170924T093019_N9999_R136_T35VPK_24_89,Inland waters,6.0,6.0
S2B_MSIL2A_20170924T093019_N9999_R136_T35VPK_25_22,Arable land,0.0,0.0
S2B_MSIL2A_20170924T093019_N9999_R136_T35VPK_25_58,Arable land,0.0,0.0
S2B_MSIL2A_20170924T093019_N9999_R136_T35VPK_25_61,Inland waters,6.0,6.0
S2B_MSIL2A_20170924T093019_N9999_R136_T35VPK_25_80,Inland waters,6.0,6.0
S2B_MSIL2A_20170924T093019_N9999_R136_T35VPK_25_84,Inland waters,6.0,1.0
S2B_MSIL2A_20170924T093019_N9999_R136_T35VPK_26_58,Arable land,0.0,1.0
S2B_MSIL2A_20170924T093019_N9999_R136_T35VPK_26_69,Arable land,0.0,1.0
S2B_MSIL2A_20170924T093019_N9999_R136_T35VPK_27_23,Broad-leaved forest,2.0,1.0
S2B_MSIL2A_20170924T093019_N9999_R136_T35VPK_27_80,Inland waters,6.0,1.0
S2B_MSIL2A_20170924T093019_N9999_R136_T35VPK_28_00,Coniferous forest,1.0,1.0
S2B_MSIL2A_20170924T093019_N9999_R136_T35VPK_28_85,Inland waters,6.0,6.0
S2B_MSIL2A_20170924T093019_N9999_R136_T35VPK_31_73,Arable land,0.0,0.0
S2B_MSIL2A_20170924T093019_N9999_R136_T35VPK_31_80,Coniferous forest,1.0,1.0
S2B_MSIL2A_20170924T093019_N9999_R136_T35VPK_32_06,Coniferous forest,1.0,1.0
S2B_MSIL2A_20170924T093019_N9999_R136_T35VPK_32_87,Broad-leaved forest,2.0,1.0
S2B_MSIL2A_20170924T093019_N9999_R136_T35VPK_33_10,Coniferous forest,1.0,1.0
S2B_MSIL2A_20170924T093019_N9999_R136_T35VPK_33_25,Inland waters,6.0,1.0
S2B_MSIL2A_20170924T093019_N9999_R136_T35VPK_33_70,Inland waters,6.0,6.0
S2B_MSIL2A_20170924T093019_N9999_R136_T35VPK_34_13,Coniferous forest,1.0,1.0
S2B_MSIL2A_20170924T093019_N9999_R136_T35VPK_34_58,Inland waters,6.0,6.0
S2B_MSIL2A_20170924T093019_N9999_R136_T35VPK_35_21,Coniferous forest,1.0,1.0
S2B_MSIL2A_20170924T093019_N9999_R136_T35VPK_37_08,Broad-leaved forest,2.0,1.0
S2B_MSIL2A_20170924T093019_N9999_R136_T35VPK_37_33,Broad-leaved forest,2.0,1.0
S2B_MSIL2A_20170924T093019_N9999_R136_T35VPK_37_68,Inland waters,6.0,6.0
S2B_MSIL2A_20170924T093019_N9999_R136_T35VPK_38_27,Broad-leaved forest,2.0,1.0
S2B_MSIL2A_20170924T093019_N9999_R136_T35VPK_38_33,Broad-leaved forest,2.0,1.0
S2B_MSIL2A_20170924T093019_N9999_R136_T35VPK_39_00,Inland waters,6.0,6.0
S2B_MSIL2A_20170924T093019_N9999_R136_T35VPK_39_73,Arable land,0.0,1.0
S2B_MSIL2A_20170924T093019_N9999_R136_T35VPK_40_35,Coniferous forest,1.0,1.0
S2B_MSIL2A_20170924T093019_N9999_R136_T35VPK_40_80,Coniferous forest,1.0,1.0
S2B_MSIL2A_20170924T093019_N9999_R136_T35VPK_40_87,Inland waters,6.0,6.0
S2B_MSIL2A_20170924T093019_N9999_R136_T35VPK_41_41,Arable land,0.0,0.0
S2B_MSIL2A_20170924T093019_N9999_R136_T35VPK_41_89,Broad-leaved forest,2.0,6.0
S2B_MSIL2A_20170924T093019_N9999_R136_T35VPK_43_06,Inland waters,6.0,6.0
S2B_MSIL2A_20170924T093019_N9999_R136_T35VPK_43_84,Coniferous forest,1.0,0.0
S2B_MSIL2A_20170924T093019_N9999_R136_T35VPK_44_49,Coniferous forest,1.0,1.0
S2B_MSIL2A_20170924T093019_N9999_R136_T35VPK_45_13,Coniferous forest,1.0,1.0
S2B_MSIL2A_20170924T093019_N9999_R136_T35VPK_46_78,Coniferous forest,1.0,1.0
S2B_MSIL2A_20170924T093019_N9999_R136_T35VPK_47_29,Arable land,0.0,1.0
S2B_MSIL2A_20170924T093019_N9999_R136_T35VPK_48_23,Broad-leaved forest,2.0,1.0
S2B_MSIL2A_20170924T093019_N9999_R136_T35VPK_48_81,Coniferous forest,1.0,1.0
S2B_MSIL2A_20170924T093019_N9999_R136_T35VPK_49_50,Coniferous forest,1.0,1.0
S2B_MSIL2A_20170924T093019_N9999_R136_T35VPK_49_52,Coniferous forest,1.0,1.0
S2B_MSIL2A_20170924T093019_N9999_R136_T35VPK_49_90,Arable land,0.0,1.0
S2B_MSIL2A_20170924T093019_N9999_R136_T35VPK_50_09,Coniferous forest,1.0,1.0
S2B_MSIL2A_20170924T093019_N9999_R136_T35VPK_50_40,Arable land,0.0,1.0
S2B_MSIL2A_20170924T093019_N9999_R136_T35VPK_50_66,Broad-leaved forest,2.0,1.0
S2B_MSIL2A_20170924T093019_N9999_R136_T35VPK_50_82,Coniferous forest,1.0,1.0
S2B_MSIL2A_20170924T093019_N9999_R136_T35VPK_51_10,Coniferous forest,1.0,1.0
S2B_MSIL2A_20170924T093019_N9999_R136_T35VPK_51_74,Coniferous forest,1.0,1.0
S2B_MSIL2A_20170924T093019_N9999_R136_T35VPK_52_05,Broad-leaved forest,2.0,1.0
S2B_MSIL2A_20170924T093019_N9999_R136_T35VPK_53_28,Inland waters,6.0,1.0
S2B_MSIL2A_20170924T093019_N9999_R136_T35VPK_53_51,Broad-leaved forest,2.0,1.0
S2B_MSIL2A_20170924T093019_N9999_R136_T35VPK_54_16,Coniferous forest,1.0,1.0
S2B_MSIL2A_20170924T093019_N9999_R136_T35VPK_55_07,Coniferous forest,1.0,1.0
S2B_MSIL2A_20170924T093019_N9999_R136_T35VPK_55_29,Coniferous forest,1.0,1.0
S2B_MSIL2A_20170924T093019_N9999_R136_T35VPK_56_31,Coniferous forest,1.0,1.0
S2B_MSIL2A_20170924T093019_N9999_R136_T35VPK_57_24,Coniferous forest,1.0,1.0
S2B_MSIL2A_20170924T093019_N9999_R136_T35VPK_58_21,Coniferous forest,1.0,1.0
S2B_MSIL2A_20170924T093019_N9999_R136_T35VPK_58_30,Coniferous forest,1.0,1.0
S2B_MSIL2A_20170924T093019_N9999_R136_T35VPK_58_57,Coniferous forest,1.0,1.0
S2B_MSIL2A_20170924T093019_N9999_R136_T35VPK_59_65,Coniferous forest,1.0,1.0
S2B_MSIL2A_20170924T093019_N9999_R136_T35VPK_60_00,Coniferous forest,1.0,1.0
S2B_MSIL2A_20170924T093019_N9999_R136_T35VPK_60_08,Coniferous forest,1.0,1.0
S2B_MSIL2A_20170924T093019_N9999_R136_T35VPK_60_57,Arable land,0.0,1.0
S2B_MSIL2A_20170924T093019_N9999_R136_T35VPK_60_68,Arable land,0.0,1.0
S2B_MSIL2A_20170924T093019_N9999_R136_T35VPK_61_08,Coniferous forest,1.0,1.0
S2B_MSIL2A_20170924T093019_N9999_R136_T35VPK_61_54,Coniferous forest,1.0,1.0
S2B_MSIL2A_20170924T093019_N9999_R136_T35VPK_62_14,Coniferous forest,1.0,1.0
S2B_MSIL2A_20170924T093019_N9999_R136_T35VPK_62_25,Coniferous forest,1.0,1.0
S2B_MSIL2A_20170924T093019_N9999_R136_T35VPK_62_45,Coniferous forest,1.0,1.0
S2B_MSIL2A_20170924T093019_N9999_R136_T35VPK_63_07,Coniferous forest,1.0,1.0
S2B_MSIL2A_20170924T093019_N9999_R136_T35VPK_63_42,Coniferous forest,1.0,1.0
S2B_MSIL2A_20170924T093019_N9999_R136_T35VPK_65_20,Broad-leaved forest,2.0,1.0
S2B_MSIL2A_20170924T093019_N9999_R136_T35VPK_65_74,Arable land,0.0,1.0
S2B_MSIL2A_20170924T093019_N9999_R136_T35VPK_66_33,Coniferous forest,1.0,1.0
S2B_MSIL2A_20170924T093019_N9999_R136_T35VPK_67_20,Coniferous forest,1.0,1.0
S2B_MSIL2A_20170924T093019_N9999_R136_T35VPK_67_49,Broad-leaved forest,2.0,1.0
S2B_MSIL2A_20170924T093019_N9999_R136_T35VPK_67_67,Coniferous forest,1.0,1.0
S2B_MSIL2A_20170924T093019_N9999_R136_T35VPK_68_02,Coniferous forest,1.0,1.0
S2B_MSIL2A_20170924T093019_N9999_R136_T35VPK_68_16,Coniferous forest,1.0,1.0
S2B_MSIL2A_20170924T093019_N9999_R136_T35VPK_69_43,Coniferous forest,1.0,1.0
S2B_MSIL2A_20170924T093019_N9999_R136_T35VPK_70_77,Arable land,0.0,1.0
S2B_MSIL2A_20170924T093019_N9999_R136_T35VPK_72_29,Coniferous forest,1.0,1.0
S2B_MSIL2A_20170924T093019_N9999_R136_T35VPK_72_66,Coniferous forest,1.0,1.0
S2B_MSIL2A_20170924T093019_N9999_R136_T35VPK_73_17,Broad-leaved forest,2.0,1.0
S2B_MSIL2A_20170924T093019_N9999_R136_T35VPK_73_67,Coniferous forest,1.0,1.0
S2B_MSIL2A_20170924T093019_N9999_R136_T35VPK_73_69,Coniferous forest,1.0,1.0
S2B_MSIL2A_20170924T093019_N9999_R136_T35VPK_74_16,Coniferous forest,1.0,1.0
S2B_MSIL2A_20170924T093019_N9999_R136_T35VPK_74_17,Coniferous forest,1.0,1.0
S2B_MSIL2A_20170924T093019_N9999_R136_T35VPK_74_39,Coniferous forest,1.0,1.0
S2B_MSIL2A_20170924T093019_N9999_R136_T35VPK_76_04,Coniferous forest,1.0,1.0
S2B_MSIL2A_20170924T093019_N9999_R136_T35VPK_76_64,Coniferous forest,1.0,1.0
S2B_MSIL2A_20170924T093019_N9999_R136_T35VPK_77_57,Broad-leaved forest,2.0,1.0
S2B_MSIL2A_20170924T093019_N9999_R136_T35VPK_77_79,Coniferous forest,1.0,1.0
S2B_MSIL2A_20170924T093019_N9999_R136_T35VPK_78_36,Arable land,0.0,0.0
S2B_MSIL2A_20170924T093019_N9999_R136_T35VPK_80_69,Coniferous forest,1.0,1.0
S2B_MSIL2A_20170924T093019_N9999_R136_T35VPK_81_74,Broad-leaved forest,2.0,1.0
S2B_MSIL2A_20170924T093019_N9999_R136_T35VPK_82_12,Coniferous forest,1.0,1.0
S2B_MSIL2A_20170924T093019_N9999_R136_T35VPK_82_21,Coniferous forest,1.0,1.0
S2B_MSIL2A_20170924T093019_N9999_R136_T35VPK_82_31,Coniferous forest,1.0,1.0
S2B_MSIL2A_20170924T093019_N9999_R136_T35VPK_83_37,Coniferous forest,1.0,1.0
S2B_MSIL2A_20170924T093019_N9999_R136_T35VPK_84_04,Coniferous forest,1.0,1.0
S2B_MSIL2A_20170924T093019_N9999_R136_T35VPK_85_19,Coniferous forest,1.0,1.0
S2B_MSIL2A_20170924T093019_N9999_R136_T35VPK_85_49,Coniferous forest,1.0,1.0
S2B_MSIL2A_20170924T093019_N9999_R136_T35VPK_86_14,Coniferous forest,1.0,1.0
S2B_MSIL2A_20170924T093019_N9999_R136_T35VPK_87_16,Coniferous forest,1.0,1.0
S2B_MSIL2A_20170924T093019_N9999_R136_T35VPK_88_01,Coniferous forest,1.0,1.0
S2B_MSIL2A_20170924T093019_N9999_R136_T35VPK_88_58,Coniferous forest,1.0,1.0
S2B_MSIL2A_20170924T093019_N9999_R136_T35VPK_89_21,Coniferous forest,1.0,1.0
S2B_MSIL2A_20170924T093019_N9999_R136_T35VPK_89_39,Coniferous forest,1.0,1.0
S2B_MSIL2A_20170924T093019_N9999_R136_T35VPK_89_60,Coniferous forest,1.0,1.0
S2B_MSIL2A_20170924T093019_N9999_R136_T35VPK_89_62,Coniferous forest,1.0,1.0
S2B_MSIL2A_20170924T093019_N9999_R136_T35VPK_90_09,Coniferous forest,1.0,1.0
S2B_MSIL2A_20170924T093019_N9999_R136_T35VPK_90_45,Coniferous forest,1.0,1.0
S2B_MSIL2A_20170924T093019_N9999_R136_T36VVQ_00_15,Coniferous forest,1.0,1.0
S2B_MSIL2A_20170924T093019_N9999_R136_T36VVQ_01_44,Coniferous forest,1.0,1.0
S2B_MSIL2A_20170924T093019_N9999_R136_T36VVQ_01_50,Coniferous forest,1.0,1.0
S2B_MSIL2A_20170924T093019_N9999_R136_T36VVQ_02_13,Coniferous forest,1.0,1.0
S2B_MSIL2A_20170924T093019_N9999_R136_T36VVQ_03_00,Coniferous forest,1.0,1.0
S2B_MSIL2A_20170924T093019_N9999_R136_T36VVQ_03_07,Coniferous forest,1.0,1.0
S2B_MSIL2A_20170924T093019_N9999_R136_T36VVQ_04_29,Coniferous forest,1.0,1.0
S2B_MSIL2A_20170924T093019_N9999_R136_T36VVQ_04_54,Coniferous forest,1.0,1.0
S2B_MSIL2A_20170924T093019_N9999_R136_T36VVQ_06_10,Coniferous forest,1.0,1.0
S2B_MSIL2A_20170924T093019_N9999_R136_T36VVQ_08_01,Coniferous forest,1.0,1.0
S2B_MSIL2A_20170924T093019_N9999_R136_T36VVQ_09_10,Coniferous forest,1.0,1.0
S2B_MSIL2A_20170924T093019_N9999_R136_T36VVQ_12_16,Coniferous forest,1.0,1.0
S2B_MSIL2A_20170924T093019_N9999_R136_T36VVQ_13_06,Coniferous forest,1.0,1.0
S2B_MSIL2A_20170924T093019_N9999_R136_T36VVQ_13_35,Coniferous forest,1.0,1.0
S2B_MSIL2A_20170924T093019_N9999_R136_T36VVQ_18_12,Coniferous forest,1.0,1.0
S2B_MSIL2A_20170927T094019_N9999_R036_T35ULB_00_40,Arable land,0.0,0.0
S2B_MSIL2A_20170927T094019_N9999_R036_T35ULB_01_69,Arable land,0.0,0.0
S2B_MSIL2A_20170927T094019_N9999_R036_T35ULB_01_88,Arable land,0.0,0.0
S2B_MSIL2A_20170927T094019_N9999_R036_T35ULB_02_33,Arable land,0.0,0.0
S2B_MSIL2A_20170927T094019_N9999_R036_T35ULB_02_80,Arable land,0.0,0.0
S2B_MSIL2A_20170927T094019_N9999_R036_T35ULB_03_46,Arable land,0.0,0.0
S2B_MSIL2A_20170927T094019_N9999_R036_T35ULB_04_51,Arable land,0.0,0.0
S2B_MSIL2A_20170927T094019_N9999_R036_T35ULB_04_75,Arable land,0.0,0.0
S2B_MSIL2A_20170927T094019_N9999_R036_T35ULB_05_57,Arable land,0.0,0.0
S2B_MSIL2A_20170927T094019_N9999_R036_T35ULB_06_39,Arable land,0.0,0.0
S2B_MSIL2A_20170927T094019_N9999_R036_T35ULB_06_44,Arable land,0.0,0.0
S2B_MSIL2A_20170927T094019_N9999_R036_T35ULB_07_26,Arable land,0.0,0.0
S2B_MSIL2A_20170927T094019_N9999_R036_T35ULB_07_33,Arable land,0.0,0.0
S2B_MSIL2A_20170927T094019_N9999_R036_T35ULB_07_59,Arable land,0.0,0.0
S2B_MSIL2A_20170927T094019_N9999_R036_T35ULB_07_74,Arable land,0.0,0.0
S2B_MSIL2A_20170927T094019_N9999_R036_T35ULB_07_79,Arable land,0.0,0.0
S2B_MSIL2A_20170927T094019_N9999_R036_T35ULB_08_56,Arable land,0.0,0.0
S2B_MSIL2A_20170927T094019_N9999_R036_T35ULB_09_01,Arable land,0.0,0.0
S2B_MSIL2A_20170927T094019_N9999_R036_T35ULB_09_13,Arable land,0.0,0.0
S2B_MSIL2A_20170927T094019_N9999_R036_T35ULB_11_10,Arable land,0.0,0.0
S2B_MSIL2A_20170927T094019_N9999_R036_T35ULB_11_90,Complex cultivation patterns,5.0,0.0
S2B_MSIL2A_20170927T094019_N9999_R036_T35ULB_12_11,Arable land,0.0,0.0
S2B_MSIL2A_20170927T094019_N9999_R036_T35ULB_12_17,Arable land,0.0,0.0
S2B_MSIL2A_20170927T094019_N9999_R036_T35ULB_13_33,Arable land,0.0,0.0
S2B_MSIL2A_20170927T094019_N9999_R036_T35ULB_14_45,Broad-leaved forest,2.0,2.0
S2B_MSIL2A_20170927T094019_N9999_R036_T35ULB_14_55,Arable land,0.0,0.0
S2B_MSIL2A_20170927T094019_N9999_R036_T35ULB_15_63,Arable land,0.0,0.0
S2B_MSIL2A_20170927T094019_N9999_R036_T35ULB_16_78,Arable land,0.0,0.0
S2B_MSIL2A_20170927T094019_N9999_R036_T35ULB_17_06,Arable land,0.0,0.0
S2B_MSIL2A_20170927T094019_N9999_R036_T35ULB_17_74,Arable land,0.0,0.0
S2B_MSIL2A_20170927T094019_N9999_R036_T35ULB_17_83,Broad-leaved forest,2.0,1.0
S2B_MSIL2A_20170927T094019_N9999_R036_T35ULB_18_71,Arable land,0.0,0.0
S2B_MSIL2A_20170927T094019_N9999_R036_T35ULB_19_74,Arable land,0.0,0.0
S2B_MSIL2A_20170927T094019_N9999_R036_T35ULB_20_01,Arable land,0.0,0.0
S2B_MSIL2A_20170927T094019_N9999_R036_T35ULB_20_21,Arable land,0.0,0.0
S2B_MSIL2A_20170927T094019_N9999_R036_T35ULB_20_86,Broad-leaved forest,2.0,1.0
S2B_MSIL2A_20170927T094019_N9999_R036_T35ULB_21_06,Arable land,0.0,0.0
S2B_MSIL2A_20170927T094019_N9999_R036_T35ULB_21_12,Arable land,0.0,0.0
S2B_MSIL2A_20170927T094019_N9999_R036_T35ULB_21_89,Broad-leaved forest,2.0,1.0
S2B_MSIL2A_20170927T094019_N9999_R036_T35ULB_22_69,Arable land,0.0,0.0
S2B_MSIL2A_20170927T094019_N9999_R036_T35ULB_22_75,Arable land,0.0,0.0
S2B_MSIL2A_20170927T094019_N9999_R036_T35ULB_23_01,Arable land,0.0,0.0
S2B_MSIL2A_20170927T094019_N9999_R036_T35ULB_23_04,Arable land,0.0,0.0
S2B_MSIL2A_20170927T094019_N9999_R036_T35ULB_23_59,Arable land,0.0,0.0
S2B_MSIL2A_20170927T094019_N9999_R036_T35ULB_23_68,Arable land,0.0,0.0
S2B_MSIL2A_20170927T094019_N9999_R036_T35ULB_24_37,Arable land,0.0,0.0
S2B_MSIL2A_20170927T094019_N9999_R036_T35ULB_25_32,Arable land,0.0,0.0
S2B_MSIL2A_20170927T094019_N9999_R036_T35ULB_25_57,Arable land,0.0,0.0
S2B_MSIL2A_20170927T094019_N9999_R036_T35ULB_26_88,Coniferous forest,1.0,1.0
S2B_MSIL2A_20170927T094019_N9999_R036_T35ULB_27_03,Arable land,0.0,0.0
S2B_MSIL2A_20170927T094019_N9999_R036_T35ULB_28_71,Arable land,0.0,0.0
S2B_MSIL2A_20170927T094019_N9999_R036_T35ULB_29_03,Arable land,0.0,0.0
S2B_MSIL2A_20170927T094019_N9999_R036_T35ULB_30_79,Coniferous forest,1.0,1.0
S2B_MSIL2A_20170927T094019_N9999_R036_T35ULB_31_10,Arable land,0.0,0.0
S2B_MSIL2A_20170927T094019_N9999_R036_T35ULB_31_55,Arable land,0.0,0.0
S2B_MSIL2A_20170927T094019_N9999_R036_T35ULB_31_71,Arable land,0.0,1.0
S2B_MSIL2A_20170927T094019_N9999_R036_T35ULB_32_27,Arable land,0.0,0.0
S2B_MSIL2A_20170927T094019_N9999_R036_T35ULB_32_83,Arable land,0.0,0.0
S2B_MSIL2A_20170927T094019_N9999_R036_T35ULB_33_49,Arable land,0.0,1.0
S2B_MSIL2A_20170927T094019_N9999_R036_T35ULB_33_53,Arable land,0.0,0.0
S2B_MSIL2A_20170927T094019_N9999_R036_T35ULB_34_02,Arable land,0.0,1.0
S2B_MSIL2A_20170927T094019_N9999_R036_T35ULB_34_17,Arable land,0.0,0.0
S2B_MSIL2A_20170927T094019_N9999_R036_T35ULB_34_29,Arable land,0.0,0.0
S2B_MSIL2A_20170927T094019_N9999_R036_T35ULB_35_53,Arable land,0.0,0.0
S2B_MSIL2A_20170927T094019_N9999_R036_T35ULB_36_67,Arable land,0.0,1.0
S2B_MSIL2A_20170927T094019_N9999_R036_T35ULB_36_73,Broad-leaved forest,2.0,0.0
S2B_MSIL2A_20170927T094019_N9999_R036_T35ULB_37_45,Arable land,0.0,1.0
S2B_MSIL2A_20170927T094019_N9999_R036_T35ULB_37_60,Arable land,0.0,0.0
S2B_MSIL2A_20170927T094019_N9999_R036_T35ULB_38_12,Arable land,0.0,0.0
S2B_MSIL2A_20170927T094019_N9999_R036_T35ULB_38_67,Arable land,0.0,0.0
S2B_MSIL2A_20170927T094019_N9999_R036_T35ULB_39_62,Arable land,0.0,0.0
S2B_MSIL2A_20170927T094019_N9999_R036_T35ULB_40_20,Arable land,0.0,0.0
S2B_MSIL2A_20170927T094019_N9999_R036_T35ULB_40_67,Arable land,0.0,0.0
S2B_MSIL2A_20170927T094019_N9999_R036_T35ULB_41_87,Arable land,0.0,0.0
S2B_MSIL2A_20170927T094019_N9999_R036_T35ULB_42_71,Arable land,0.0,0.0
S2B_MSIL2A_20170927T094019_N9999_R036_T35ULB_44_81,Arable land,0.0,0.0
S2B_MSIL2A_20170927T094019_N9999_R036_T35ULB_45_04,Arable land,0.0,0.0
S2B_MSIL2A_20170927T094019_N9999_R036_T35ULB_45_14,Arable land,0.0,0.0
S2B_MSIL2A_20170927T094019_N9999_R036_T35ULB_45_34,Arable land,0.0,1.0
S2B_MSIL2A_20170927T094019_N9999_R036_T35ULB_45_39,Broad-leaved forest,2.0,1.0
S2B_MSIL2A_20170927T094019_N9999_R036_T35ULB_46_46,Arable land,0.0,0.0
S2B_MSIL2A_20170927T094019_N9999_R036_T35ULB_46_83,Arable land,0.0,1.0
S2B_MSIL2A_20170927T094019_N9999_R036_T35ULB_47_53,Arable land,0.0,0.0
S2B_MSIL2A_20170927T094019_N9999_R036_T35ULB_48_00,Arable land,0.0,1.0
S2B_MSIL2A_20170927T094019_N9999_R036_T35ULB_48_21,Arable land,0.0,0.0
S2B_MSIL2A_20170927T094019_N9999_R036_T35ULB_48_80,Arable land,0.0,0.0
S2B_MSIL2A_20170927T094019_N9999_R036_T35ULB_49_54,Arable land,0.0,0.0
S2B_MSIL2A_20170927T094019_N9999_R036_T35ULB_50_16,Arable land,0.0,1.0
S2B_MSIL2A_20170927T094019_N9999_R036_T35ULB_50_80,Arable land,0.0,0.0
S2B_MSIL2A_20170927T094019_N9999_R036_T35ULB_50_82,Arable land,0.0,0.0
S2B_MSIL2A_20170927T094019_N9999_R036_T35ULB_51_32,Broad-leaved forest,2.0,1.0
S2B_MSIL2A_20170927T094019_N9999_R036_T35ULB_52_01,Arable land,0.0,0.0
S2B_MSIL2A_20170927T094019_N9999_R036_T35ULB_52_05,Arable land,0.0,0.0
S2B_MSIL2A_20170927T094019_N9999_R036_T35ULB_52_11,Arable land,0.0,0.0
S2B_MSIL2A_20170927T094019_N9999_R036_T35ULB_52_39,Arable land,0.0,0.0
S2B_MSIL2A_20170927T094019_N9999_R036_T35ULB_52_40,Arable land,0.0,0.0
S2B_MSIL2A_20170927T094019_N9999_R036_T35ULB_53_05,Arable land,0.0,0.0
S2B_MSIL2A_20170927T094019_N9999_R036_T35ULB_53_80,Arable land,0.0,0.0
S2B_MSIL2A_20170927T094019_N9999_R036_T35ULB_54_24,Arable land,0.0,0.0
S2B_MSIL2A_20170927T094019_N9999_R036_T35ULB_54_42,Arable land,0.0,0.0
S2B_MSIL2A_20170927T094019_N9999_R036_T35ULB_54_64,Arable land,0.0,0.0
S2B_MSIL2A_20170927T094019_N9999_R036_T35ULB_54_76,Arable land,0.0,1.0
S2B_MSIL2A_20170927T094019_N9999_R036_T35ULB_55_41,Arable land,0.0,0.0
S2B_MSIL2A_20170927T094019_N9999_R036_T35ULB_55_59,Arable land,0.0,0.0
S2B_MSIL2A_20170927T094019_N9999_R036_T35ULB_56_11,Arable land,0.0,0.0
S2B_MSIL2A_20170927T094019_N9999_R036_T35ULB_56_23,Arable land,0.0,0.0
S2B_MSIL2A_20170927T094019_N9999_R036_T35ULB_56_77,Arable land,0.0,0.0
S2B_MSIL2A_20170927T094019_N9999_R036_T35ULB_57_03,Arable land,0.0,0.0
S2B_MSIL2A_20170927T094019_N9999_R036_T35ULB_57_17,Arable land,0.0,0.0
S2B_MSIL2A_20170927T094019_N9999_R036_T35ULB_57_59,Arable land,0.0,0.0
S2B_MSIL2A_20170927T094019_N9999_R036_T35ULB_58_35,Coniferous forest,1.0,0.0
S2B_MSIL2A_20170927T094019_N9999_R036_T35ULB_58_36,Arable land,0.0,1.0
S2B_MSIL2A_20170927T094019_N9999_R036_T35ULB_58_56,Arable land,0.0,0.0
S2B_MSIL2A_20170927T094019_N9999_R036_T35ULB_60_47,Arable land,0.0,1.0
S2B_MSIL2A_20170927T094019_N9999_R036_T35ULB_61_39,Arable land,0.0,0.0
S2B_MSIL2A_20170927T094019_N9999_R036_T35ULB_62_13,Inland wetlands,10.0,0.0
S2B_MSIL2A_20170927T094019_N9999_R036_T35ULB_62_16,Arable land,0.0,0.0
S2B_MSIL2A_20170927T094019_N9999_R036_T35ULB_62_37,Arable land,0.0,0.0
S2B_MSIL2A_20170927T094019_N9999_R036_T35ULB_63_53,Arable land,0.0,0.0
S2B_MSIL2A_20170927T094019_N9999_R036_T35ULB_63_66,Broad-leaved forest,2.0,0.0
S2B_MSIL2A_20170927T094019_N9999_R036_T35ULB_63_72,Complex cultivation patterns,5.0,0.0
S2B_MSIL2A_20170927T094019_N9999_R036_T35ULB_63_78,Arable land,0.0,1.0
S2B_MSIL2A_20170927T094019_N9999_R036_T35ULB_65_06,Arable land,0.0,2.0
S2B_MSIL2A_20170927T094019_N9999_R036_T35ULB_65_26,Broad-leaved forest,2.0,1.0
S2B_MSIL2A_20170927T094019_N9999_R036_T35ULB_65_32,Coniferous forest,1.0,1.0
S2B_MSIL2A_20170927T094019_N9999_R036_T35ULB_67_35,Arable land,0.0,0.0
S2B_MSIL2A_20170927T094019_N9999_R036_T35ULB_68_20,Broad-leaved forest,2.0,1.0
S2B_MSIL2A_20170927T094019_N9999_R036_T35ULB_68_24,Broad-leaved forest,2.0,1.0
S2B_MSIL2A_20170927T094019_N9999_R036_T35ULB_68_61,Arable land,0.0,0.0
S2B_MSIL2A_20170927T094019_N9999_R036_T35ULB_68_73,Arable land,0.0,7.0
S2B_MSIL2A_20170927T094019_N9999_R036_T35ULB_69_50,Arable land,0.0,1.0
S2B_MSIL2A_20170927T094019_N9999_R036_T35ULB_69_51,Arable land,0.0,0.0
S2B_MSIL2A_20170927T094019_N9999_R036_T35ULB_69_69,Arable land,0.0,0.0
S2B_MSIL2A_20170927T094019_N9999_R036_T35ULB_69_72,Arable land,0.0,0.0
S2B_MSIL2A_20170927T094019_N9999_R036_T35ULB_70_24,Coniferous forest,1.0,1.0
S2B_MSIL2A_20170927T094019_N9999_R036_T35ULB_70_29,Coniferous forest,1.0,1.0
S2B_MSIL2A_20170927T094019_N9999_R036_T35ULB_70_36,Arable land,0.0,0.0
S2B_MSIL2A_20170927T094019_N9999_R036_T35ULB_70_55,Arable land,0.0,0.0
S2B_MSIL2A_20170927T094019_N9999_R036_T35ULB_71_40,Arable land,0.0,0.0
S2B_MSIL2A_20170927T094019_N9999_R036_T35ULB_71_78,Arable land,0.0,0.0
S2B_MSIL2A_20170927T094019_N9999_R036_T35ULB_72_54,Arable land,0.0,0.0
S2B_MSIL2A_20170927T094019_N9999_R036_T35ULB_72_72,Broad-leaved forest,2.0,2.0
S2B_MSIL2A_20170927T094019_N9999_R036_T35ULB_72_73,Broad-leaved forest,2.0,2.0
S2B_MSIL2A_20170927T094019_N9999_R036_T35ULB_72_77,Complex cultivation patterns,5.0,2.0
S2B_MSIL2A_20170927T094019_N9999_R036_T35ULB_73_02,Arable land,0.0,0.0
S2B_MSIL2A_20170927T094019_N9999_R036_T35ULB_73_25,Coniferous forest,1.0,1.0
S2B_MSIL2A_20170927T094019_N9999_R036_T35ULB_73_89,Arable land,0.0,0.0
S2B_MSIL2A_20170927T094019_N9999_R036_T35ULB_74_76,Broad-leaved forest,2.0,1.0
S2B_MSIL2A_20170927T094019_N9999_R036_T35ULB_76_44,Arable land,0.0,0.0
S2B_MSIL2A_20170927T094019_N9999_R036_T35ULB_77_22,Coniferous forest,1.0,1.0
S2B_MSIL2A_20170927T094019_N9999_R036_T35ULB_77_25,Arable land,0.0,0.0
S2B_MSIL2A_20170927T094019_N9999_R036_T35ULB_78_48,Arable land,0.0,0.0
S2B_MSIL2A_20170927T094019_N9999_R036_T35ULB_80_05,Arable land,0.0,0.0
S2B_MSIL2A_20170927T094019_N9999_R036_T35ULB_80_12,Arable land,0.0,0.0
S2B_MSIL2A_20170927T094019_N9999_R036_T35ULB_80_77,Broad-leaved forest,2.0,1.0
S2B_MSIL2A_20170927T094019_N9999_R036_T35ULB_81_15,Arable land,0.0,0.0
S2B_MSIL2A_20170927T094019_N9999_R036_T35ULB_82_50,Complex cultivation patterns,5.0,0.0
S2B_MSIL2A_20170927T094019_N9999_R036_T35ULB_82_69,Arable land,0.0,1.0
S2B_MSIL2A_20170927T094019_N9999_R036_T35ULB_83_16,Arable land,0.0,0.0
S2B_MSIL2A_20170927T094019_N9999_R036_T35ULB_83_30,Arable land,0.0,0.0
S2B_MSIL2A_20170927T094019_N9999_R036_T35ULB_84_48,Complex cultivation patterns,5.0,0.0
S2B_MSIL2A_20170927T094019_N9999_R036_T35ULB_86_42,Arable land,0.0,0.0
S2B_MSIL2A_20170927T094019_N9999_R036_T35ULB_86_43,Arable land,0.0,0.0
S2B_MSIL2A_20170927T094019_N9999_R036_T35ULB_86_67,Coniferous forest,1.0,1.0
S2B_MSIL2A_20170927T094019_N9999_R036_T35ULB_86_85,Broad-leaved forest,2.0,0.0
S2B_MSIL2A_20170927T094019_N9999_R036_T35ULB_87_24,Arable land,0.0,0.0
S2B_MSIL2A_20170927T094019_N9999_R036_T35ULB_87_54,Broad-leaved forest,2.0,2.0
S2B_MSIL2A_20170927T094019_N9999_R036_T35ULB_88_02,Arable land,0.0,0.0
S2B_MSIL2A_20170927T094019_N9999_R036_T35ULB_88_22,Arable land,0.0,0.0
S2B_MSIL2A_20170927T094019_N9999_R036_T35ULB_88_63,Broad-leaved forest,2.0,0.0
S2B_MSIL2A_20170927T094019_N9999_R036_T35ULB_88_65,Complex cultivation patterns,5.0,1.0
S2B_MSIL2A_20170927T094019_N9999_R036_T35VLC_00_55,Arable land,0.0,0.0
S2B_MSIL2A_20170927T094019_N9999_R036_T35VLC_01_57,Arable land,0.0,0.0
S2B_MSIL2A_20170927T094019_N9999_R036_T35VLC_02_78,Arable land,0.0,0.0
S2B_MSIL2A_20170927T094019_N9999_R036_T35VLC_02_84,Arable land,0.0,0.0
S2B_MSIL2A_20170927T094019_N9999_R036_T35VLC_02_85,Arable land,0.0,0.0
S2B_MSIL2A_20170927T094019_N9999_R036_T35VLC_04_82,Broad-leaved forest,2.0,1.0
S2B_MSIL2A_20170927T094019_N9999_R036_T35VLC_05_90,Arable land,0.0,0.0
S2B_MSIL2A_20170927T094019_N9999_R036_T35VLC_06_45,Arable land,0.0,0.0
S2B_MSIL2A_20170927T094019_N9999_R036_T35VLC_06_61,Arable land,0.0,0.0
S2B_MSIL2A_20170927T094019_N9999_R036_T35VLC_06_66,Arable land,0.0,0.0
S2B_MSIL2A_20170927T094019_N9999_R036_T35VLC_06_88,Arable land,0.0,0.0
S2B_MSIL2A_20170927T094019_N9999_R036_T35VLC_09_84,Arable land,0.0,0.0
S2B_MSIL2A_20170927T094019_N9999_R036_T35VLC_14_84,Arable land,0.0,2.0
S2B_MSIL2A_20170927T094019_N9999_R036_T35VLC_15_71,Arable land,0.0,0.0
S2B_MSIL2A_20170927T094019_N9999_R036_T35VLC_16_67,Arable land,0.0,0.0
S2B_MSIL2A_20170927T094019_N9999_R036_T35VLC_19_61,Arable land,0.0,0.0
S2B_MSIL2A_20170927T094019_N9999_R036_T35VLC_19_70,Arable land,0.0,0.0
S2B_MSIL2A_20170927T094019_N9999_R036_T35VLC_19_86,Arable land,0.0,0.0
S2B_MSIL2A_20170927T094019_N9999_R036_T35VLC_20_55,Arable land,0.0,0.0
S2B_MSIL2A_20170927T094019_N9999_R036_T35VLC_24_70,Arable land,0.0,0.0
S2B_MSIL2A_20170927T094019_N9999_R036_T35VLC_25_52,Arable land,0.0,0.0
S2B_MSIL2A_20170927T094019_N9999_R036_T35VLC_27_60,Arable land,0.0,0.0
S2B_MSIL2A_20170927T094019_N9999_R036_T35VLC_28_75,Arable land,0.0,0.0
S2B_MSIL2A_20170927T094019_N9999_R036_T35VLC_29_69,Arable land,0.0,0.0
S2B_MSIL2A_20170927T094019_N9999_R036_T35VLC_29_82,Arable land,0.0,0.0
S2B_MSIL2A_20170927T094019_N9999_R036_T35VLC_30_56,Arable land,0.0,0.0
S2B_MSIL2A_20170927T094019_N9999_R036_T35VLC_30_62,Arable land,0.0,0.0
S2B_MSIL2A_20170927T094019_N9999_R036_T35VLC_31_62,Arable land,0.0,0.0
S2B_MSIL2A_20170927T094019_N9999_R036_T35VLC_32_72,Arable land,0.0,0.0
S2B_MSIL2A_20170927T094019_N9999_R036_T35VLC_35_71,Arable land,0.0,0.0
S2B_MSIL2A_20170927T094019_N9999_R036_T35VLC_35_75,Arable land,0.0,0.0
S2B_MSIL2A_20170927T094019_N9999_R036_T35VLC_35_83,Arable land,0.0,0.0
S2B_MSIL2A_20170927T094019_N9999_R036_T35VLC_36_61,Arable land,0.0,0.0
S2B_MSIL2A_20170927T094019_N9999_R036_T35VLC_36_79,Arable land,0.0,0.0
S2B_MSIL2A_20170927T094019_N9999_R036_T35VLC_37_50,Arable land,0.0,0.0
S2B_MSIL2A_20170927T094019_N9999_R036_T35VLC_37_81,Broad-leaved forest,2.0,2.0
S2B_MSIL2A_20170927T094019_N9999_R036_T35VLC_37_84,Mixed forest,9.0,2.0
S2B_MSIL2A_20170927T094019_N9999_R036_T35VLC_38_53,Arable land,0.0,0.0
S2B_MSIL2A_20170927T094019_N9999_R036_T35VLC_38_79,Arable land,0.0,0.0
S2B_MSIL2A_20170927T094019_N9999_R036_T35VLC_39_85,Coniferous forest,1.0,1.0
S2B_MSIL2A_20170927T094019_N9999_R036_T35VLC_43_69,Arable land,0.0,0.0
S2B_MSIL2A_20170927T094019_N9999_R036_T35VLC_45_88,Arable land,0.0,0.0
S2B_MSIL2A_20170927T094019_N9999_R036_T35VLC_46_58,Arable land,0.0,0.0
S2B_MSIL2A_20170927T094019_N9999_R036_T35VLC_46_76,Arable land,0.0,0.0
S2B_MSIL2A_20170927T094019_N9999_R036_T35VLC_46_88,Arable land,0.0,0.0
S2B_MSIL2A_20170927T094019_N9999_R036_T35VLC_47_65,Arable land,0.0,0.0
S2B_MSIL2A_20170927T094019_N9999_R036_T35VLC_50_38,Arable land,0.0,0.0
S2B_MSIL2A_20170927T094019_N9999_R036_T35VLC_50_41,Arable land,0.0,0.0
S2B_MSIL2A_20170927T094019_N9999_R036_T35VLC_50_52,Arable land,0.0,0.0
S2B_MSIL2A_20170927T094019_N9999_R036_T35VLC_51_79,Arable land,0.0,0.0
S2B_MSIL2A_20170927T094019_N9999_R036_T35VLC_51_89,Arable land,0.0,0.0
S2B_MSIL2A_20170927T094019_N9999_R036_T35VLC_52_50,Arable land,0.0,0.0
S2B_MSIL2A_20170927T094019_N9999_R036_T35VLC_53_53,Arable land,0.0,0.0
S2B_MSIL2A_20170927T094019_N9999_R036_T35VLC_53_78,Arable land,0.0,0.0
S2B_MSIL2A_20170927T094019_N9999_R036_T35VLC_54_44,Broad-leaved forest,2.0,1.0
S2B_MSIL2A_20170927T094019_N9999_R036_T35VLC_54_57,Complex cultivation patterns,5.0,0.0
S2B_MSIL2A_20170927T094019_N9999_R036_T35VLC_54_76,Arable land,0.0,0.0
S2B_MSIL2A_20170927T094019_N9999_R036_T35VLC_54_88,Arable land,0.0,0.0
S2B_MSIL2A_20170927T094019_N9999_R036_T35VLC_56_62,Arable land,0.0,2.0
S2B_MSIL2A_20170927T094019_N9999_R036_T35VLC_58_62,Arable land,0.0,1.0
S2B_MSIL2A_20170927T094019_N9999_R036_T35VLC_58_68,Arable land,0.0,0.0
S2B_MSIL2A_20170927T094019_N9999_R036_T35VLC_59_90,Arable land,0.0,0.0
S2B_MSIL2A_20170927T094019_N9999_R036_T35VLC_60_79,Arable land,0.0,1.0
S2B_MSIL2A_20170927T094019_N9999_R036_T35VLC_61_56,Broad-leaved forest,2.0,2.0
S2B_MSIL2A_20170927T094019_N9999_R036_T35VLC_65_61,Arable land,0.0,0.0
S2B_MSIL2A_20170927T094019_N9999_R036_T35VLC_65_64,Arable land,0.0,0.0
S2B_MSIL2A_20170927T094019_N9999_R036_T35VLC_66_58,Arable land,0.0,1.0
S2B_MSIL2A_20170927T094019_N9999_R036_T35VLC_68_74,Arable land,0.0,2.0
S2B_MSIL2A_20170927T094019_N9999_R036_T35VLC_68_86,Arable land,0.0,0.0
S2B_MSIL2A_20170927T094019_N9999_R036_T35VLC_72_79,Arable land,0.0,0.0
S2B_MSIL2A_20170927T094019_N9999_R036_T35VLC_72_83,Arable land,0.0,0.0
S2B_MSIL2A_20170927T094019_N9999_R036_T35VLC_77_61,Arable land,0.0,0.0
S2B_MSIL2A_20170927T094019_N9999_R036_T35VLC_77_65,Arable land,0.0,1.0
S2B_MSIL2A_20170927T094019_N9999_R036_T35VLC_81_79,Arable land,0.0,1.0
S2B_MSIL2A_20170927T094019_N9999_R036_T35VLC_82_82,Arable land,0.0,1.0
S2B_MSIL2A_20170927T094019_N9999_R036_T35VLC_84_65,Arable land,0.0,0.0
S2B_MSIL2A_20170927T094019_N9999_R036_T35VLC_84_68,Arable land,0.0,0.0
S2B_MSIL2A_20170927T094019_N9999_R036_T35VLC_90_72,Arable land,0.0,1.0
S2B_MSIL2A_20170927T094019_N9999_R036_T35VLC_90_89,Arable land,0.0,0.0
S2B_MSIL2A_20170930T095019_N9999_R079_T34UEG_00_34,Marine waters,3.0,3.0
S2B_MSIL2A_20170930T095019_N9999_R079_T34UEG_01_33,Marine waters,3.0,3.0
S2B_MSIL2A_20170930T095019_N9999_R079_T34UEG_01_61,Marine waters,3.0,3.0
S2B_MSIL2A_20170930T095019_N9999_R079_T34UEG_03_09,"Beaches, dunes, sands",13.0,0.0
S2B_MSIL2A_20170930T095019_N9999_R079_T34UEG_05_61,Marine waters,3.0,3.0
S2B_MSIL2A_20170930T095019_N9999_R079_T34UEG_07_15,Arable land,0.0,0.0
S2B_MSIL2A_20170930T095019_N9999_R079_T34UEG_07_49,Marine waters,3.0,3.0
S2B_MSIL2A_20170930T095019_N9999_R079_T34UEG_08_56,Marine waters,3.0,3.0
S2B_MSIL2A_20170930T095019_N9999_R079_T34UEG_08_63,Marine waters,3.0,3.0
S2B_MSIL2A_20170930T095019_N9999_R079_T34UEG_09_40,Marine waters,3.0,3.0
S2B_MSIL2A_20170930T095019_N9999_R079_T34UEG_10_25,Complex cultivation patterns,5.0,0.0
S2B_MSIL2A_20170930T095019_N9999_R079_T34UEG_10_37,Inland wetlands,10.0,3.0
S2B_MSIL2A_20170930T095019_N9999_R079_T34UEG_11_07,Arable land,0.0,0.0
S2B_MSIL2A_20170930T095019_N9999_R079_T34UEG_12_03,Arable land,0.0,0.0
S2B_MSIL2A_20170930T095019_N9999_R079_T34UEG_12_56,Inland wetlands,10.0,1.0
S2B_MSIL2A_20170930T095019_N9999_R079_T34UEG_12_60,Marine waters,3.0,3.0
S2B_MSIL2A_20170930T095019_N9999_R079_T34UEG_13_56,Inland waters,6.0,0.0
S2B_MSIL2A_20170930T095019_N9999_R079_T34UEG_14_48,Complex cultivation patterns,5.0,0.0
S2B_MSIL2A_20170930T095019_N9999_R079_T34UEG_15_33,Arable land,0.0,0.0
S2B_MSIL2A_20170930T095019_N9999_R079_T34UEG_15_60,Inland waters,6.0,0.0
S2B_MSIL2A_20170930T095019_N9999_R079_T34UEG_16_33,Arable land,0.0,0.0
S2B_MSIL2A_20170930T095019_N9999_R079_T34UEG_16_34,Arable land,0.0,0.0
S2B_MSIL2A_20170930T095019_N9999_R079_T34UEG_17_50,Broad-leaved forest,2.0,1.0
S2B_MSIL2A_20170930T095019_N9999_R079_T34UEG_17_59,Arable land,0.0,0.0
S2B_MSIL2A_20170930T095019_N9999_R079_T34UEG_19_04,Arable land,0.0,0.0
S2B_MSIL2A_20170930T095019_N9999_R079_T34UEG_19_42,Arable land,0.0,0.0
S2B_MSIL2A_20170930T095019_N9999_R079_T34UEG_19_45,Arable land,0.0,0.0
S2B_MSIL2A_20170930T095019_N9999_R079_T34UEG_21_07,Arable land,0.0,0.0
S2B_MSIL2A_20170930T095019_N9999_R079_T34UEG_21_10,Arable land,0.0,0.0
S2B_MSIL2A_20170930T095019_N9999_R079_T34UEG_23_10,Arable land,0.0,0.0
S2B_MSIL2A_20170930T095019_N9999_R079_T34UEG_23_42,Arable land,0.0,0.0
S2B_MSIL2A_20170930T095019_N9999_R079_T34UEG_24_20,Arable land,0.0,0.0
S2B_MSIL2A_20170930T095019_N9999_R079_T34UEG_24_56,Complex cultivation patterns,5.0,0.0
S2B_MSIL2A_20170930T095019_N9999_R079_T34UEG_25_24,Arable land,0.0,0.0
S2B_MSIL2A_20170930T095019_N9999_R079_T34UEG_25_43,Arable land,0.0,0.0
S2B_MSIL2A_20170930T095019_N9999_R079_T34UEG_25_60,Arable land,0.0,0.0
S2B_MSIL2A_20170930T095019_N9999_R079_T34UEG_26_49,Coniferous forest,1.0,1.0
S2B_MSIL2A_20170930T095019_N9999_R079_T34UEG_26_68,Arable land,0.0,0.0
S2B_MSIL2A_20170930T095019_N9999_R079_T34UEG_27_11,Broad-leaved forest,2.0,0.0
S2B_MSIL2A_20170930T095019_N9999_R079_T34UEG_27_21,Arable land,0.0,0.0
S2B_MSIL2A_20170930T095019_N9999_R079_T34UEG_28_05,Arable land,0.0,0.0
S2B_MSIL2A_20170930T095019_N9999_R079_T34UEG_29_38,Coniferous forest,1.0,1.0
S2B_MSIL2A_20170930T095019_N9999_R079_T34UEG_29_45,Arable land,0.0,0.0
S2B_MSIL2A_20170930T095019_N9999_R079_T34UEG_29_52,Arable land,0.0,0.0
S2B_MSIL2A_20170930T095019_N9999_R079_T34UEG_29_53,Arable land,0.0,0.0
S2B_MSIL2A_20170930T095019_N9999_R079_T34UEG_29_55,Arable land,0.0,0.0
S2B_MSIL2A_20170930T095019_N9999_R079_T34UEG_30_00,Arable land,0.0,0.0
S2B_MSIL2A_20170930T095019_N9999_R079_T34UEG_30_03,Arable land,0.0,0.0
S2B_MSIL2A_20170930T095019_N9999_R079_T34UEG_30_15,Arable land,0.0,0.0
S2B_MSIL2A_20170930T095019_N9999_R079_T34UEG_30_43,Complex cultivation patterns,5.0,0.0
S2B_MSIL2A_20170930T095019_N9999_R079_T34UEG_31_16,Arable land,0.0,0.0
S2B_MSIL2A_20170930T095019_N9999_R079_T34UEG_31_22,Arable land,0.0,0.0
S2B_MSIL2A_20170930T095019_N9999_R079_T34UEG_31_48,Arable land,0.0,0.0
S2B_MSIL2A_20170930T095019_N9999_R079_T34UEG_31_57,Arable land,0.0,0.0
S2B_MSIL2A_20170930T095019_N9999_R079_T34UEG_32_53,Broad-leaved forest,2.0,1.0
S2B_MSIL2A_20170930T095019_N9999_R079_T34UEG_32_63,Arable land,0.0,0.0
S2B_MSIL2A_20170930T095019_N9999_R079_T34UEG_33_16,Mixed forest,9.0,1.0
S2B_MSIL2A_20170930T095019_N9999_R079_T34UEG_33_36,Arable land,0.0,0.0
S2B_MSIL2A_20170930T095019_N9999_R079_T34UEG_35_38,Arable land,0.0,0.0
S2B_MSIL2A_20170930T095019_N9999_R079_T34UEG_35_41,Complex cultivation patterns,5.0,2.0
S2B_MSIL2A_20170930T095019_N9999_R079_T34UEG_35_69,Broad-leaved forest,2.0,0.0
S2B_MSIL2A_20170930T095019_N9999_R079_T34UEG_35_70,Inland waters,6.0,0.0
S2B_MSIL2A_20170930T095019_N9999_R079_T34UEG_36_31,Arable land,0.0,0.0
S2B_MSIL2A_20170930T095019_N9999_R079_T34UEG_37_56,Arable land,0.0,0.0
S2B_MSIL2A_20170930T095019_N9999_R079_T34UEG_38_19,Arable land,0.0,0.0
S2B_MSIL2A_20170930T095019_N9999_R079_T34UEG_38_60,Arable land,0.0,2.0
S2B_MSIL2A_20170930T095019_N9999_R079_T34UEG_38_64,Arable land,0.0,0.0
S2B_MSIL2A_20170930T095019_N9999_R079_T34UEG_39_10,Arable land,0.0,0.0
S2B_MSIL2A_20170930T095019_N9999_R079_T34UEG_39_17,Arable land,0.0,0.0
S2B_MSIL2A_20170930T095019_N9999_R079_T34UEG_40_27,Broad-leaved forest,2.0,0.0
S2B_MSIL2A_20170930T095019_N9999_R079_T34UEG_40_40,Arable land,0.0,1.0
S2B_MSIL2A_20170930T095019_N9999_R079_T34UEG_41_53,Arable land,0.0,0.0
S2B_MSIL2A_20170930T095019_N9999_R079_T34UEG_42_05,Arable land,0.0,0.0
S2B_MSIL2A_20170930T095019_N9999_R079_T34UEG_42_15,Arable land,0.0,0.0
S2B_MSIL2A_20170930T095019_N9999_R079_T34UEG_42_23,Arable land,0.0,0.0
S2B_MSIL2A_20170930T095019_N9999_R079_T34UEG_42_76,Arable land,0.0,0.0
S2B_MSIL2A_20170930T095019_N9999_R079_T34UEG_43_01,Arable land,0.0,0.0
S2B_MSIL2A_20170930T095019_N9999_R079_T34UEG_43_52,Arable land,0.0,2.0
S2B_MSIL2A_20170930T095019_N9999_R079_T34UEG_44_64,Arable land,0.0,2.0
S2B_MSIL2A_20170930T095019_N9999_R079_T34UEG_46_17,Arable land,0.0,0.0
S2B_MSIL2A_20170930T095019_N9999_R079_T34UEG_46_54,Arable land,0.0,0.0
S2B_MSIL2A_20170930T095019_N9999_R079_T34UEG_47_62,Arable land,0.0,0.0
S2B_MSIL2A_20170930T095019_N9999_R079_T34UEG_48_51,Complex cultivation patterns,5.0,0.0
S2B_MSIL2A_20170930T095019_N9999_R079_T34UEG_50_40,Arable land,0.0,0.0
S2B_MSIL2A_20170930T095019_N9999_R079_T34UEG_50_50,Arable land,0.0,0.0
S2B_MSIL2A_20170930T095019_N9999_R079_T34UEG_50_64,Arable land,0.0,2.0
S2B_MSIL2A_20170930T095019_N9999_R079_T34UEG_50_69,Arable land,0.0,0.0
S2B_MSIL2A_20170930T095019_N9999_R079_T34UEG_51_01,Arable land,0.0,0.0
S2B_MSIL2A_20170930T095019_N9999_R079_T34UEG_51_10,Arable land,0.0,0.0
S2B_MSIL2A_20170930T095019_N9999_R079_T34UEG_51_18,Arable land,0.0,0.0
S2B_MSIL2A_20170930T095019_N9999_R079_T34UEG_51_26,Arable land,0.0,0.0
S2B_MSIL2A_20170930T095019_N9999_R079_T34UEG_51_28,Arable land,0.0,0.0
S2B_MSIL2A_20170930T095019_N9999_R079_T34UEG_51_69,Arable land,0.0,0.0
S2B_MSIL2A_20170930T095019_N9999_R079_T34UEG_52_53,Arable land,0.0,0.0
S2B_MSIL2A_20170930T095019_N9999_R079_T34UEG_53_09,Arable land,0.0,1.0
S2B_MSIL2A_20170930T095019_N9999_R079_T34UEG_54_41,Arable land,0.0,0.0
S2B_MSIL2A_20170930T095019_N9999_R079_T34UEG_54_61,Arable land,0.0,0.0
S2B_MSIL2A_20170930T095019_N9999_R079_T34UEG_55_36,Arable land,0.0,0.0
S2B_MSIL2A_20170930T095019_N9999_R079_T34UEG_55_38,Arable land,0.0,0.0
S2B_MSIL2A_20170930T095019_N9999_R079_T34UEG_55_57,Arable land,0.0,0.0
S2B_MSIL2A_20170930T095019_N9999_R079_T34UEG_57_23,Mixed forest,9.0,0.0
S2B_MSIL2A_20170930T095019_N9999_R079_T34UEG_57_36,Arable land,0.0,7.0
S2B_MSIL2A_20170930T095019_N9999_R079_T34UEG_57_53,Broad-leaved forest,2.0,0.0
S2B_MSIL2A_20170930T095019_N9999_R079_T34UEG_58_17,Arable land,0.0,0.0
S2B_MSIL2A_20170930T095019_N9999_R079_T34UEG_58_20,Arable land,0.0,0.0
S2B_MSIL2A_20170930T095019_N9999_R079_T34UEG_59_68,Arable land,0.0,0.0
S2B_MSIL2A_20170930T095019_N9999_R079_T34UEG_60_16,Broad-leaved forest,2.0,0.0
S2B_MSIL2A_20170930T095019_N9999_R079_T34UEG_61_55,Mixed forest,9.0,2.0
S2B_MSIL2A_20170930T095019_N9999_R079_T34UEG_62_68,Arable land,0.0,0.0
S2B_MSIL2A_20170930T095019_N9999_R079_T34UEG_63_40,Complex cultivation patterns,5.0,1.0
S2B_MSIL2A_20170930T095019_N9999_R079_T34UEG_63_49,Complex cultivation patterns,5.0,1.0
S2B_MSIL2A_20170930T095019_N9999_R079_T34UEG_65_67,Complex cultivation patterns,5.0,0.0
S2B_MSIL2A_20170930T095019_N9999_R079_T34UEG_67_56,Arable land,0.0,0.0
S2B_MSIL2A_20170930T095019_N9999_R079_T34UEG_68_19,Arable land,0.0,0.0
S2B_MSIL2A_20170930T095019_N9999_R079_T34UEG_69_58,Broad-leaved forest,2.0,0.0
S2B_MSIL2A_20170930T095019_N9999_R079_T34UEG_70_32,Arable land,0.0,0.0
S2B_MSIL2A_20170930T095019_N9999_R079_T34UEG_70_43,Arable land,0.0,0.0
S2B_MSIL2A_20170930T095019_N9999_R079_T34UEG_71_08,Broad-leaved forest,2.0,0.0
S2B_MSIL2A_20170930T095019_N9999_R079_T34UEG_71_16,Arable land,0.0,0.0
S2B_MSIL2A_20170930T095019_N9999_R079_T34UEG_71_25,Arable land,0.0,0.0
S2B_MSIL2A_20170930T095019_N9999_R079_T34UEG_71_60,Complex cultivation patterns,5.0,0.0
S2B_MSIL2A_20170930T095019_N9999_R079_T34UEG_71_79,Arable land,0.0,1.0
S2B_MSIL2A_20170930T095019_N9999_R079_T34UEG_73_67,Arable land,0.0,0.0
S2B_MSIL2A_20170930T095019_N9999_R079_T34UEG_74_09,Arable land,0.0,0.0
S2B_MSIL2A_20170930T095019_N9999_R079_T34UEG_75_13,Arable land,0.0,0.0
S2B_MSIL2A_20170930T095019_N9999_R079_T34UEG_75_25,Arable land,0.0,0.0
S2B_MSIL2A_20170930T095019_N9999_R079_T34UEG_75_77,Coniferous forest,1.0,1.0
S2B_MSIL2A_20170930T095019_N9999_R079_T34UEG_76_13,Arable land,0.0,0.0
S2B_MSIL2A_20170930T095019_N9999_R079_T34UEG_76_35,Arable land,0.0,0.0
S2B_MSIL2A_20170930T095019_N9999_R079_T34UEG_76_42,Arable land,0.0,0.0
S2B_MSIL2A_20170930T095019_N9999_R079_T34UEG_76_77,Coniferous forest,1.0,1.0
S2B_MSIL2A_20170930T095019_N9999_R079_T34UEG_77_13,Arable land,0.0,0.0
S2B_MSIL2A_20170930T095019_N9999_R079_T34UEG_77_38,Arable land,0.0,0.0
S2B_MSIL2A_20170930T095019_N9999_R079_T34UEG_78_25,Arable land,0.0,7.0
S2B_MSIL2A_20170930T095019_N9999_R079_T34UEG_78_70,Broad-leaved forest,2.0,1.0
S2B_MSIL2A_20170930T095019_N9999_R079_T34UEG_79_28,Coniferous forest,1.0,0.0
S2B_MSIL2A_20170930T095019_N9999_R079_T34UEG_79_29,Arable land,0.0,0.0
S2B_MSIL2A_20170930T095019_N9999_R079_T34UEG_79_33,Arable land,0.0,0.0
S2B_MSIL2A_20170930T095019_N9999_R079_T34UEG_79_60,Arable land,0.0,0.0
S2B_MSIL2A_20170930T095019_N9999_R079_T34UEG_79_80,Arable land,0.0,0.0
S2B_MSIL2A_20170930T095019_N9999_R079_T34UEG_79_82,Arable land,0.0,1.0
S2B_MSIL2A_20170930T095019_N9999_R079_T34UEG_80_54,Arable land,0.0,0.0
S2B_MSIL2A_20170930T095019_N9999_R079_T34UEG_80_61,Arable land,0.0,0.0
S2B_MSIL2A_20170930T095019_N9999_R079_T34UEG_81_36,Arable land,0.0,0.0
S2B_MSIL2A_20170930T095019_N9999_R079_T34UEG_81_73,Broad-leaved forest,2.0,1.0
S2B_MSIL2A_20170930T095019_N9999_R079_T34UEG_82_19,Arable land,0.0,0.0
S2B_MSIL2A_20170930T095019_N9999_R079_T34UEG_82_64,Arable land,0.0,0.0
S2B_MSIL2A_20170930T095019_N9999_R079_T34UEG_83_22,Arable land,0.0,0.0
S2B_MSIL2A_20170930T095019_N9999_R079_T34UEG_83_47,Arable land,0.0,0.0
S2B_MSIL2A_20170930T095019_N9999_R079_T34UEG_83_65,Arable land,0.0,1.0
S2B_MSIL2A_20170930T095019_N9999_R079_T34UEG_83_68,Broad-leaved forest,2.0,1.0
S2B_MSIL2A_20170930T095019_N9999_R079_T34UEG_83_80,Complex cultivation patterns,5.0,0.0
S2B_MSIL2A_20170930T095019_N9999_R079_T34UEG_85_31,Arable land,0.0,0.0
S2B_MSIL2A_20170930T095019_N9999_R079_T34UEG_85_43,Arable land,0.0,0.0
S2B_MSIL2A_20170930T095019_N9999_R079_T34UEG_85_68,Arable land,0.0,0.0
S2B_MSIL2A_20170930T095019_N9999_R079_T34UEG_85_78,Arable land,0.0,1.0
S2B_MSIL2A_20170930T095019_N9999_R079_T34UEG_86_70,Arable land,0.0,0.0
S2B_MSIL2A_20170930T095019_N9999_R079_T34UEG_87_48,Arable land,0.0,0.0
S2B_MSIL2A_20170930T095019_N9999_R079_T34UEG_88_49,Arable land,0.0,0.0
S2B_MSIL2A_20170930T095019_N9999_R079_T34UEG_88_52,Arable land,0.0,0.0
S2B_MSIL2A_20170930T095019_N9999_R079_T34UEG_88_84,Arable land,0.0,1.0
S2B_MSIL2A_20170930T095019_N9999_R079_T34UEG_89_14,Arable land,0.0,0.0
S2B_MSIL2A_20170930T095019_N9999_R079_T34UEG_89_24,Arable land,0.0,0.0
S2B_MSIL2A_20170930T095019_N9999_R079_T34UEG_89_38,Arable land,0.0,0.0
S2B_MSIL2A_20170930T095019_N9999_R079_T34UEG_89_40,Broad-leaved forest,2.0,0.0
S2B_MSIL2A_20170930T095019_N9999_R079_T34UEG_89_43,Arable land,0.0,0.0
S2B_MSIL2A_20170930T095019_N9999_R079_T34UEG_90_67,Arable land,0.0,0.0
S2B_MSIL2A_20171015T104009_N9999_R008_T31UGR_01_09,Coniferous forest,1.0,0.0
S2B_MSIL2A_20171015T104009_N9999_R008_T31UGR_01_40,Complex cultivation patterns,5.0,0.0
S2B_MSIL2A_20171015T104009_N9999_R008_T31UGR_01_54,Broad-leaved forest,2.0,5.0
S2B_MSIL2A_20171015T104009_N9999_R008_T31UGR_02_46,Arable land,0.0,0.0
S2B_MSIL2A_20171015T104009_N9999_R008_T31UGR_02_54,Broad-leaved forest,2.0,1.0
S2B_MSIL2A_20171015T104009_N9999_R008_T31UGR_02_84,Broad-leaved forest,2.0,0.0
S2B_MSIL2A_20171015T104009_N9999_R008_T31UGR_03_33,Complex cultivation patterns,5.0,0.0
S2B_MSIL2A_20171015T104009_N9999_R008_T31UGR_03_55,Broad-leaved forest,2.0,1.0
S2B_MSIL2A_20171015T104009_N9999_R008_T31UGR_04_19,Complex cultivation patterns,5.0,1.0
S2B_MSIL2A_20171015T104009_N9999_R008_T31UGR_04_20,Coniferous forest,1.0,0.0
S2B_MSIL2A_20171015T104009_N9999_R008_T31UGR_04_43,Complex cultivation patterns,5.0,0.0
S2B_MSIL2A_20171015T104009_N9999_R008_T31UGR_04_78,Arable land,0.0,0.0
S2B_MSIL2A_20171015T104009_N9999_R008_T31UGR_06_07,Coniferous forest,1.0,1.0
S2B_MSIL2A_20171015T104009_N9999_R008_T31UGR_06_08,Coniferous forest,1.0,1.0
S2B_MSIL2A_20171015T104009_N9999_R008_T31UGR_06_13,Coniferous forest,1.0,1.0
S2B_MSIL2A_20171015T104009_N9999_R008_T31UGR_06_26,Complex cultivation patterns,5.0,0.0
S2B_MSIL2A_20171015T104009_N9999_R008_T31UGR_06_31,Complex cultivation patterns,5.0,1.0
S2B_MSIL2A_20171015T104009_N9999_R008_T31UGR_06_59,Arable land,0.0,0.0
S2B_MSIL2A_20171015T104009_N9999_R008_T31UGR_08_04,Coniferous forest,1.0,0.0
S2B_MSIL2A_20171015T104009_N9999_R008_T31UGR_08_46,Complex cultivation patterns,5.0,1.0
S2B_MSIL2A_20171015T104009_N9999_R008_T31UGR_09_31,Complex cultivation patterns,5.0,0.0
S2B_MSIL2A_20171015T104009_N9999_R008_T31UGR_09_49,Broad-leaved forest,2.0,0.0
S2B_MSIL2A_20171015T104009_N9999_R008_T31UGR_09_65,Arable land,0.0,0.0
S2B_MSIL2A_20171015T104009_N9999_R008_T31UGR_10_19,Broad-leaved forest,2.0,1.0
S2B_MSIL2A_20171015T104009_N9999_R008_T31UGR_10_39,Arable land,0.0,0.0
S2B_MSIL2A_20171015T104009_N9999_R008_T31UGR_11_29,Complex cultivation patterns,5.0,0.0
S2B_MSIL2A_20171015T104009_N9999_R008_T31UGR_11_75,Arable land,0.0,0.0
S2B_MSIL2A_20171015T104009_N9999_R008_T31UGR_12_31,Arable land,0.0,0.0
S2B_MSIL2A_20171015T104009_N9999_R008_T31UGR_12_82,Arable land,0.0,0.0
S2B_MSIL2A_20171015T104009_N9999_R008_T31UGR_13_13,Coniferous forest,1.0,0.0
S2B_MSIL2A_20171015T104009_N9999_R008_T31UGR_13_30,Complex cultivation patterns,5.0,0.0
S2B_MSIL2A_20171015T104009_N9999_R008_T31UGR_13_62,Arable land,0.0,0.0
S2B_MSIL2A_20171015T104009_N9999_R008_T31UGR_13_84,Arable land,0.0,0.0
S2B_MSIL2A_20171015T104009_N9999_R008_T31UGR_14_06,Mixed forest,9.0,1.0
S2B_MSIL2A_20171015T104009_N9999_R008_T31UGR_15_79,Arable land,0.0,0.0
S2B_MSIL2A_20171015T104009_N9999_R008_T31UGR_17_46,Arable land,0.0,0.0
S2B_MSIL2A_20171015T104009_N9999_R008_T31UGR_17_52,Arable land,0.0,0.0
S2B_MSIL2A_20171015T104009_N9999_R008_T31UGR_21_47,Broad-leaved forest,2.0,0.0
S2B_MSIL2A_20171015T104009_N9999_R008_T31UGR_21_50,Arable land,0.0,0.0
S2B_MSIL2A_20171015T104009_N9999_R008_T31UGR_22_79,Broad-leaved forest,2.0,1.0
S2B_MSIL2A_20171015T104009_N9999_R008_T31UGR_25_20,Coniferous forest,1.0,0.0
S2B_MSIL2A_20171015T104009_N9999_R008_T31UGR_26_58,Arable land,0.0,0.0
S2B_MSIL2A_20171015T104009_N9999_R008_T31UGR_27_04,Coniferous forest,1.0,1.0
S2B_MSIL2A_20171015T104009_N9999_R008_T31UGR_27_09,Coniferous forest,1.0,0.0
S2B_MSIL2A_20171015T104009_N9999_R008_T31UGR_27_79,Broad-leaved forest,2.0,0.0
S2B_MSIL2A_20171015T104009_N9999_R008_T31UGR_28_65,Arable land,0.0,0.0
S2B_MSIL2A_20171015T104009_N9999_R008_T31UGR_28_83,Arable land,0.0,0.0
S2B_MSIL2A_20171015T104009_N9999_R008_T31UGR_29_08,Coniferous forest,1.0,7.0
S2B_MSIL2A_20171015T104009_N9999_R008_T31UGR_30_14,Complex cultivation patterns,5.0,1.0
S2B_MSIL2A_20171015T104009_N9999_R008_T31UGR_32_06,Coniferous forest,1.0,1.0
S2B_MSIL2A_20171015T104009_N9999_R008_T31UGR_32_82,Arable land,0.0,0.0
S2B_MSIL2A_20171015T104009_N9999_R008_T31UGR_33_14,"Land principally occupied by agriculture, with significant areas of natural vegetation",8.0,0.0
S2B_MSIL2A_20171015T104009_N9999_R008_T31UGR_35_85,Arable land,0.0,0.0
S2B_MSIL2A_20171015T104009_N9999_R008_T31UGR_37_63,Broad-leaved forest,2.0,0.0
S2B_MSIL2A_20171015T104009_N9999_R008_T31UGS_03_84,Broad-leaved forest,2.0,0.0
S2B_MSIL2A_20171015T104009_N9999_R008_T31UGS_04_79,Complex cultivation patterns,5.0,0.0
S2B_MSIL2A_20171015T104009_N9999_R008_T31UGS_05_81,Complex cultivation patterns,5.0,0.0
S2B_MSIL2A_20171015T104009_N9999_R008_T31UGS_08_71,Complex cultivation patterns,5.0,0.0
S2B_MSIL2A_20171015T104009_N9999_R008_T31UGS_09_66,Complex cultivation patterns,5.0,0.0
S2B_MSIL2A_20171015T104009_N9999_R008_T31UGS_12_64,"Land principally occupied by agriculture, with significant areas of natural vegetation",8.0,0.0
S2B_MSIL2A_20171015T104009_N9999_R008_T31UGS_12_86,Coniferous forest,1.0,1.0
S2B_MSIL2A_20171015T104009_N9999_R008_T31UGS_15_90,Complex cultivation patterns,5.0,0.0
S2B_MSIL2A_20171015T104009_N9999_R008_T31UGS_16_90,Complex cultivation patterns,5.0,0.0
S2B_MSIL2A_20171015T104009_N9999_R008_T31UGS_21_71,Mixed forest,9.0,0.0
S2B_MSIL2A_20171016T101009_N9999_R022_T34VDM_00_25,Marine waters,3.0,3.0
S2B_MSIL2A_20171016T101009_N9999_R022_T34VDM_02_12,Marine waters,3.0,3.0
S2B_MSIL2A_20171016T101009_N9999_R022_T34VDM_03_31,Marine waters,3.0,3.0
S2B_MSIL2A_20171016T101009_N9999_R022_T34VDM_04_11,Marine waters,3.0,3.0
S2B_MSIL2A_20171016T101009_N9999_R022_T34VDM_04_29,Marine waters,3.0,3.0
S2B_MSIL2A_20171016T101009_N9999_R022_T34VDM_06_18,Marine waters,3.0,3.0
S2B_MSIL2A_20171016T101009_N9999_R022_T34VDM_09_34,Marine waters,3.0,3.0
S2B_MSIL2A_20171016T101009_N9999_R022_T34VDM_10_01,Marine waters,3.0,3.0
S2B_MSIL2A_20171016T101009_N9999_R022_T34VDM_10_04,Marine waters,3.0,3.0
S2B_MSIL2A_20171016T101009_N9999_R022_T34VDM_10_16,Marine waters,3.0,3.0
S2B_MSIL2A_20171016T101009_N9999_R022_T34VDM_13_10,Marine waters,3.0,3.0
S2B_MSIL2A_20171016T101009_N9999_R022_T34VDM_13_36,Marine waters,3.0,3.0
S2B_MSIL2A_20171016T101009_N9999_R022_T34VDM_14_11,Marine waters,3.0,3.0
S2B_MSIL2A_20171016T101009_N9999_R022_T34VDM_15_13,Coniferous forest,1.0,3.0
S2B_MSIL2A_20171016T101009_N9999_R022_T34VDM_15_35,Marine waters,3.0,3.0
S2B_MSIL2A_20171016T101009_N9999_R022_T34VDM_16_11,Marine waters,3.0,3.0
S2B_MSIL2A_20171016T101009_N9999_R022_T34VDM_17_03,Marine waters,3.0,3.0
S2B_MSIL2A_20171016T101009_N9999_R022_T34VDM_17_24,Coniferous forest,1.0,1.0
S2B_MSIL2A_20171016T101009_N9999_R022_T34VDM_17_32,Marine waters,3.0,3.0
S2B_MSIL2A_20171016T101009_N9999_R022_T34VDM_17_37,Marine waters,3.0,3.0
S2B_MSIL2A_20171016T101009_N9999_R022_T34VDM_20_53,Marine waters,3.0,3.0
S2B_MSIL2A_20171016T101009_N9999_R022_T34VDM_21_28,Marine waters,3.0,3.0
S2B_MSIL2A_20171016T101009_N9999_R022_T34VDM_21_53,Marine waters,3.0,3.0
S2B_MSIL2A_20171016T101009_N9999_R022_T34VDM_21_58,Marine waters,3.0,3.0
S2B_MSIL2A_20171016T101009_N9999_R022_T34VDM_22_35,Marine waters,3.0,3.0
S2B_MSIL2A_20171016T101009_N9999_R022_T34VDM_22_49,Marine waters,3.0,3.0
S2B_MSIL2A_20171016T101009_N9999_R022_T34VDM_23_05,Coniferous forest,1.0,1.0
S2B_MSIL2A_20171016T101009_N9999_R022_T34VDM_23_28,Marine waters,3.0,3.0
S2B_MSIL2A_20171016T101009_N9999_R022_T34VDM_23_49,Marine waters,3.0,3.0
S2B_MSIL2A_20171016T101009_N9999_R022_T34VDM_24_37,Marine waters,3.0,3.0
S2B_MSIL2A_20171016T101009_N9999_R022_T34VDM_24_63,Marine waters,3.0,3.0
S2B_MSIL2A_20171016T101009_N9999_R022_T34VDM_25_07,Marine waters,3.0,3.0
S2B_MSIL2A_20171016T101009_N9999_R022_T34VDM_25_42,Marine waters,3.0,3.0
S2B_MSIL2A_20171016T101009_N9999_R022_T34VDM_25_57,Marine waters,3.0,3.0
S2B_MSIL2A_20171016T101009_N9999_R022_T34VDM_27_30,Marine waters,3.0,3.0
S2B_MSIL2A_20171016T101009_N9999_R022_T34VDM_28_11,Coniferous forest,1.0,3.0
S2B_MSIL2A_20171016T101009_N9999_R022_T34VDM_28_12,Coniferous forest,1.0,1.0
S2B_MSIL2A_20171016T101009_N9999_R022_T34VDM_28_40,Marine waters,3.0,3.0
S2B_MSIL2A_20171016T101009_N9999_R022_T34VDM_28_53,Marine waters,3.0,3.0
S2B_MSIL2A_20171016T101009_N9999_R022_T34VDM_29_52,Marine waters,3.0,3.0
S2B_MSIL2A_20171016T101009_N9999_R022_T34VDM_30_73,Marine waters,3.0,3.0
S2B_MSIL2A_20171016T101009_N9999_R022_T34VDM_31_31,Marine waters,3.0,1.0
S2B_MSIL2A_20171016T101009_N9999_R022_T34VDM_32_35,Coniferous forest,1.0,3.0
S2B_MSIL2A_20171016T101009_N9999_R022_T34VDM_32_62,Marine waters,3.0,3.0
S2B_MSIL2A_20171016T101009_N9999_R022_T34VDM_33_75,Marine waters,3.0,3.0
S2B_MSIL2A_20171016T101009_N9999_R022_T34VDM_34_56,Marine waters,3.0,3.0
S2B_MSIL2A_20171016T101009_N9999_R022_T34VDM_35_08,Coniferous forest,1.0,1.0
S2B_MSIL2A_20171016T101009_N9999_R022_T34VDM_35_54,Marine waters,3.0,3.0
S2B_MSIL2A_20171016T101009_N9999_R022_T34VDM_36_18,Arable land,0.0,0.0
S2B_MSIL2A_20171016T101009_N9999_R022_T34VDM_36_54,Marine waters,3.0,3.0
S2B_MSIL2A_20171016T101009_N9999_R022_T34VDM_37_48,Marine waters,3.0,3.0
S2B_MSIL2A_20171016T101009_N9999_R022_T34VDM_38_37,Marine waters,3.0,3.0
S2B_MSIL2A_20171016T101009_N9999_R022_T34VDM_38_69,Marine waters,3.0,3.0
S2B_MSIL2A_20171016T101009_N9999_R022_T34VDM_38_73,Marine waters,3.0,3.0
S2B_MSIL2A_20171016T101009_N9999_R022_T34VDM_39_02,Marine waters,3.0,3.0
S2B_MSIL2A_20171016T101009_N9999_R022_T34VDM_39_34,Coniferous forest,1.0,1.0
S2B_MSIL2A_20171016T101009_N9999_R022_T34VDM_40_36,Coniferous forest,1.0,1.0
S2B_MSIL2A_20171016T101009_N9999_R022_T34VDM_41_42,Marine waters,3.0,3.0
S2B_MSIL2A_20171016T101009_N9999_R022_T34VDM_43_49,Marine waters,3.0,3.0
S2B_MSIL2A_20171016T101009_N9999_R022_T34VDM_44_43,Marine waters,3.0,3.0
S2B_MSIL2A_20171016T101009_N9999_R022_T34VDM_44_44,Marine waters,3.0,3.0
S2B_MSIL2A_20171016T101009_N9999_R022_T34VDM_45_14,Coniferous forest,1.0,1.0
S2B_MSIL2A_20171016T101009_N9999_R022_T34VDM_45_61,Marine waters,3.0,3.0
S2B_MSIL2A_20171016T101009_N9999_R022_T34VDM_46_23,Marine waters,3.0,3.0
S2B_MSIL2A_20171016T101009_N9999_R022_T34VDM_48_05,Marine waters,3.0,3.0
S2B_MSIL2A_20171016T101009_N9999_R022_T34VDM_48_10,Marine waters,3.0,3.0
S2B_MSIL2A_20171016T101009_N9999_R022_T34VDM_48_30,Coniferous forest,1.0,1.0
S2B_MSIL2A_20171016T101009_N9999_R022_T34VDM_50_20,Coniferous forest,1.0,3.0
S2B_MSIL2A_20171016T101009_N9999_R022_T34VDM_50_32,Coniferous forest,1.0,1.0
S2B_MSIL2A_20171016T101009_N9999_R022_T34VDM_50_42,Coniferous forest,1.0,1.0
S2B_MSIL2A_20171016T101009_N9999_R022_T34VDM_51_05,Marine waters,3.0,3.0
S2B_MSIL2A_20171016T101009_N9999_R022_T34VDM_51_15,Coniferous forest,1.0,3.0
S2B_MSIL2A_20171016T101009_N9999_R022_T34VDM_51_42,Coniferous forest,1.0,1.0
S2B_MSIL2A_20171016T101009_N9999_R022_T34VDM_55_00,Marine waters,3.0,3.0
S2B_MSIL2A_20171016T101009_N9999_R022_T34VDM_55_05,Marine waters,3.0,3.0
S2B_MSIL2A_20171016T101009_N9999_R022_T34VDM_55_27,Marine waters,3.0,3.0
S2B_MSIL2A_20171016T101009_N9999_R022_T34VDM_56_12,Marine waters,3.0,1.0
S2B_MSIL2A_20171016T101009_N9999_R022_T34VDM_56_55,Marine waters,3.0,3.0
S2B_MSIL2A_20171016T101009_N9999_R022_T34VDM_58_19,Marine waters,3.0,3.0
S2B_MSIL2A_20171016T101009_N9999_R022_T34VDM_58_22,Marine waters,3.0,3.0
S2B_MSIL2A_20171016T101009_N9999_R022_T34VDM_59_07,Marine waters,3.0,3.0
S2B_MSIL2A_20171016T101009_N9999_R022_T34VDM_59_65,Marine waters,3.0,3.0
S2B_MSIL2A_20171016T101009_N9999_R022_T34VDM_60_16,Marine waters,3.0,3.0
S2B_MSIL2A_20171016T101009_N9999_R022_T34VDM_61_36,Coniferous forest,1.0,1.0
S2B_MSIL2A_20171016T101009_N9999_R022_T34VDM_62_31,Broad-leaved forest,2.0,1.0
S2B_MSIL2A_20171016T101009_N9999_R022_T34VDM_63_18,Marine waters,3.0,3.0
S2B_MSIL2A_20171016T101009_N9999_R022_T34VDM_63_42,Marine waters,3.0,3.0
S2B_MSIL2A_20171016T101009_N9999_R022_T34VDM_63_47,Marine waters,3.0,3.0
S2B_MSIL2A_20171016T101009_N9999_R022_T34VDM_64_48,Marine waters,3.0,3.0
S2B_MSIL2A_20171016T101009_N9999_R022_T34VDM_66_06,Marine waters,3.0,3.0
S2B_MSIL2A_20171016T101009_N9999_R022_T34VDM_66_23,Marine waters,3.0,3.0
S2B_MSIL2A_20171016T101009_N9999_R022_T34VDM_67_10,Marine waters,3.0,3.0
S2B_MSIL2A_20171016T101009_N9999_R022_T34VDM_67_23,Marine waters,3.0,3.0
S2B_MSIL2A_20171016T101009_N9999_R022_T34VDM_67_27,Broad-leaved forest,2.0,1.0
S2B_MSIL2A_20171016T101009_N9999_R022_T34VDM_67_57,Marine waters,3.0,3.0
S2B_MSIL2A_20171016T101009_N9999_R022_T34VDM_68_42,Marine waters,3.0,3.0
S2B_MSIL2A_20171016T101009_N9999_R022_T34VDM_68_63,Marine waters,3.0,3.0
S2B_MSIL2A_20171016T101009_N9999_R022_T34VDM_69_24,Marine waters,3.0,3.0
S2B_MSIL2A_20171016T101009_N9999_R022_T34VDM_70_01,Marine waters,3.0,3.0
S2B_MSIL2A_20171016T101009_N9999_R022_T34VDM_70_05,Marine waters,3.0,3.0
S2B_MSIL2A_20171016T101009_N9999_R022_T34VDM_70_40,Marine waters,3.0,3.0
S2B_MSIL2A_20171016T101009_N9999_R022_T34VDM_71_39,Marine waters,3.0,3.0
S2B_MSIL2A_20171016T101009_N9999_R022_T34VDM_71_65,Marine waters,3.0,3.0
S2B_MSIL2A_20171016T101009_N9999_R022_T34VDM_72_04,Marine waters,3.0,3.0
S2B_MSIL2A_20171016T101009_N9999_R022_T34VDM_74_45,Marine waters,3.0,3.0
S2B_MSIL2A_20171016T101009_N9999_R022_T34VDM_76_65,Marine waters,3.0,3.0
S2B_MSIL2A_20171016T101009_N9999_R022_T34VDM_77_65,Marine waters,3.0,3.0
S2B_MSIL2A_20171016T101009_N9999_R022_T34VDM_78_56,Marine waters,3.0,3.0
S2B_MSIL2A_20171016T101009_N9999_R022_T34VDM_80_43,Broad-leaved forest,2.0,3.0
S2B_MSIL2A_20171016T101009_N9999_R022_T34VDM_81_13,Marine waters,3.0,3.0
S2B_MSIL2A_20171016T101009_N9999_R022_T34VDM_82_13,Marine waters,3.0,3.0
S2B_MSIL2A_20171016T101009_N9999_R022_T34VDM_82_43,Broad-leaved forest,2.0,3.0
S2B_MSIL2A_20171016T101009_N9999_R022_T34VDM_83_25,Marine waters,3.0,3.0
S2B_MSIL2A_20171016T101009_N9999_R022_T34VDM_83_57,Marine waters,3.0,3.0
S2B_MSIL2A_20171016T101009_N9999_R022_T34VDM_84_64,Marine waters,3.0,3.0
S2B_MSIL2A_20171016T101009_N9999_R022_T34VDM_85_05,Broad-leaved forest,2.0,3.0
S2B_MSIL2A_20171016T101009_N9999_R022_T34VDM_85_34,Marine waters,3.0,3.0
S2B_MSIL2A_20171016T101009_N9999_R022_T34VDM_85_40,Marine waters,3.0,3.0
S2B_MSIL2A_20171016T101009_N9999_R022_T34VDM_86_14,Broad-leaved forest,2.0,1.0
S2B_MSIL2A_20171016T101009_N9999_R022_T34VDM_86_28,Broad-leaved forest,2.0,3.0
S2B_MSIL2A_20171016T101009_N9999_R022_T34VDM_86_37,Marine waters,3.0,3.0
S2B_MSIL2A_20171016T101009_N9999_R022_T34VDM_86_65,Marine waters,3.0,3.0
S2B_MSIL2A_20171016T101009_N9999_R022_T34VDM_87_31,Marine waters,3.0,3.0
S2B_MSIL2A_20171016T101009_N9999_R022_T34VDM_87_49,Marine waters,3.0,3.0
S2B_MSIL2A_20171016T101009_N9999_R022_T34VDM_88_57,Marine waters,3.0,3.0
S2B_MSIL2A_20171016T101009_N9999_R022_T34VDM_88_71,Marine waters,3.0,3.0
S2B_MSIL2A_20171016T101009_N9999_R022_T34VDM_88_78,Marine waters,3.0,3.0
S2B_MSIL2A_20171016T101009_N9999_R022_T34VDM_89_71,Marine waters,3.0,3.0
S2B_MSIL2A_20171016T101009_N9999_R022_T34VDM_89_73,Marine waters,3.0,3.0
S2B_MSIL2A_20171019T102019_N9999_R065_T34VDR_50_82,Marine waters,3.0,3.0
S2B_MSIL2A_20171019T102019_N9999_R065_T34VDR_51_86,Marine waters,3.0,3.0
S2B_MSIL2A_20171019T102019_N9999_R065_T34VDR_54_86,Marine waters,3.0,3.0
S2B_MSIL2A_20171019T102019_N9999_R065_T34VDR_55_83,Marine waters,3.0,3.0
S2B_MSIL2A_20171019T102019_N9999_R065_T34VDR_57_82,Marine waters,3.0,3.0
S2B_MSIL2A_20171019T102019_N9999_R065_T34VDR_58_72,Marine waters,3.0,3.0
S2B_MSIL2A_20171019T102019_N9999_R065_T34VDR_60_73,Marine waters,3.0,3.0
S2B_MSIL2A_20171019T102019_N9999_R065_T34VDR_62_71,Marine waters,3.0,3.0
S2B_MSIL2A_20171019T102019_N9999_R065_T34VDR_62_90,Marine waters,3.0,3.0
S2B_MSIL2A_20171019T102019_N9999_R065_T34VDR_63_72,Marine waters,3.0,3.0
S2B_MSIL2A_20171019T102019_N9999_R065_T34VDR_64_71,Marine waters,3.0,3.0
S2B_MSIL2A_20171019T102019_N9999_R065_T34VDR_64_88,Marine waters,3.0,3.0
S2B_MSIL2A_20171019T102019_N9999_R065_T34VDR_73_66,Marine waters,3.0,3.0
S2B_MSIL2A_20171019T102019_N9999_R065_T34VDR_74_81,Marine waters,3.0,3.0
S2B_MSIL2A_20171019T102019_N9999_R065_T34VDR_76_71,Marine waters,3.0,3.0
S2B_MSIL2A_20171019T102019_N9999_R065_T34VDR_78_67,Marine waters,3.0,3.0
S2B_MSIL2A_20171019T102019_N9999_R065_T34VDR_79_75,Marine waters,3.0,3.0
S2B_MSIL2A_20171019T102019_N9999_R065_T34VDR_79_79,Marine waters,3.0,3.0
S2B_MSIL2A_20171019T102019_N9999_R065_T34VDR_80_56,Marine waters,3.0,3.0
S2B_MSIL2A_20171019T102019_N9999_R065_T34VDR_80_89,Marine waters,3.0,3.0
S2B_MSIL2A_20171019T102019_N9999_R065_T34VDR_83_67,Marine waters,3.0,3.0
S2B_MSIL2A_20171019T102019_N9999_R065_T34VDR_84_55,Marine waters,3.0,3.0
S2B_MSIL2A_20171019T102019_N9999_R065_T34VDR_84_57,Marine waters,3.0,3.0
S2B_MSIL2A_20171019T102019_N9999_R065_T34VDR_85_65,Marine waters,3.0,3.0
S2B_MSIL2A_20171019T102019_N9999_R065_T34VDR_87_48,Marine waters,3.0,3.0
S2B_MSIL2A_20171107T105229_N9999_R051_T31UER_18_03,Arable land,0.0,0.0
S2B_MSIL2A_20171107T105229_N9999_R051_T31UER_28_02,Arable land,0.0,0.0
S2B_MSIL2A_20171107T105229_N9999_R051_T31UER_41_11,Arable land,0.0,0.0
S2B_MSIL2A_20171107T105229_N9999_R051_T31UER_42_21,Arable land,0.0,0.0
S2B_MSIL2A_20171107T105229_N9999_R051_T31UER_43_00,Arable land,0.0,0.0
S2B_MSIL2A_20171107T105229_N9999_R051_T31UER_48_06,Broad-leaved forest,2.0,0.0
S2B_MSIL2A_20171107T105229_N9999_R051_T31UER_49_05,Broad-leaved forest,2.0,0.0
S2B_MSIL2A_20171107T105229_N9999_R051_T31UER_49_17,Arable land,0.0,0.0
S2B_MSIL2A_20171107T105229_N9999_R051_T31UER_52_08,Complex cultivation patterns,5.0,0.0
S2B_MSIL2A_20171107T105229_N9999_R051_T31UER_55_10,Arable land,0.0,0.0
S2B_MSIL2A_20171107T105229_N9999_R051_T31UER_57_04,Broad-leaved forest,2.0,0.0
S2B_MSIL2A_20171107T105229_N9999_R051_T31UER_60_07,Broad-leaved forest,2.0,0.0
S2B_MSIL2A_20171107T105229_N9999_R051_T31UER_64_13,Arable land,0.0,0.0
S2B_MSIL2A_20171107T105229_N9999_R051_T31UER_65_03,Arable land,0.0,0.0
S2B_MSIL2A_20171107T105229_N9999_R051_T31UER_66_01,Arable land,0.0,0.0
S2B_MSIL2A_20171107T105229_N9999_R051_T31UER_69_08,Arable land,0.0,0.0
S2B_MSIL2A_20171107T105229_N9999_R051_T31UER_70_13,Arable land,0.0,0.0
S2B_MSIL2A_20171107T105229_N9999_R051_T31UER_71_00,Arable land,0.0,0.0
S2B_MSIL2A_20171107T105229_N9999_R051_T31UER_71_01,Arable land,0.0,0.0
S2B_MSIL2A_20171107T105229_N9999_R051_T31UER_71_14,Arable land,0.0,0.0
S2B_MSIL2A_20171107T105229_N9999_R051_T31UER_73_04,Complex cultivation patterns,5.0,0.0
S2B_MSIL2A_20171107T105229_N9999_R051_T31UER_73_35,Broad-leaved forest,2.0,1.0
S2B_MSIL2A_20171107T105229_N9999_R051_T31UER_73_54,Broad-leaved forest,2.0,1.0
S2B_MSIL2A_20171107T105229_N9999_R051_T31UER_76_18,Broad-leaved forest,2.0,0.0
S2B_MSIL2A_20171107T105229_N9999_R051_T31UER_77_41,Broad-leaved forest,2.0,1.0
S2B_MSIL2A_20171107T105229_N9999_R051_T31UER_80_09,Complex cultivation patterns,5.0,0.0
S2B_MSIL2A_20171107T105229_N9999_R051_T31UER_80_37,Broad-leaved forest,2.0,1.0
S2B_MSIL2A_20171107T105229_N9999_R051_T31UER_81_05,Arable land,0.0,0.0
S2B_MSIL2A_20171107T105229_N9999_R051_T31UER_81_21,Arable land,0.0,0.0
S2B_MSIL2A_20171107T105229_N9999_R051_T31UER_81_22,Arable land,0.0,0.0
S2B_MSIL2A_20171107T105229_N9999_R051_T31UER_82_29,Arable land,0.0,0.0
S2B_MSIL2A_20171107T105229_N9999_R051_T31UER_82_49,Broad-leaved forest,2.0,1.0
S2B_MSIL2A_20171107T105229_N9999_R051_T31UER_83_13,Industrial or commercial units,11.0,0.0
S2B_MSIL2A_20171107T105229_N9999_R051_T31UER_85_01,Arable land,0.0,0.0
S2B_MSIL2A_20171107T105229_N9999_R051_T31UER_85_37,Broad-leaved forest,2.0,1.0
S2B_MSIL2A_20171107T105229_N9999_R051_T31UER_85_55,Complex cultivation patterns,5.0,1.0
S2B_MSIL2A_20171107T105229_N9999_R051_T31UER_86_56,Broad-leaved forest,2.0,2.0
S2B_MSIL2A_20171107T105229_N9999_R051_T31UER_88_00,Arable land,0.0,0.0
S2B_MSIL2A_20171107T105229_N9999_R051_T31UER_88_11,Complex cultivation patterns,5.0,0.0
S2B_MSIL2A_20171107T105229_N9999_R051_T31UER_88_14,Arable land,0.0,0.0
S2B_MSIL2A_20171107T105229_N9999_R051_T31UER_88_26,Arable land,0.0,0.0
S2B_MSIL2A_20171112T114339_N9999_R123_T29UPU_00_59,Pastures,7.0,0.0
S2B_MSIL2A_20171112T114339_N9999_R123_T29UPU_02_20,Pastures,7.0,0.0
S2B_MSIL2A_20171112T114339_N9999_R123_T29UPU_05_76,Coniferous forest,1.0,2.0
S2B_MSIL2A_20171112T114339_N9999_R123_T29UPU_06_33,Arable land,0.0,0.0
S2B_MSIL2A_20171112T114339_N9999_R123_T29UPU_06_60,Broad-leaved forest,2.0,0.0
S2B_MSIL2A_20171112T114339_N9999_R123_T29UPU_06_85,Pastures,7.0,7.0
S2B_MSIL2A_20171112T114339_N9999_R123_T29UPU_07_33,Arable land,0.0,0.0
S2B_MSIL2A_20171112T114339_N9999_R123_T29UPU_07_59,Arable land,0.0,0.0
S2B_MSIL2A_20171112T114339_N9999_R123_T29UPU_08_14,Coniferous forest,1.0,1.0
S2B_MSIL2A_20171112T114339_N9999_R123_T29UPU_08_28,Coniferous forest,1.0,0.0
S2B_MSIL2A_20171112T114339_N9999_R123_T29UPU_08_41,Arable land,0.0,7.0
S2B_MSIL2A_20171112T114339_N9999_R123_T29UPU_08_64,Arable land,0.0,0.0
S2B_MSIL2A_20171112T114339_N9999_R123_T29UPU_08_78,Arable land,0.0,0.0
S2B_MSIL2A_20171112T114339_N9999_R123_T29UPU_09_58,Broad-leaved forest,2.0,1.0
S2B_MSIL2A_20171112T114339_N9999_R123_T29UPU_10_22,Inland wetlands,10.0,0.0
S2B_MSIL2A_20171112T114339_N9999_R123_T29UPU_10_44,Arable land,0.0,0.0
S2B_MSIL2A_20171112T114339_N9999_R123_T29UPU_10_60,Complex cultivation patterns,5.0,0.0
S2B_MSIL2A_20171112T114339_N9999_R123_T29UPU_11_06,Complex cultivation patterns,5.0,1.0
S2B_MSIL2A_20171112T114339_N9999_R123_T29UPU_11_15,Arable land,0.0,0.0
S2B_MSIL2A_20171112T114339_N9999_R123_T29UPU_11_28,Pastures,7.0,0.0
S2B_MSIL2A_20171112T114339_N9999_R123_T29UPU_11_39,Arable land,0.0,7.0
S2B_MSIL2A_20171112T114339_N9999_R123_T29UPU_11_53,Coniferous forest,1.0,0.0
S2B_MSIL2A_20171112T114339_N9999_R123_T29UPU_11_79,Pastures,7.0,0.0
S2B_MSIL2A_20171112T114339_N9999_R123_T29UPU_12_22,Complex cultivation patterns,5.0,7.0
S2B_MSIL2A_20171112T114339_N9999_R123_T29UPU_12_65,Arable land,0.0,2.0
S2B_MSIL2A_20171112T114339_N9999_R123_T29UPU_12_66,Complex cultivation patterns,5.0,7.0
S2B_MSIL2A_20171112T114339_N9999_R123_T29UPU_13_59,Arable land,0.0,0.0
S2B_MSIL2A_20171112T114339_N9999_R123_T29UPU_13_67,Pastures,7.0,0.0
S2B_MSIL2A_20171112T114339_N9999_R123_T29UPU_13_77,Coniferous forest,1.0,1.0
S2B_MSIL2A_20171112T114339_N9999_R123_T29UPU_14_41,Pastures,7.0,7.0
S2B_MSIL2A_20171112T114339_N9999_R123_T29UPU_14_54,Arable land,0.0,0.0
S2B_MSIL2A_20171112T114339_N9999_R123_T29UPU_15_06,Inland wetlands,10.0,0.0
S2B_MSIL2A_20171112T114339_N9999_R123_T29UPU_15_26,Coniferous forest,1.0,0.0
S2B_MSIL2A_20171112T114339_N9999_R123_T29UPU_15_35,Coniferous forest,1.0,0.0
S2B_MSIL2A_20171112T114339_N9999_R123_T29UPU_16_42,Pastures,7.0,7.0
S2B_MSIL2A_20171112T114339_N9999_R123_T29UPU_17_18,Arable land,0.0,0.0
S2B_MSIL2A_20171112T114339_N9999_R123_T29UPU_17_46,"Land principally occupied by agriculture, with significant areas of natural vegetation",8.0,0.0
S2B_MSIL2A_20171112T114339_N9999_R123_T29UPU_17_63,Arable land,0.0,0.0
S2B_MSIL2A_20171112T114339_N9999_R123_T29UPU_19_18,Arable land,0.0,0.0
S2B_MSIL2A_20171112T114339_N9999_R123_T29UPU_19_50,Arable land,0.0,7.0
S2B_MSIL2A_20171112T114339_N9999_R123_T29UPU_20_32,Pastures,7.0,0.0
S2B_MSIL2A_20171112T114339_N9999_R123_T29UPU_21_04,Inland wetlands,10.0,10.0
S2B_MSIL2A_20171112T114339_N9999_R123_T29UPU_21_62,Arable land,0.0,0.0
S2B_MSIL2A_20171112T114339_N9999_R123_T29UPU_26_05,Arable land,0.0,0.0
S2B_MSIL2A_20171112T114339_N9999_R123_T29UPU_26_49,Coniferous forest,1.0,0.0
S2B_MSIL2A_20171112T114339_N9999_R123_T29UPU_26_88,Pastures,7.0,0.0
S2B_MSIL2A_20171112T114339_N9999_R123_T29UPU_28_16,Coniferous forest,1.0,0.0
S2B_MSIL2A_20171112T114339_N9999_R123_T29UPU_29_02,Arable land,0.0,0.0
S2B_MSIL2A_20171112T114339_N9999_R123_T29UPU_29_59,Pastures,7.0,0.0
S2B_MSIL2A_20171112T114339_N9999_R123_T29UPU_30_00,Arable land,0.0,0.0
S2B_MSIL2A_20171112T114339_N9999_R123_T29UPU_30_14,Arable land,0.0,0.0
S2B_MSIL2A_20171112T114339_N9999_R123_T29UPU_31_34,Arable land,0.0,0.0
S2B_MSIL2A_20171112T114339_N9999_R123_T29UPU_31_42,Arable land,0.0,0.0
S2B_MSIL2A_20171112T114339_N9999_R123_T29UPU_31_48,Arable land,0.0,0.0
S2B_MSIL2A_20171112T114339_N9999_R123_T29UPU_31_63,Arable land,0.0,0.0
S2B_MSIL2A_20171112T114339_N9999_R123_T29UPU_32_88,Arable land,0.0,0.0
S2B_MSIL2A_20171112T114339_N9999_R123_T29UPU_33_29,Arable land,0.0,0.0
S2B_MSIL2A_20171112T114339_N9999_R123_T29UPU_33_51,Pastures,7.0,0.0
S2B_MSIL2A_20171112T114339_N9999_R123_T29UPU_35_57,"Land principally occupied by agriculture, with significant areas of natural vegetation",8.0,0.0
S2B_MSIL2A_20171112T114339_N9999_R123_T29UPU_36_18,Coniferous forest,1.0,0.0
S2B_MSIL2A_20171112T114339_N9999_R123_T29UPU_36_76,Arable land,0.0,0.0
S2B_MSIL2A_20171112T114339_N9999_R123_T29UPU_36_78,Arable land,0.0,0.0
S2B_MSIL2A_20171112T114339_N9999_R123_T29UPU_37_11,Arable land,0.0,0.0
S2B_MSIL2A_20171112T114339_N9999_R123_T29UPU_37_28,Arable land,0.0,0.0
S2B_MSIL2A_20171112T114339_N9999_R123_T29UPU_37_58,Coniferous forest,1.0,1.0
S2B_MSIL2A_20171112T114339_N9999_R123_T29UPU_37_79,Arable land,0.0,0.0
S2B_MSIL2A_20171112T114339_N9999_R123_T29UPU_37_81,Arable land,0.0,0.0
S2B_MSIL2A_20171112T114339_N9999_R123_T29UPU_38_18,Arable land,0.0,0.0
S2B_MSIL2A_20171112T114339_N9999_R123_T29UPU_40_45,Arable land,0.0,0.0
S2B_MSIL2A_20171112T114339_N9999_R123_T29UPU_41_13,Arable land,0.0,0.0
S2B_MSIL2A_20171112T114339_N9999_R123_T29UPU_41_90,Arable land,0.0,0.0
S2B_MSIL2A_20171112T114339_N9999_R123_T29UPU_42_09,Pastures,7.0,0.0
S2B_MSIL2A_20171112T114339_N9999_R123_T29UPU_42_25,Complex cultivation patterns,5.0,2.0
S2B_MSIL2A_20171112T114339_N9999_R123_T29UPU_42_34,Arable land,0.0,0.0
S2B_MSIL2A_20171112T114339_N9999_R123_T29UPU_43_00,Arable land,0.0,0.0
S2B_MSIL2A_20171112T114339_N9999_R123_T29UPU_45_04,Arable land,0.0,0.0
S2B_MSIL2A_20171112T114339_N9999_R123_T29UPU_45_49,Arable land,0.0,0.0
S2B_MSIL2A_20171112T114339_N9999_R123_T29UPU_45_51,Coniferous forest,1.0,1.0
S2B_MSIL2A_20171112T114339_N9999_R123_T29UPU_45_81,Arable land,0.0,0.0
S2B_MSIL2A_20171112T114339_N9999_R123_T29UPU_47_77,Arable land,0.0,0.0
S2B_MSIL2A_20171112T114339_N9999_R123_T29UPU_48_11,Pastures,7.0,0.0
S2B_MSIL2A_20171112T114339_N9999_R123_T29UPU_48_21,Complex cultivation patterns,5.0,0.0
S2B_MSIL2A_20171112T114339_N9999_R123_T29UPU_48_22,Pastures,7.0,2.0
S2B_MSIL2A_20171112T114339_N9999_R123_T29UPU_48_26,Mixed forest,9.0,0.0
S2B_MSIL2A_20171112T114339_N9999_R123_T29UPU_49_60,Arable land,0.0,0.0
S2B_MSIL2A_20171112T114339_N9999_R123_T29UPU_50_08,Pastures,7.0,0.0
S2B_MSIL2A_20171112T114339_N9999_R123_T29UPU_50_28,Mixed forest,9.0,0.0
S2B_MSIL2A_20171112T114339_N9999_R123_T29UPU_50_50,Arable land,0.0,0.0
S2B_MSIL2A_20171112T114339_N9999_R123_T29UPU_50_71,Pastures,7.0,0.0
S2B_MSIL2A_20171112T114339_N9999_R123_T29UPU_51_12,Coniferous forest,1.0,0.0
S2B_MSIL2A_20171112T114339_N9999_R123_T29UPU_51_72,Coniferous forest,1.0,1.0
S2B_MSIL2A_20171112T114339_N9999_R123_T29UPU_52_22,Coniferous forest,1.0,0.0
S2B_MSIL2A_20171112T114339_N9999_R123_T29UPU_52_76,Arable land,0.0,0.0
S2B_MSIL2A_20171112T114339_N9999_R123_T29UPU_53_75,Arable land,0.0,0.0
S2B_MSIL2A_20171112T114339_N9999_R123_T29UPU_54_00,Pastures,7.0,2.0
S2B_MSIL2A_20171112T114339_N9999_R123_T29UPU_54_63,Arable land,0.0,0.0
S2B_MSIL2A_20171112T114339_N9999_R123_T29UPU_55_56,Arable land,0.0,0.0
S2B_MSIL2A_20171112T114339_N9999_R123_T29UPU_55_61,Arable land,0.0,1.0
S2B_MSIL2A_20171112T114339_N9999_R123_T29UPU_58_00,Coniferous forest,1.0,0.0
S2B_MSIL2A_20171112T114339_N9999_R123_T29UPU_58_68,Arable land,0.0,1.0
S2B_MSIL2A_20171112T114339_N9999_R123_T29UPU_59_51,Arable land,0.0,0.0
S2B_MSIL2A_20171112T114339_N9999_R123_T29UPU_62_80,Inland waters,6.0,0.0
S2B_MSIL2A_20171112T114339_N9999_R123_T29UPU_66_21,Coniferous forest,1.0,2.0
S2B_MSIL2A_20171112T114339_N9999_R123_T29UPU_66_36,Arable land,0.0,0.0
S2B_MSIL2A_20171112T114339_N9999_R123_T29UPU_66_37,Inland wetlands,10.0,1.0
S2B_MSIL2A_20171112T114339_N9999_R123_T29UPU_69_45,Complex cultivation patterns,5.0,0.0
S2B_MSIL2A_20171112T114339_N9999_R123_T29UPU_70_63,Coniferous forest,1.0,7.0
S2B_MSIL2A_20171112T114339_N9999_R123_T29UPU_71_46,Pastures,7.0,0.0
S2B_MSIL2A_20171112T114339_N9999_R123_T29UPU_72_44,Pastures,7.0,0.0
S2B_MSIL2A_20171112T114339_N9999_R123_T29UPU_72_45,Pastures,7.0,1.0
S2B_MSIL2A_20171112T114339_N9999_R123_T29UPU_75_29,Coniferous forest,1.0,0.0
S2B_MSIL2A_20171112T114339_N9999_R123_T29UPU_75_49,Marine waters,3.0,3.0
S2B_MSIL2A_20171112T114339_N9999_R123_T29UPU_76_41,Arable land,0.0,0.0
S2B_MSIL2A_20171112T114339_N9999_R123_T29UPU_76_62,Marine waters,3.0,3.0
S2B_MSIL2A_20171112T114339_N9999_R123_T29UPU_77_36,Arable land,0.0,0.0
S2B_MSIL2A_20171112T114339_N9999_R123_T29UPU_78_13,Arable land,0.0,0.0
S2B_MSIL2A_20171112T114339_N9999_R123_T29UPU_80_19,Arable land,0.0,0.0
S2B_MSIL2A_20171112T114339_N9999_R123_T29UPU_80_52,Marine waters,3.0,3.0
S2B_MSIL2A_20171112T114339_N9999_R123_T29UPU_81_40,Marine waters,3.0,3.0
S2B_MSIL2A_20171112T114339_N9999_R123_T29UPU_81_77,Marine waters,3.0,3.0
S2B_MSIL2A_20171112T114339_N9999_R123_T29UPU_83_45,Marine waters,3.0,3.0
S2B_MSIL2A_20171112T114339_N9999_R123_T29UPU_84_00,Marine waters,3.0,3.0
S2B_MSIL2A_20171112T114339_N9999_R123_T29UPU_84_64,Marine waters,3.0,3.0
S2B_MSIL2A_20171206T094349_N9999_R036_T34TCR_29_16,Arable land,0.0,0.0
S2B_MSIL2A_20171206T094349_N9999_R036_T34TCR_31_12,Arable land,0.0,0.0
S2B_MSIL2A_20171206T094349_N9999_R036_T34TCR_35_14,Arable land,0.0,0.0
S2B_MSIL2A_20171206T094349_N9999_R036_T34TCR_35_36,Arable land,0.0,0.0
S2B_MSIL2A_20171206T094349_N9999_R036_T34TCR_35_62,Industrial or commercial units,11.0,0.0
S2B_MSIL2A_20171206T094349_N9999_R036_T34TCR_36_16,Arable land,0.0,0.0
S2B_MSIL2A_20171206T094349_N9999_R036_T34TCR_36_31,Arable land,0.0,0.0
S2B_MSIL2A_20171206T094349_N9999_R036_T34TCR_38_31,Arable land,0.0,0.0
S2B_MSIL2A_20171206T094349_N9999_R036_T34TCR_38_41,Arable land,0.0,0.0
S2B_MSIL2A_20171206T094349_N9999_R036_T34TCR_39_39,Arable land,0.0,0.0
S2B_MSIL2A_20171206T094349_N9999_R036_T34TCR_39_54,Arable land,0.0,0.0
S2B_MSIL2A_20171206T094349_N9999_R036_T34TCR_40_31,Arable land,0.0,0.0
S2B_MSIL2A_20171206T094349_N9999_R036_T34TCR_41_38,Arable land,0.0,0.0
S2B_MSIL2A_20171206T094349_N9999_R036_T34TCR_42_27,Arable land,0.0,0.0
S2B_MSIL2A_20171206T094349_N9999_R036_T34TCR_42_34,Arable land,0.0,0.0
S2B_MSIL2A_20171206T094349_N9999_R036_T34TCR_42_87,Arable land,0.0,0.0
S2B_MSIL2A_20171206T094349_N9999_R036_T34TCR_43_68,Broad-leaved forest,2.0,0.0
S2B_MSIL2A_20171206T094349_N9999_R036_T34TCR_43_85,Arable land,0.0,0.0
S2B_MSIL2A_20171206T094349_N9999_R036_T34TCR_44_00,Arable land,0.0,0.0
S2B_MSIL2A_20171206T094349_N9999_R036_T34TCR_44_34,Arable land,0.0,0.0
S2B_MSIL2A_20171206T094349_N9999_R036_T34TCR_44_56,Arable land,0.0,0.0
S2B_MSIL2A_20171206T094349_N9999_R036_T34TCR_45_20,Arable land,0.0,0.0
S2B_MSIL2A_20171206T094349_N9999_R036_T34TCR_45_36,Arable land,0.0,0.0
S2B_MSIL2A_20171206T094349_N9999_R036_T34TCR_46_46,Arable land,0.0,0.0
S2B_MSIL2A_20171206T094349_N9999_R036_T34TCR_46_78,Arable land,0.0,0.0
S2B_MSIL2A_20171206T094349_N9999_R036_T34TCR_48_33,Arable land,0.0,0.0
S2B_MSIL2A_20171206T094349_N9999_R036_T34TCR_48_57,Inland waters,6.0,0.0
S2B_MSIL2A_20171206T094349_N9999_R036_T34TCR_48_66,Arable land,0.0,0.0
S2B_MSIL2A_20171206T094349_N9999_R036_T34TCR_49_39,Arable land,0.0,0.0
S2B_MSIL2A_20171206T094349_N9999_R036_T34TCR_49_87,Arable land,0.0,0.0
S2B_MSIL2A_20171206T094349_N9999_R036_T34TCR_50_79,Arable land,0.0,0.0
S2B_MSIL2A_20171206T094349_N9999_R036_T34TCR_50_85,Arable land,0.0,0.0
S2B_MSIL2A_20171206T094349_N9999_R036_T34TCR_52_18,Arable land,0.0,0.0
S2B_MSIL2A_20171206T094349_N9999_R036_T34TCR_52_19,Arable land,0.0,0.0
S2B_MSIL2A_20171206T094349_N9999_R036_T34TCR_54_72,Arable land,0.0,0.0
S2B_MSIL2A_20171206T094349_N9999_R036_T34TCR_55_49,Arable land,0.0,0.0
S2B_MSIL2A_20171206T094349_N9999_R036_T34TCR_55_83,Arable land,0.0,0.0
S2B_MSIL2A_20171206T094349_N9999_R036_T34TCR_56_27,Arable land,0.0,0.0
S2B_MSIL2A_20171206T094349_N9999_R036_T34TCR_56_35,Arable land,0.0,0.0
S2B_MSIL2A_20171206T094349_N9999_R036_T34TCR_56_48,Arable land,0.0,0.0
S2B_MSIL2A_20171206T094349_N9999_R036_T34TCR_56_61,Arable land,0.0,0.0
S2B_MSIL2A_20171206T094349_N9999_R036_T34TCR_57_79,Broad-leaved forest,2.0,2.0
S2B_MSIL2A_20171206T094349_N9999_R036_T34TCR_58_56,Arable land,0.0,0.0
S2B_MSIL2A_20171206T094349_N9999_R036_T34TCR_59_11,Arable land,0.0,0.0
S2B_MSIL2A_20171206T094349_N9999_R036_T34TCR_59_53,Arable land,0.0,0.0
S2B_MSIL2A_20171206T094349_N9999_R036_T34TCR_60_01,Arable land,0.0,0.0
S2B_MSIL2A_20171206T094349_N9999_R036_T34TCR_61_17,Arable land,0.0,1.0
S2B_MSIL2A_20171206T094349_N9999_R036_T34TCR_62_18,Arable land,0.0,2.0
S2B_MSIL2A_20171206T094349_N9999_R036_T34TCR_62_48,Arable land,0.0,0.0
S2B_MSIL2A_20171206T094349_N9999_R036_T34TCR_63_35,Arable land,0.0,0.0
S2B_MSIL2A_20171206T094349_N9999_R036_T34TCR_63_79,Broad-leaved forest,2.0,0.0
S2B_MSIL2A_20171206T094349_N9999_R036_T34TCR_63_85,Arable land,0.0,0.0
S2B_MSIL2A_20171206T094349_N9999_R036_T34TCR_64_23,Arable land,0.0,0.0
S2B_MSIL2A_20171206T094349_N9999_R036_T34TCR_64_30,Arable land,0.0,0.0
S2B_MSIL2A_20171206T094349_N9999_R036_T34TCR_64_66,Arable land,0.0,0.0
S2B_MSIL2A_20171206T094349_N9999_R036_T34TCR_64_71,Arable land,0.0,0.0
S2B_MSIL2A_20171206T094349_N9999_R036_T34TCR_65_06,Arable land,0.0,0.0
S2B_MSIL2A_20171206T094349_N9999_R036_T34TCR_65_08,Arable land,0.0,0.0
S2B_MSIL2A_20171206T094349_N9999_R036_T34TCR_65_38,Arable land,0.0,0.0
S2B_MSIL2A_20171206T094349_N9999_R036_T34TCR_65_43,Arable land,0.0,0.0
S2B_MSIL2A_20171206T094349_N9999_R036_T34TCR_65_78,Arable land,0.0,0.0
S2B_MSIL2A_20171206T094349_N9999_R036_T34TCR_66_10,Arable land,0.0,0.0
S2B_MSIL2A_20171206T094349_N9999_R036_T34TCR_67_17,Arable land,0.0,0.0
S2B_MSIL2A_20171206T094349_N9999_R036_T34TCR_67_28,Arable land,0.0,0.0
S2B_MSIL2A_20171206T094349_N9999_R036_T34TCR_69_33,Arable land,0.0,0.0
S2B_MSIL2A_20171206T094349_N9999_R036_T34TCR_69_43,Arable land,0.0,0.0
S2B_MSIL2A_20171206T094349_N9999_R036_T34TCR_69_88,Arable land,0.0,0.0
S2B_MSIL2A_20171206T094349_N9999_R036_T34TCR_71_80,Arable land,0.0,0.0
S2B_MSIL2A_20171206T094349_N9999_R036_T34TCR_72_52,Arable land,0.0,0.0
S2B_MSIL2A_20171206T094349_N9999_R036_T34TCR_73_20,Arable land,0.0,0.0
S2B_MSIL2A_20171206T094349_N9999_R036_T34TCR_73_84,Arable land,0.0,0.0
S2B_MSIL2A_20171206T094349_N9999_R036_T34TCR_74_48,Arable land,0.0,0.0
S2B_MSIL2A_20171206T094349_N9999_R036_T34TCR_74_66,Arable land,0.0,0.0
S2B_MSIL2A_20171206T094349_N9999_R036_T34TCR_74_74,Arable land,0.0,0.0
S2B_MSIL2A_20171206T094349_N9999_R036_T34TCR_77_08,Arable land,0.0,0.0
S2B_MSIL2A_20171206T094349_N9999_R036_T34TCR_77_28,Arable land,0.0,0.0
S2B_MSIL2A_20171206T094349_N9999_R036_T34TCR_77_38,Arable land,0.0,0.0
S2B_MSIL2A_20171206T094349_N9999_R036_T34TCR_77_48,Arable land,0.0,0.0
S2B_MSIL2A_20171206T094349_N9999_R036_T34TCR_77_82,Broad-leaved forest,2.0,2.0
S2B_MSIL2A_20171206T094349_N9999_R036_T34TCR_78_03,Arable land,0.0,0.0
S2B_MSIL2A_20171206T094349_N9999_R036_T34TCR_78_50,Arable land,0.0,0.0
S2B_MSIL2A_20171206T094349_N9999_R036_T34TCR_78_81,Broad-leaved forest,2.0,10.0
S2B_MSIL2A_20171206T094349_N9999_R036_T34TCR_78_83,Broad-leaved forest,2.0,2.0
S2B_MSIL2A_20171206T094349_N9999_R036_T34TCR_81_50,Arable land,0.0,0.0
S2B_MSIL2A_20171206T094349_N9999_R036_T34TCR_83_09,Arable land,0.0,0.0
S2B_MSIL2A_20171206T094349_N9999_R036_T34TCR_83_88,Arable land,0.0,0.0
S2B_MSIL2A_20171206T094349_N9999_R036_T34TCR_84_76,Broad-leaved forest,2.0,0.0
S2B_MSIL2A_20171206T094349_N9999_R036_T34TCR_84_78,Broad-leaved forest,2.0,0.0
S2B_MSIL2A_20171206T094349_N9999_R036_T34TCR_85_53,Arable land,0.0,0.0
S2B_MSIL2A_20171206T094349_N9999_R036_T34TCR_85_77,Complex cultivation patterns,5.0,0.0
S2B_MSIL2A_20171206T094349_N9999_R036_T34TCR_85_82,Broad-leaved forest,2.0,2.0
S2B_MSIL2A_20171206T094349_N9999_R036_T34TCR_86_25,Arable land,0.0,0.0
S2B_MSIL2A_20171206T094349_N9999_R036_T34TCR_86_47,Arable land,0.0,0.0
S2B_MSIL2A_20171206T094349_N9999_R036_T34TCR_87_06,Arable land,0.0,0.0
S2B_MSIL2A_20171206T094349_N9999_R036_T34TCR_89_17,Arable land,0.0,0.0
S2B_MSIL2A_20171206T094349_N9999_R036_T34TCR_89_65,Arable land,0.0,0.0
S2B_MSIL2A_20171206T094349_N9999_R036_T34TCR_90_51,Arable land,0.0,0.0
S2B_MSIL2A_20171219T095409_N9999_R079_T33TWN_24_85,Arable land,0.0,0.0
S2B_MSIL2A_20171219T095409_N9999_R079_T33TWN_25_82,Arable land,0.0,0.0
S2B_MSIL2A_20171219T095409_N9999_R079_T33TWN_26_80,Arable land,0.0,0.0
S2B_MSIL2A_20171219T095409_N9999_R079_T33TWN_27_88,Arable land,0.0,0.0
S2B_MSIL2A_20171219T095409_N9999_R079_T33TWN_30_67,Complex cultivation patterns,5.0,0.0
S2B_MSIL2A_20171219T095409_N9999_R079_T33TWN_36_33,Coniferous forest,1.0,1.0
S2B_MSIL2A_20171219T095409_N9999_R079_T33TWN_36_70,Broad-leaved forest,2.0,0.0
S2B_MSIL2A_20171219T095409_N9999_R079_T33TWN_37_60,Complex cultivation patterns,5.0,1.0
S2B_MSIL2A_20171219T095409_N9999_R079_T33TWN_38_85,Arable land,0.0,0.0
S2B_MSIL2A_20171219T095409_N9999_R079_T33TWN_40_24,Coniferous forest,1.0,1.0
S2B_MSIL2A_20171219T095409_N9999_R079_T33TWN_40_82,Arable land,0.0,0.0
S2B_MSIL2A_20171219T095409_N9999_R079_T33TWN_41_74,Broad-leaved forest,2.0,0.0
S2B_MSIL2A_20171219T095409_N9999_R079_T33TWN_42_64,Arable land,0.0,0.0
S2B_MSIL2A_20171219T095409_N9999_R079_T33TWN_42_74,Broad-leaved forest,2.0,5.0
S2B_MSIL2A_20171219T095409_N9999_R079_T33TWN_43_84,Arable land,0.0,0.0
S2B_MSIL2A_20171219T095409_N9999_R079_T33TWN_44_28,Coniferous forest,1.0,1.0
S2B_MSIL2A_20171219T095409_N9999_R079_T33TWN_47_78,Arable land,0.0,0.0
S2B_MSIL2A_20171219T095409_N9999_R079_T33TWN_49_60,Broad-leaved forest,2.0,0.0
S2B_MSIL2A_20171219T095409_N9999_R079_T33TWN_49_85,Arable land,0.0,0.0
S2B_MSIL2A_20171219T095409_N9999_R079_T33TWN_51_51,Arable land,0.0,2.0
S2B_MSIL2A_20171219T095409_N9999_R079_T33TWN_52_29,Coniferous forest,1.0,0.0
S2B_MSIL2A_20171219T095409_N9999_R079_T33TWN_52_81,Arable land,0.0,0.0
S2B_MSIL2A_20171219T095409_N9999_R079_T33TWN_53_66,Arable land,0.0,0.0
S2B_MSIL2A_20171219T095409_N9999_R079_T33TWN_55_85,Arable land,0.0,0.0
S2B_MSIL2A_20171219T095409_N9999_R079_T33TWN_56_78,Arable land,0.0,0.0
S2B_MSIL2A_20171219T095409_N9999_R079_T33TWN_58_35,Complex cultivation patterns,5.0,1.0
S2B_MSIL2A_20171219T095409_N9999_R079_T33TWN_58_55,Arable land,0.0,0.0
S2B_MSIL2A_20171219T095409_N9999_R079_T33TWN_58_65,Arable land,0.0,0.0
S2B_MSIL2A_20171219T095409_N9999_R079_T33TWN_59_23,Coniferous forest,1.0,1.0
S2B_MSIL2A_20171219T095409_N9999_R079_T33TWN_59_83,Arable land,0.0,0.0
S2B_MSIL2A_20171219T095409_N9999_R079_T33TWN_60_55,Arable land,0.0,0.0
S2B_MSIL2A_20171219T095409_N9999_R079_T33TWN_61_42,Arable land,0.0,0.0
S2B_MSIL2A_20171219T095409_N9999_R079_T33TWN_64_13,Arable land,0.0,1.0
S2B_MSIL2A_20171219T095409_N9999_R079_T33TWN_64_51,Arable land,0.0,0.0
S2B_MSIL2A_20171219T095409_N9999_R079_T33TWN_64_70,Arable land,0.0,2.0
S2B_MSIL2A_20171219T095409_N9999_R079_T33TWN_64_75,Arable land,0.0,0.0
S2B_MSIL2A_20171219T095409_N9999_R079_T33TWN_64_80,Arable land,0.0,0.0
S2B_MSIL2A_20171219T095409_N9999_R079_T33TWN_66_48,Arable land,0.0,0.0
S2B_MSIL2A_20171219T095409_N9999_R079_T33TWN_66_86,Broad-leaved forest,2.0,0.0
S2B_MSIL2A_20171219T095409_N9999_R079_T33TWN_69_50,Arable land,0.0,0.0
S2B_MSIL2A_20171219T095409_N9999_R079_T33TWN_70_18,Arable land,0.0,1.0
S2B_MSIL2A_20171219T095409_N9999_R079_T33TWN_70_36,Complex cultivation patterns,5.0,0.0
S2B_MSIL2A_20171219T095409_N9999_R079_T33TWN_71_66,Arable land,0.0,0.0
S2B_MSIL2A_20171219T095409_N9999_R079_T33TWN_71_72,Arable land,0.0,0.0
S2B_MSIL2A_20171219T095409_N9999_R079_T33TWN_73_38,Arable land,0.0,5.0
S2B_MSIL2A_20171219T095409_N9999_R079_T33TWN_73_84,Arable land,0.0,0.0
S2B_MSIL2A_20171219T095409_N9999_R079_T33TWN_74_43,Arable land,0.0,0.0
S2B_MSIL2A_20171219T095409_N9999_R079_T33TWN_74_87,Broad-leaved forest,2.0,2.0
S2B_MSIL2A_20171219T095409_N9999_R079_T33TWN_75_73,Broad-leaved forest,2.0,0.0
S2B_MSIL2A_20171219T095409_N9999_R079_T33TWN_75_74,Arable land,0.0,0.0
S2B_MSIL2A_20171219T095409_N9999_R079_T33TWN_76_54,Arable land,0.0,0.0
S2B_MSIL2A_20171219T095409_N9999_R079_T33TWN_76_81,Arable land,0.0,0.0
S2B_MSIL2A_20171219T095409_N9999_R079_T33TWN_78_42,Arable land,0.0,0.0
S2B_MSIL2A_20171219T095409_N9999_R079_T33TWN_78_82,Arable land,0.0,0.0
S2B_MSIL2A_20171219T095409_N9999_R079_T33TWN_79_07,Arable land,0.0,0.0
S2B_MSIL2A_20171219T095409_N9999_R079_T33TWN_79_12,Broad-leaved forest,2.0,0.0
S2B_MSIL2A_20171219T095409_N9999_R079_T33TWN_79_70,Arable land,0.0,0.0
S2B_MSIL2A_20171219T095409_N9999_R079_T33TWN_79_73,Arable land,0.0,2.0
S2B_MSIL2A_20171219T095409_N9999_R079_T33TWN_80_50,Arable land,0.0,0.0
S2B_MSIL2A_20171219T095409_N9999_R079_T33TWN_81_42,Arable land,0.0,0.0
S2B_MSIL2A_20171219T095409_N9999_R079_T33TWN_81_51,Arable land,0.0,0.0
S2B_MSIL2A_20171219T095409_N9999_R079_T33TWN_81_55,Arable land,0.0,0.0
S2B_MSIL2A_20171219T095409_N9999_R079_T33TWN_81_56,Arable land,0.0,0.0
S2B_MSIL2A_20171219T095409_N9999_R079_T33TWN_81_57,Arable land,0.0,0.0
S2B_MSIL2A_20171219T095409_N9999_R079_T33TWN_82_20,Complex cultivation patterns,5.0,0.0
S2B_MSIL2A_20171219T095409_N9999_R079_T33TWN_84_22,Broad-leaved forest,2.0,0.0
S2B_MSIL2A_20171219T095409_N9999_R079_T33TWN_85_02,Arable land,0.0,0.0
S2B_MSIL2A_20171219T095409_N9999_R079_T33TWN_85_74,Arable land,0.0,0.0
S2B_MSIL2A_20171219T095409_N9999_R079_T33TWN_86_71,Arable land,0.0,0.0
S2B_MSIL2A_20171219T095409_N9999_R079_T33TWN_87_13,Arable land,0.0,0.0
S2B_MSIL2A_20171219T095409_N9999_R079_T33TWN_87_31,Arable land,0.0,0.0
S2B_MSIL2A_20171219T095409_N9999_R079_T33TWN_88_21,Arable land,0.0,0.0
S2B_MSIL2A_20171219T095409_N9999_R079_T33TXN_00_40,Arable land,0.0,0.0
S2B_MSIL2A_20171219T095409_N9999_R079_T33TXN_01_04,Arable land,0.0,0.0
S2B_MSIL2A_20171219T095409_N9999_R079_T33TXN_02_64,Arable land,0.0,1.0
S2B_MSIL2A_20171219T095409_N9999_R079_T33TXN_03_20,Arable land,0.0,0.0
S2B_MSIL2A_20171219T095409_N9999_R079_T33TXN_03_28,Arable land,0.0,0.0
S2B_MSIL2A_20171219T095409_N9999_R079_T33TXN_04_74,Arable land,0.0,0.0
S2B_MSIL2A_20171219T095409_N9999_R079_T33TXN_05_73,Arable land,0.0,0.0
S2B_MSIL2A_20171219T095409_N9999_R079_T33TXN_06_19,Broad-leaved forest,2.0,1.0
S2B_MSIL2A_20171219T095409_N9999_R079_T33TXN_06_54,Arable land,0.0,0.0
S2B_MSIL2A_20171219T095409_N9999_R079_T33TXN_06_57,Arable land,0.0,0.0
S2B_MSIL2A_20171219T095409_N9999_R079_T33TXN_07_23,Arable land,0.0,0.0
S2B_MSIL2A_20171219T095409_N9999_R079_T33TXN_08_17,Broad-leaved forest,2.0,2.0
S2B_MSIL2A_20171219T095409_N9999_R079_T33TXN_09_02,Arable land,0.0,0.0
S2B_MSIL2A_20171219T095409_N9999_R079_T33TXN_09_54,Arable land,0.0,0.0
S2B_MSIL2A_20171219T095409_N9999_R079_T33TXN_10_20,Arable land,0.0,0.0
S2B_MSIL2A_20171219T095409_N9999_R079_T33TXN_10_27,Arable land,0.0,1.0
S2B_MSIL2A_20171219T095409_N9999_R079_T33TXN_12_04,Arable land,0.0,0.0
S2B_MSIL2A_20171219T095409_N9999_R079_T33TXN_12_20,Arable land,0.0,0.0
S2B_MSIL2A_20171219T095409_N9999_R079_T33TXN_15_35,Arable land,0.0,0.0
S2B_MSIL2A_20171219T095409_N9999_R079_T33TXN_17_33,Arable land,0.0,0.0
S2B_MSIL2A_20171219T095409_N9999_R079_T33TXN_19_37,Arable land,0.0,0.0
S2B_MSIL2A_20171219T095409_N9999_R079_T33TXN_20_05,Broad-leaved forest,2.0,0.0
S2B_MSIL2A_20171219T095409_N9999_R079_T33TXN_20_08,Broad-leaved forest,2.0,0.0
S2B_MSIL2A_20171219T095409_N9999_R079_T33TXN_22_09,Inland waters,6.0,3.0
S2B_MSIL2A_20171219T095409_N9999_R079_T33TXN_26_06,Inland waters,6.0,0.0
S2B_MSIL2A_20171219T095409_N9999_R079_T33TXN_27_00,Inland waters,6.0,6.0
S2B_MSIL2A_20171219T095409_N9999_R079_T33TXN_30_03,Arable land,0.0,0.0
S2B_MSIL2A_20171219T095409_N9999_R079_T33TXN_32_07,Broad-leaved forest,2.0,0.0
S2B_MSIL2A_20171219T095409_N9999_R079_T33TXN_35_10,Arable land,0.0,0.0
S2B_MSIL2A_20171219T095409_N9999_R079_T33TXN_38_01,Arable land,0.0,0.0
S2B_MSIL2A_20171219T095409_N9999_R079_T33TXN_40_12,Arable land,0.0,0.0
S2B_MSIL2A_20171219T095409_N9999_R079_T33TXN_40_13,Arable land,0.0,0.0
S2B_MSIL2A_20171219T095409_N9999_R079_T33TXN_42_09,Arable land,0.0,0.0
S2B_MSIL2A_20171219T095409_N9999_R079_T33TXN_47_11,Arable land,0.0,0.0
S2B_MSIL2A_20171226T094359_N9999_R036_T34TCS_48_87,Arable land,0.0,0.0
S2B_MSIL2A_20171226T094359_N9999_R036_T34TCS_56_90,Arable land,0.0,0.0
S2B_MSIL2A_20171226T094359_N9999_R036_T34TCS_59_88,Arable land,0.0,0.0
S2B_MSIL2A_20171226T094359_N9999_R036_T34TCS_61_83,Arable land,0.0,0.0
S2B_MSIL2A_20171226T094359_N9999_R036_T34TCS_69_87,Arable land,0.0,0.0
S2B_MSIL2A_20171226T094359_N9999_R036_T34TCS_70_83,Arable land,0.0,0.0
S2B_MSIL2A_20171226T094359_N9999_R036_T34TCS_80_75,"Land principally occupied by agriculture, with significant areas of natural vegetation",8.0,0.0
S2B_MSIL2A_20171226T094359_N9999_R036_T34TCS_82_82,Arable land,0.0,0.0
S2B_MSIL2A_20171226T094359_N9999_R036_T34TCS_84_82,Arable land,0.0,0.0
S2B_MSIL2A_20171226T094359_N9999_R036_T34TCS_85_84,Arable land,0.0,0.0
S2B_MSIL2A_20180127T102259_N9999_R065_T34VDN_01_87,Marine waters,3.0,3.0
S2B_MSIL2A_20180127T102259_N9999_R065_T34VDN_03_80,Marine waters,3.0,3.0
S2B_MSIL2A_20180127T102259_N9999_R065_T34VDN_06_84,Marine waters,3.0,3.0
S2B_MSIL2A_20180127T102259_N9999_R065_T34VDN_12_67,Marine waters,3.0,3.0
S2B_MSIL2A_20180127T102259_N9999_R065_T34VDN_14_65,Marine waters,3.0,3.0
S2B_MSIL2A_20180127T102259_N9999_R065_T34VDN_14_68,Marine waters,3.0,3.0
S2B_MSIL2A_20180127T102259_N9999_R065_T34VDN_15_65,Marine waters,3.0,3.0
S2B_MSIL2A_20180127T102259_N9999_R065_T34VDN_15_72,Marine waters,3.0,3.0
S2B_MSIL2A_20180127T102259_N9999_R065_T34VDN_17_84,Marine waters,3.0,3.0
S2B_MSIL2A_20180127T102259_N9999_R065_T34VDN_21_85,Marine waters,3.0,3.0
S2B_MSIL2A_20180127T102259_N9999_R065_T34VDN_22_76,Marine waters,3.0,3.0
S2B_MSIL2A_20180127T102259_N9999_R065_T34VDN_22_79,Marine waters,3.0,3.0
S2B_MSIL2A_20180127T102259_N9999_R065_T34VDN_24_78,Marine waters,3.0,3.0
S2B_MSIL2A_20180127T102259_N9999_R065_T34VDN_26_71,Marine waters,3.0,3.0
S2B_MSIL2A_20180201T093219_N9999_R136_T34TEP_00_09,Complex cultivation patterns,5.0,0.0
S2B_MSIL2A_20180201T093219_N9999_R136_T34TEP_00_32,Broad-leaved forest,2.0,2.0
S2B_MSIL2A_20180201T093219_N9999_R136_T34TEP_01_39,Broad-leaved forest,2.0,2.0
S2B_MSIL2A_20180201T093219_N9999_R136_T34TEP_01_54,Broad-leaved forest,2.0,2.0
S2B_MSIL2A_20180201T093219_N9999_R136_T34TEP_01_60,Broad-leaved forest,2.0,2.0
S2B_MSIL2A_20180201T093219_N9999_R136_T34TEP_02_32,Broad-leaved forest,2.0,2.0
S2B_MSIL2A_20180201T093219_N9999_R136_T34TEP_02_52,Broad-leaved forest,2.0,2.0
S2B_MSIL2A_20180201T093219_N9999_R136_T34TEP_02_87,Broad-leaved forest,2.0,2.0
S2B_MSIL2A_20180201T093219_N9999_R136_T34TEP_03_44,Broad-leaved forest,2.0,2.0
S2B_MSIL2A_20180201T093219_N9999_R136_T34TEP_03_48,Broad-leaved forest,2.0,0.0
S2B_MSIL2A_20180201T093219_N9999_R136_T34TEP_03_64,Broad-leaved forest,2.0,2.0
S2B_MSIL2A_20180201T093219_N9999_R136_T34TEP_03_77,Broad-leaved forest,2.0,2.0
S2B_MSIL2A_20180201T093219_N9999_R136_T34TEP_03_88,Broad-leaved forest,2.0,2.0
S2B_MSIL2A_20180201T093219_N9999_R136_T34TEP_04_16,Broad-leaved forest,2.0,2.0
S2B_MSIL2A_20180201T093219_N9999_R136_T34TEP_04_46,Broad-leaved forest,2.0,0.0
S2B_MSIL2A_20180201T093219_N9999_R136_T34TEP_04_58,Arable land,0.0,0.0
S2B_MSIL2A_20180201T093219_N9999_R136_T34TEP_06_47,Broad-leaved forest,2.0,2.0
S2B_MSIL2A_20180201T093219_N9999_R136_T34TEP_06_66,Arable land,0.0,2.0
S2B_MSIL2A_20180201T093219_N9999_R136_T34TEP_07_47,Broad-leaved forest,2.0,2.0
S2B_MSIL2A_20180201T093219_N9999_R136_T34TEP_08_17,Broad-leaved forest,2.0,2.0
S2B_MSIL2A_20180201T093219_N9999_R136_T34TEP_08_27,Broad-leaved forest,2.0,2.0
S2B_MSIL2A_20180201T093219_N9999_R136_T34TEP_08_71,Arable land,0.0,0.0
S2B_MSIL2A_20180201T093219_N9999_R136_T34TEP_09_03,Arable land,0.0,0.0
S2B_MSIL2A_20180201T093219_N9999_R136_T34TEP_09_10,Complex cultivation patterns,5.0,0.0
S2B_MSIL2A_20180201T093219_N9999_R136_T34TEP_09_15,Broad-leaved forest,2.0,2.0
S2B_MSIL2A_20180201T093219_N9999_R136_T34TEP_09_18,Broad-leaved forest,2.0,2.0
S2B_MSIL2A_20180201T093219_N9999_R136_T34TEP_09_63,Arable land,0.0,0.0
S2B_MSIL2A_20180201T093219_N9999_R136_T34TEP_09_78,Broad-leaved forest,2.0,2.0
S2B_MSIL2A_20180201T093219_N9999_R136_T34TEP_10_12,Complex cultivation patterns,5.0,0.0
S2B_MSIL2A_20180201T093219_N9999_R136_T34TEP_10_75,Arable land,0.0,0.0
S2B_MSIL2A_20180201T093219_N9999_R136_T34TEP_11_22,Broad-leaved forest,2.0,2.0
S2B_MSIL2A_20180201T093219_N9999_R136_T34TEP_11_77,Arable land,0.0,2.0
S2B_MSIL2A_20180201T093219_N9999_R136_T34TEP_12_03,Arable land,0.0,0.0
S2B_MSIL2A_20180201T093219_N9999_R136_T34TEP_13_17,Arable land,0.0,2.0
S2B_MSIL2A_20180201T093219_N9999_R136_T34TEP_14_42,Broad-leaved forest,2.0,2.0
S2B_MSIL2A_20180201T093219_N9999_R136_T34TEP_14_86,Arable land,0.0,2.0
S2B_MSIL2A_20180201T093219_N9999_R136_T34TEP_14_89,Broad-leaved forest,2.0,2.0
S2B_MSIL2A_20180201T093219_N9999_R136_T34TEP_15_07,Broad-leaved forest,2.0,2.0
S2B_MSIL2A_20180201T093219_N9999_R136_T34TEP_15_44,Broad-leaved forest,2.0,2.0
S2B_MSIL2A_20180201T093219_N9999_R136_T34TEP_15_80,Broad-leaved forest,2.0,2.0
S2B_MSIL2A_20180201T093219_N9999_R136_T34TEP_16_72,Arable land,0.0,2.0
S2B_MSIL2A_20180201T093219_N9999_R136_T34TEP_16_82,Broad-leaved forest,2.0,2.0
S2B_MSIL2A_20180201T093219_N9999_R136_T34TEP_19_04,Arable land,0.0,2.0
S2B_MSIL2A_20180201T093219_N9999_R136_T34TEP_19_53,Broad-leaved forest,2.0,0.0
S2B_MSIL2A_20180201T093219_N9999_R136_T34TEP_20_25,Arable land,0.0,0.0
S2B_MSIL2A_20180201T093219_N9999_R136_T34TEP_21_29,Arable land,0.0,0.0
S2B_MSIL2A_20180201T093219_N9999_R136_T34TEP_22_10,Arable land,0.0,2.0
S2B_MSIL2A_20180201T093219_N9999_R136_T34TEP_22_22,Arable land,0.0,0.0
S2B_MSIL2A_20180201T093219_N9999_R136_T34TEP_23_80,Broad-leaved forest,2.0,2.0
S2B_MSIL2A_20180201T093219_N9999_R136_T34TEP_24_55,Arable land,0.0,2.0
S2B_MSIL2A_20180201T093219_N9999_R136_T34TEP_25_00,Arable land,0.0,2.0
S2B_MSIL2A_20180201T093219_N9999_R136_T34TEP_25_45,Arable land,0.0,0.0
S2B_MSIL2A_20180201T093219_N9999_R136_T34TEP_25_70,Broad-leaved forest,2.0,2.0
S2B_MSIL2A_20180201T093219_N9999_R136_T34TEP_25_80,Broad-leaved forest,2.0,2.0
S2B_MSIL2A_20180201T093219_N9999_R136_T34TEP_25_88,Arable land,0.0,0.0
S2B_MSIL2A_20180201T093219_N9999_R136_T34TEP_26_28,Arable land,0.0,0.0
S2B_MSIL2A_20180201T093219_N9999_R136_T34TEP_26_36,Arable land,0.0,2.0
S2B_MSIL2A_20180201T093219_N9999_R136_T34TEP_26_59,Broad-leaved forest,2.0,2.0
S2B_MSIL2A_20180201T093219_N9999_R136_T34TEP_27_21,Arable land,0.0,0.0
S2B_MSIL2A_20180201T093219_N9999_R136_T34TEP_27_57,Broad-leaved forest,2.0,2.0
S2B_MSIL2A_20180201T093219_N9999_R136_T34TEP_29_17,Complex cultivation patterns,5.0,2.0
S2B_MSIL2A_20180201T093219_N9999_R136_T34TEP_31_46,Broad-leaved forest,2.0,2.0
S2B_MSIL2A_20180201T093219_N9999_R136_T34TEP_32_68,Arable land,0.0,0.0
S2B_MSIL2A_20180201T093219_N9999_R136_T34TEP_32_76,Broad-leaved forest,2.0,2.0
S2B_MSIL2A_20180201T093219_N9999_R136_T34TEP_33_10,Broad-leaved forest,2.0,2.0
S2B_MSIL2A_20180201T093219_N9999_R136_T34TEP_37_34,Arable land,0.0,2.0
S2B_MSIL2A_20180201T093219_N9999_R136_T34TEP_37_41,Arable land,0.0,2.0
S2B_MSIL2A_20180201T093219_N9999_R136_T34TEP_37_71,Arable land,0.0,0.0
S2B_MSIL2A_20180201T093219_N9999_R136_T34TEP_38_14,Broad-leaved forest,2.0,2.0
S2B_MSIL2A_20180201T093219_N9999_R136_T34TEP_39_22,Broad-leaved forest,2.0,0.0
S2B_MSIL2A_20180201T093219_N9999_R136_T34TEP_39_50,Arable land,0.0,2.0
S2B_MSIL2A_20180201T093219_N9999_R136_T34TEP_39_59,Arable land,0.0,0.0
S2B_MSIL2A_20180201T093219_N9999_R136_T34TEP_39_71,Arable land,0.0,2.0
S2B_MSIL2A_20180201T093219_N9999_R136_T34TEP_40_54,Arable land,0.0,2.0
S2B_MSIL2A_20180201T093219_N9999_R136_T34TEP_41_34,Broad-leaved forest,2.0,2.0
S2B_MSIL2A_20180201T093219_N9999_R136_T34TEP_41_61,Arable land,0.0,0.0
S2B_MSIL2A_20180201T093219_N9999_R136_T34TEP_41_74,Arable land,0.0,0.0
S2B_MSIL2A_20180201T093219_N9999_R136_T34TEP_42_56,Arable land,0.0,0.0
S2B_MSIL2A_20180201T093219_N9999_R136_T34TEP_42_67,Arable land,0.0,0.0
S2B_MSIL2A_20180201T093219_N9999_R136_T34TEP_43_43,Broad-leaved forest,2.0,2.0
S2B_MSIL2A_20180201T093219_N9999_R136_T34TEP_45_08,Broad-leaved forest,2.0,2.0
S2B_MSIL2A_20180201T093219_N9999_R136_T34TEP_45_45,Broad-leaved forest,2.0,2.0
S2B_MSIL2A_20180201T093219_N9999_R136_T34TEP_45_88,Arable land,0.0,0.0
S2B_MSIL2A_20180201T093219_N9999_R136_T34TEP_46_55,Arable land,0.0,2.0
S2B_MSIL2A_20180201T093219_N9999_R136_T34TEP_46_56,Arable land,0.0,0.0
S2B_MSIL2A_20180201T093219_N9999_R136_T34TEP_46_67,Arable land,0.0,0.0
S2B_MSIL2A_20180201T093219_N9999_R136_T34TEP_46_71,Arable land,0.0,0.0
S2B_MSIL2A_20180201T093219_N9999_R136_T34TEP_47_78,Broad-leaved forest,2.0,2.0
S2B_MSIL2A_20180201T093219_N9999_R136_T34TEP_47_81,Broad-leaved forest,2.0,2.0
S2B_MSIL2A_20180201T093219_N9999_R136_T34TEP_50_53,Broad-leaved forest,2.0,1.0
S2B_MSIL2A_20180201T093219_N9999_R136_T34TEP_50_83,Arable land,0.0,0.0
S2B_MSIL2A_20180201T093219_N9999_R136_T34TEP_50_85,Arable land,0.0,0.0
S2B_MSIL2A_20180201T093219_N9999_R136_T34TEP_50_86,Arable land,0.0,0.0
S2B_MSIL2A_20180201T093219_N9999_R136_T34TEP_51_28,Broad-leaved forest,2.0,1.0
S2B_MSIL2A_20180201T093219_N9999_R136_T34TEP_51_90,Arable land,0.0,0.0
S2B_MSIL2A_20180201T093219_N9999_R136_T34TEP_52_01,Complex cultivation patterns,5.0,0.0
S2B_MSIL2A_20180201T093219_N9999_R136_T34TEP_55_01,Broad-leaved forest,2.0,2.0
S2B_MSIL2A_20180201T093219_N9999_R136_T34TEP_58_70,Arable land,0.0,0.0
S2B_MSIL2A_20180201T093219_N9999_R136_T34TEP_61_26,Broad-leaved forest,2.0,2.0
S2B_MSIL2A_20180201T093219_N9999_R136_T34TEP_61_37,Arable land,0.0,2.0
S2B_MSIL2A_20180201T093219_N9999_R136_T34TEP_62_82,Arable land,0.0,0.0
S2B_MSIL2A_20180201T093219_N9999_R136_T34TEP_63_12,Broad-leaved forest,2.0,0.0
S2B_MSIL2A_20180201T093219_N9999_R136_T34TEP_64_31,Arable land,0.0,0.0
S2B_MSIL2A_20180201T093219_N9999_R136_T34TEP_65_85,Broad-leaved forest,2.0,2.0
S2B_MSIL2A_20180201T093219_N9999_R136_T34TEP_67_37,Arable land,0.0,2.0
S2B_MSIL2A_20180201T093219_N9999_R136_T34TEP_67_41,Broad-leaved forest,2.0,2.0
S2B_MSIL2A_20180201T093219_N9999_R136_T34TEP_68_12,Broad-leaved forest,2.0,0.0
S2B_MSIL2A_20180201T093219_N9999_R136_T34TEP_68_36,Complex cultivation patterns,5.0,2.0
S2B_MSIL2A_20180201T093219_N9999_R136_T34TEP_68_88,Arable land,0.0,2.0
S2B_MSIL2A_20180201T093219_N9999_R136_T34TEP_69_28,Arable land,0.0,2.0
S2B_MSIL2A_20180201T093219_N9999_R136_T34TEP_69_41,Broad-leaved forest,2.0,2.0
S2B_MSIL2A_20180201T093219_N9999_R136_T34TEP_70_26,Broad-leaved forest,2.0,0.0
S2B_MSIL2A_20180201T093219_N9999_R136_T34TEP_71_07,Broad-leaved forest,2.0,2.0
S2B_MSIL2A_20180201T093219_N9999_R136_T34TEP_71_20,Broad-leaved forest,2.0,0.0
S2B_MSIL2A_20180201T093219_N9999_R136_T34TEP_71_84,Arable land,0.0,2.0
S2B_MSIL2A_20180201T093219_N9999_R136_T34TEP_72_83,Arable land,0.0,2.0
S2B_MSIL2A_20180201T093219_N9999_R136_T34TEP_73_30,Broad-leaved forest,2.0,2.0
S2B_MSIL2A_20180201T093219_N9999_R136_T34TEP_74_50,Broad-leaved forest,2.0,2.0
S2B_MSIL2A_20180201T093219_N9999_R136_T34TEP_76_37,Arable land,0.0,2.0
S2B_MSIL2A_20180201T093219_N9999_R136_T34TEP_76_89,Broad-leaved forest,2.0,2.0
S2B_MSIL2A_20180201T093219_N9999_R136_T34TEP_77_26,Broad-leaved forest,2.0,2.0
S2B_MSIL2A_20180201T093219_N9999_R136_T34TEP_78_33,Broad-leaved forest,2.0,2.0
S2B_MSIL2A_20180201T093219_N9999_R136_T34TEP_78_39,Broad-leaved forest,2.0,5.0
S2B_MSIL2A_20180201T093219_N9999_R136_T34TEP_78_57,Broad-leaved forest,2.0,2.0
S2B_MSIL2A_20180201T093219_N9999_R136_T34TEP_79_32,Broad-leaved forest,2.0,0.0
S2B_MSIL2A_20180201T093219_N9999_R136_T34TEP_79_35,Complex cultivation patterns,5.0,2.0
S2B_MSIL2A_20180201T093219_N9999_R136_T34TEP_80_51,Broad-leaved forest,2.0,2.0
S2B_MSIL2A_20180201T093219_N9999_R136_T34TEP_80_62,Complex cultivation patterns,5.0,2.0
S2B_MSIL2A_20180201T093219_N9999_R136_T34TEP_81_18,Complex cultivation patterns,5.0,2.0
S2B_MSIL2A_20180201T093219_N9999_R136_T34TEP_81_30,Broad-leaved forest,2.0,2.0
S2B_MSIL2A_20180201T093219_N9999_R136_T34TEP_81_46,Broad-leaved forest,2.0,2.0
S2B_MSIL2A_20180201T093219_N9999_R136_T34TEP_82_59,Broad-leaved forest,2.0,2.0
S2B_MSIL2A_20180201T093219_N9999_R136_T34TEP_83_34,Complex cultivation patterns,5.0,0.0
S2B_MSIL2A_20180201T093219_N9999_R136_T34TEP_83_48,Complex cultivation patterns,5.0,2.0
S2B_MSIL2A_20180201T093219_N9999_R136_T34TEP_83_68,Broad-leaved forest,2.0,2.0
S2B_MSIL2A_20180201T093219_N9999_R136_T34TEP_85_65,Broad-leaved forest,2.0,2.0
S2B_MSIL2A_20180201T093219_N9999_R136_T34TEP_86_26,Arable land,0.0,2.0
S2B_MSIL2A_20180201T093219_N9999_R136_T34TEP_86_43,Broad-leaved forest,2.0,2.0
S2B_MSIL2A_20180201T093219_N9999_R136_T34TEP_87_45,Arable land,0.0,2.0
S2B_MSIL2A_20180201T093219_N9999_R136_T34TEP_88_06,Broad-leaved forest,2.0,5.0
S2B_MSIL2A_20180201T093219_N9999_R136_T34TEP_88_81,Broad-leaved forest,2.0,2.0
S2B_MSIL2A_20180201T093219_N9999_R136_T34TEP_89_09,Arable land,0.0,0.0
S2B_MSIL2A_20180201T093219_N9999_R136_T34TEP_89_65,Broad-leaved forest,2.0,2.0
S2B_MSIL2A_20180204T094159_N9999_R036_T35VNH_02_37,Coniferous forest,1.0,1.0
S2B_MSIL2A_20180204T094159_N9999_R036_T35VNH_03_55,Coniferous forest,1.0,1.0
S2B_MSIL2A_20180204T094159_N9999_R036_T35VNH_05_58,Coniferous forest,1.0,1.0
S2B_MSIL2A_20180204T094159_N9999_R036_T35VNH_06_32,Coniferous forest,1.0,1.0
S2B_MSIL2A_20180204T094159_N9999_R036_T35VNH_09_46,Coniferous forest,1.0,1.0
S2B_MSIL2A_20180204T094159_N9999_R036_T35VNH_10_17,Coniferous forest,1.0,1.0
S2B_MSIL2A_20180204T094159_N9999_R036_T35VNH_11_05,Coniferous forest,1.0,1.0
S2B_MSIL2A_20180204T094159_N9999_R036_T35VNH_11_53,Coniferous forest,1.0,1.0
S2B_MSIL2A_20180204T094159_N9999_R036_T35VNH_12_14,Coniferous forest,1.0,1.0
S2B_MSIL2A_20180204T094159_N9999_R036_T35VNH_18_54,Coniferous forest,1.0,1.0
S2B_MSIL2A_20180204T094159_N9999_R036_T35VNH_20_49,Coniferous forest,1.0,1.0
S2B_MSIL2A_20180204T094159_N9999_R036_T35VNH_22_10,Coniferous forest,1.0,0.0
S2B_MSIL2A_20180204T094159_N9999_R036_T35VNH_22_75,Arable land,0.0,1.0
S2B_MSIL2A_20180204T094159_N9999_R036_T35VNH_23_70,Arable land,0.0,1.0
S2B_MSIL2A_20180204T094159_N9999_R036_T35VNH_25_12,Arable land,0.0,1.0
S2B_MSIL2A_20180204T094159_N9999_R036_T35VNH_26_03,Coniferous forest,1.0,1.0
S2B_MSIL2A_20180204T094159_N9999_R036_T35VNH_30_58,Coniferous forest,1.0,1.0
S2B_MSIL2A_20180204T094159_N9999_R036_T35VNH_30_66,Coniferous forest,1.0,1.0
S2B_MSIL2A_20180204T094159_N9999_R036_T35VNH_31_47,Coniferous forest,1.0,1.0
S2B_MSIL2A_20180204T094159_N9999_R036_T35VNH_32_52,Coniferous forest,1.0,1.0
S2B_MSIL2A_20180204T094159_N9999_R036_T35VNH_36_55,Coniferous forest,1.0,1.0
S2B_MSIL2A_20180204T094159_N9999_R036_T35VNH_38_57,Coniferous forest,1.0,1.0
S2B_MSIL2A_20180204T094159_N9999_R036_T35VNH_52_37,Coniferous forest,1.0,1.0
S2B_MSIL2A_20180204T094159_N9999_R036_T35VNH_60_29,Arable land,0.0,1.0
S2B_MSIL2A_20180204T094159_N9999_R036_T35VNH_62_30,Arable land,0.0,1.0
S2B_MSIL2A_20180204T094159_N9999_R036_T35VNH_71_18,Coniferous forest,1.0,1.0
S2B_MSIL2A_20180204T094159_N9999_R036_T35VNJ_03_84,Coniferous forest,1.0,1.0
S2B_MSIL2A_20180204T094159_N9999_R036_T35VNJ_05_85,Coniferous forest,1.0,1.0
S2B_MSIL2A_20180204T094159_N9999_R036_T35VNJ_06_02,Coniferous forest,1.0,1.0
S2B_MSIL2A_20180204T094159_N9999_R036_T35VNJ_09_35,Coniferous forest,1.0,1.0
S2B_MSIL2A_20180204T094159_N9999_R036_T35VNJ_24_32,Coniferous forest,1.0,1.0
S2B_MSIL2A_20180204T094159_N9999_R036_T35VNJ_24_63,Coniferous forest,1.0,1.0
S2B_MSIL2A_20180204T094159_N9999_R036_T35VNJ_32_65,Coniferous forest,1.0,1.0
S2B_MSIL2A_20180204T094159_N9999_R036_T35VNJ_39_38,Coniferous forest,1.0,1.0
S2B_MSIL2A_20180204T094159_N9999_R036_T35VNJ_39_66,Coniferous forest,1.0,1.0
S2B_MSIL2A_20180204T094159_N9999_R036_T35VNJ_44_15,Coniferous forest,1.0,1.0
S2B_MSIL2A_20180204T094159_N9999_R036_T35VNJ_45_89,Coniferous forest,1.0,1.0
S2B_MSIL2A_20180204T094159_N9999_R036_T35VNJ_50_41,Broad-leaved forest,2.0,1.0
S2B_MSIL2A_20180204T094159_N9999_R036_T35VNJ_50_48,Coniferous forest,1.0,1.0
S2B_MSIL2A_20180204T094159_N9999_R036_T35VNJ_51_16,Coniferous forest,1.0,1.0
S2B_MSIL2A_20180204T094159_N9999_R036_T35VNJ_52_58,Inland waters,6.0,1.0
S2B_MSIL2A_20180204T094159_N9999_R036_T35VNJ_63_81,Coniferous forest,1.0,1.0
S2B_MSIL2A_20180204T094159_N9999_R036_T35VNJ_64_24,Coniferous forest,1.0,1.0
S2B_MSIL2A_20180204T094159_N9999_R036_T35VNJ_64_68,Coniferous forest,1.0,1.0
S2B_MSIL2A_20180204T094159_N9999_R036_T35VNJ_75_64,Coniferous forest,1.0,1.0
S2B_MSIL2A_20180204T094159_N9999_R036_T35VNJ_78_68,Coniferous forest,1.0,1.0
S2B_MSIL2A_20180204T094159_N9999_R036_T35VNJ_79_12,Coniferous forest,1.0,1.0
S2B_MSIL2A_20180204T094159_N9999_R036_T35VNJ_84_68,Coniferous forest,1.0,1.0
S2B_MSIL2A_20180204T094159_N9999_R036_T35VNJ_86_67,Coniferous forest,1.0,1.0
S2B_MSIL2A_20180204T094159_N9999_R036_T35VNJ_90_00,Broad-leaved forest,2.0,1.0
S2B_MSIL2A_20180204T094159_N9999_R036_T35VNJ_90_87,Coniferous forest,1.0,1.0
S2B_MSIL2A_20180204T094159_N9999_R036_T35VPK_00_22,Coniferous forest,1.0,1.0
S2B_MSIL2A_20180204T094159_N9999_R036_T35VPK_01_49,Coniferous forest,1.0,1.0
S2B_MSIL2A_20180204T094159_N9999_R036_T35VPK_02_14,Coniferous forest,1.0,1.0
S2B_MSIL2A_20180204T094159_N9999_R036_T35VPK_02_48,Coniferous forest,1.0,1.0
S2B_MSIL2A_20180204T094159_N9999_R036_T35VPK_04_44,Coniferous forest,1.0,1.0
S2B_MSIL2A_20180204T094159_N9999_R036_T35VPK_11_68,Coniferous forest,1.0,1.0
S2B_MSIL2A_20180204T094159_N9999_R036_T35VPK_12_68,Coniferous forest,1.0,1.0
S2B_MSIL2A_20180204T094159_N9999_R036_T35VPK_14_11,Coniferous forest,1.0,1.0
S2B_MSIL2A_20180204T094159_N9999_R036_T35VPK_17_43,Coniferous forest,1.0,1.0
S2B_MSIL2A_20180204T094159_N9999_R036_T35VPK_18_26,Coniferous forest,1.0,1.0
S2B_MSIL2A_20180204T094159_N9999_R036_T35VPK_25_34,Coniferous forest,1.0,1.0
S2B_MSIL2A_20180204T094159_N9999_R036_T35VPK_27_10,Coniferous forest,1.0,1.0
S2B_MSIL2A_20180204T094159_N9999_R036_T35VPK_34_13,Coniferous forest,1.0,1.0
S2B_MSIL2A_20180204T094159_N9999_R036_T35VPK_38_22,Coniferous forest,1.0,1.0
S2B_MSIL2A_20180204T094159_N9999_R036_T35VPK_50_56,Coniferous forest,1.0,1.0
S2B_MSIL2A_20180204T094159_N9999_R036_T35VPK_58_45,Coniferous forest,1.0,1.0
S2B_MSIL2A_20180204T094159_N9999_R036_T35VPK_65_62,Coniferous forest,1.0,1.0
S2B_MSIL2A_20180204T094159_N9999_R036_T35VPK_65_85,Arable land,0.0,1.0
S2B_MSIL2A_20180204T094159_N9999_R036_T35VPK_70_51,Coniferous forest,1.0,1.0
S2B_MSIL2A_20180204T094159_N9999_R036_T35VPK_71_08,Coniferous forest,1.0,1.0
S2B_MSIL2A_20180204T094159_N9999_R036_T35VPK_76_40,Broad-leaved forest,2.0,1.0
S2B_MSIL2A_20180204T094159_N9999_R036_T35VPK_78_59,Coniferous forest,1.0,1.0
S2B_MSIL2A_20180204T094159_N9999_R036_T35VPK_84_43,Broad-leaved forest,2.0,1.0
S2B_MSIL2A_20180204T094159_N9999_R036_T35VPK_84_56,Coniferous forest,1.0,1.0
S2B_MSIL2A_20180220T114339_N9999_R123_T29UPV_00_69,Arable land,0.0,0.0
S2B_MSIL2A_20180220T114339_N9999_R123_T29UPV_00_72,Pastures,7.0,0.0
S2B_MSIL2A_20180220T114339_N9999_R123_T29UPV_00_85,Inland wetlands,10.0,0.0
S2B_MSIL2A_20180220T114339_N9999_R123_T29UPV_01_04,"Land principally occupied by agriculture, with significant areas of natural vegetation",8.0,0.0
S2B_MSIL2A_20180220T114339_N9999_R123_T29UPV_01_67,Pastures,7.0,7.0
S2B_MSIL2A_20180220T114339_N9999_R123_T29UPV_01_79,Pastures,7.0,0.0
S2B_MSIL2A_20180220T114339_N9999_R123_T29UPV_01_90,Arable land,0.0,0.0
S2B_MSIL2A_20180220T114339_N9999_R123_T29UPV_04_04,Broad-leaved forest,2.0,0.0
S2B_MSIL2A_20180220T114339_N9999_R123_T29UPV_04_17,Coniferous forest,1.0,0.0
S2B_MSIL2A_20180220T114339_N9999_R123_T29UPV_04_48,Arable land,0.0,0.0
S2B_MSIL2A_20180220T114339_N9999_R123_T29UPV_05_63,Inland waters,6.0,0.0
S2B_MSIL2A_20180220T114339_N9999_R123_T29UPV_06_34,Coniferous forest,1.0,0.0
S2B_MSIL2A_20180220T114339_N9999_R123_T29UPV_06_71,Inland wetlands,10.0,10.0
S2B_MSIL2A_20180220T114339_N9999_R123_T29UPV_07_29,Broad-leaved forest,2.0,0.0
S2B_MSIL2A_20180220T114339_N9999_R123_T29UPV_08_06,Pastures,7.0,0.0
S2B_MSIL2A_20180220T114339_N9999_R123_T29UPV_08_59,"Land principally occupied by agriculture, with significant areas of natural vegetation",8.0,0.0
S2B_MSIL2A_20180220T114339_N9999_R123_T29UPV_09_01,Pastures,7.0,0.0
S2B_MSIL2A_20180220T114339_N9999_R123_T29UPV_09_26,Pastures,7.0,7.0
S2B_MSIL2A_20180220T114339_N9999_R123_T29UPV_09_85,Arable land,0.0,1.0
S2B_MSIL2A_20180220T114339_N9999_R123_T29UPV_11_72,Pastures,7.0,0.0
S2B_MSIL2A_20180220T114339_N9999_R123_T29UPV_11_82,Arable land,0.0,0.0
S2B_MSIL2A_20180220T114339_N9999_R123_T29UPV_12_26,Pastures,7.0,0.0
S2B_MSIL2A_20180220T114339_N9999_R123_T29UPV_12_90,Arable land,0.0,0.0
S2B_MSIL2A_20180220T114339_N9999_R123_T29UPV_13_00,Coniferous forest,1.0,0.0
S2B_MSIL2A_20180220T114339_N9999_R123_T29UPV_13_10,Coniferous forest,1.0,7.0
S2B_MSIL2A_20180220T114339_N9999_R123_T29UPV_13_75,Broad-leaved forest,2.0,10.0
S2B_MSIL2A_20180220T114339_N9999_R123_T29UPV_14_53,Inland wetlands,10.0,0.0
S2B_MSIL2A_20180220T114339_N9999_R123_T29UPV_14_58,Arable land,0.0,0.0
S2B_MSIL2A_20180220T114339_N9999_R123_T29UPV_14_64,Inland wetlands,10.0,0.0
S2B_MSIL2A_20180220T114339_N9999_R123_T29UPV_14_65,Arable land,0.0,0.0
S2B_MSIL2A_20180220T114339_N9999_R123_T29UPV_15_06,"Land principally occupied by agriculture, with significant areas of natural vegetation",8.0,7.0
S2B_MSIL2A_20180220T114339_N9999_R123_T29UPV_15_32,Complex cultivation patterns,5.0,0.0
S2B_MSIL2A_20180220T114339_N9999_R123_T29UPV_16_83,Complex cultivation patterns,5.0,0.0
S2B_MSIL2A_20180220T114339_N9999_R123_T29UPV_18_90,Arable land,0.0,0.0
S2B_MSIL2A_20180220T114339_N9999_R123_T29UPV_20_18,"Land principally occupied by agriculture, with significant areas of natural vegetation",8.0,8.0
S2B_MSIL2A_20180220T114339_N9999_R123_T29UPV_20_42,Complex cultivation patterns,5.0,0.0
S2B_MSIL2A_20180220T114339_N9999_R123_T29UPV_21_49,Pastures,7.0,0.0
S2B_MSIL2A_20180220T114339_N9999_R123_T29UPV_21_65,Arable land,0.0,1.0
S2B_MSIL2A_20180220T114339_N9999_R123_T29UPV_21_68,"Land principally occupied by agriculture, with significant areas of natural vegetation",8.0,0.0
S2B_MSIL2A_20180220T114339_N9999_R123_T29UPV_23_42,Pastures,7.0,0.0
S2B_MSIL2A_20180220T114339_N9999_R123_T29UPV_23_73,Pastures,7.0,0.0
S2B_MSIL2A_20180220T114339_N9999_R123_T29UPV_24_37,Pastures,7.0,7.0
S2B_MSIL2A_20180220T114339_N9999_R123_T29UPV_24_74,Inland wetlands,10.0,0.0
S2B_MSIL2A_20180220T114339_N9999_R123_T29UPV_25_43,"Land principally occupied by agriculture, with significant areas of natural vegetation",8.0,0.0
S2B_MSIL2A_20180220T114339_N9999_R123_T29UPV_25_57,Inland wetlands,10.0,1.0
S2B_MSIL2A_20180220T114339_N9999_R123_T29UPV_26_31,Pastures,7.0,7.0
S2B_MSIL2A_20180220T114339_N9999_R123_T29UPV_26_87,Arable land,0.0,0.0
S2B_MSIL2A_20180220T114339_N9999_R123_T29UPV_27_02,Inland waters,6.0,0.0
S2B_MSIL2A_20180220T114339_N9999_R123_T29UPV_27_13,Pastures,7.0,8.0
S2B_MSIL2A_20180220T114339_N9999_R123_T29UPV_27_53,Inland wetlands,10.0,0.0
S2B_MSIL2A_20180220T114339_N9999_R123_T29UPV_28_76,Coniferous forest,1.0,2.0
S2B_MSIL2A_20180220T114339_N9999_R123_T29UPV_29_41,Inland wetlands,10.0,0.0
S2B_MSIL2A_20180220T114339_N9999_R123_T29UPV_30_59,Arable land,0.0,0.0
S2B_MSIL2A_20180220T114339_N9999_R123_T29UPV_30_76,Arable land,0.0,0.0
S2B_MSIL2A_20180220T114339_N9999_R123_T29UPV_32_10,"Land principally occupied by agriculture, with significant areas of natural vegetation",8.0,0.0
S2B_MSIL2A_20180220T114339_N9999_R123_T29UPV_32_87,Arable land,0.0,0.0
S2B_MSIL2A_20180220T114339_N9999_R123_T29UPV_34_75,Broad-leaved forest,2.0,2.0
S2B_MSIL2A_20180220T114339_N9999_R123_T29UPV_34_85,Arable land,0.0,0.0
S2B_MSIL2A_20180220T114339_N9999_R123_T29UPV_35_08,"Land principally occupied by agriculture, with significant areas of natural vegetation",8.0,0.0
S2B_MSIL2A_20180220T114339_N9999_R123_T29UPV_37_02,Pastures,7.0,0.0
S2B_MSIL2A_20180220T114339_N9999_R123_T29UPV_37_43,Arable land,0.0,0.0
S2B_MSIL2A_20180220T114339_N9999_R123_T29UPV_37_85,Inland wetlands,10.0,0.0
S2B_MSIL2A_20180220T114339_N9999_R123_T29UPV_38_51,Arable land,0.0,0.0
S2B_MSIL2A_20180220T114339_N9999_R123_T29UPV_38_62,Pastures,7.0,0.0
S2B_MSIL2A_20180220T114339_N9999_R123_T29UPV_38_67,Arable land,0.0,7.0
S2B_MSIL2A_20180220T114339_N9999_R123_T29UPV_38_73,Inland wetlands,10.0,1.0
S2B_MSIL2A_20180220T114339_N9999_R123_T29UPV_39_49,Arable land,0.0,0.0
S2B_MSIL2A_20180220T114339_N9999_R123_T29UPV_40_13,Industrial or commercial units,11.0,0.0
S2B_MSIL2A_20180220T114339_N9999_R123_T29UPV_41_43,Arable land,0.0,0.0
S2B_MSIL2A_20180220T114339_N9999_R123_T29UPV_43_18,Pastures,7.0,0.0
S2B_MSIL2A_20180220T114339_N9999_R123_T29UPV_44_09,"Land principally occupied by agriculture, with significant areas of natural vegetation",8.0,0.0
S2B_MSIL2A_20180220T114339_N9999_R123_T29UPV_44_16,Pastures,7.0,0.0
S2B_MSIL2A_20180220T114339_N9999_R123_T29UPV_44_48,Arable land,0.0,0.0
S2B_MSIL2A_20180220T114339_N9999_R123_T29UPV_44_55,Pastures,7.0,0.0
S2B_MSIL2A_20180220T114339_N9999_R123_T29UPV_44_87,Arable land,0.0,0.0
S2B_MSIL2A_20180220T114339_N9999_R123_T29UPV_45_25,"Land principally occupied by agriculture, with significant areas of natural vegetation",8.0,0.0
S2B_MSIL2A_20180220T114339_N9999_R123_T29UPV_45_48,Arable land,0.0,0.0
S2B_MSIL2A_20180220T114339_N9999_R123_T29UPV_45_63,Arable land,0.0,0.0
S2B_MSIL2A_20180220T114339_N9999_R123_T29UPV_46_46,Arable land,0.0,0.0
S2B_MSIL2A_20180220T114339_N9999_R123_T29UPV_47_21,Arable land,0.0,0.0
S2B_MSIL2A_20180220T114339_N9999_R123_T29UPV_47_57,Complex cultivation patterns,5.0,7.0
S2B_MSIL2A_20180220T114339_N9999_R123_T29UPV_48_09,Pastures,7.0,7.0
S2B_MSIL2A_20180220T114339_N9999_R123_T29UPV_48_79,Pastures,7.0,0.0
S2B_MSIL2A_20180220T114339_N9999_R123_T29UPV_49_22,Arable land,0.0,0.0
S2B_MSIL2A_20180220T114339_N9999_R123_T29UPV_49_47,Arable land,0.0,0.0
S2B_MSIL2A_20180220T114339_N9999_R123_T29UPV_49_77,Pastures,7.0,0.0
S2B_MSIL2A_20180220T114339_N9999_R123_T29UPV_50_40,Arable land,0.0,0.0
S2B_MSIL2A_20180220T114339_N9999_R123_T29UPV_50_51,Arable land,0.0,0.0
S2B_MSIL2A_20180220T114339_N9999_R123_T29UPV_50_67,Mixed forest,9.0,0.0
S2B_MSIL2A_20180220T114339_N9999_R123_T29UPV_51_66,Arable land,0.0,0.0
S2B_MSIL2A_20180220T114339_N9999_R123_T29UPV_51_71,Arable land,0.0,0.0
S2B_MSIL2A_20180220T114339_N9999_R123_T29UPV_52_07,Pastures,7.0,7.0
S2B_MSIL2A_20180220T114339_N9999_R123_T29UPV_52_31,Pastures,7.0,0.0
S2B_MSIL2A_20180220T114339_N9999_R123_T29UPV_52_48,Arable land,0.0,0.0
S2B_MSIL2A_20180220T114339_N9999_R123_T29UPV_54_15,Arable land,0.0,0.0
S2B_MSIL2A_20180220T114339_N9999_R123_T29UPV_54_47,Arable land,0.0,0.0
S2B_MSIL2A_20180220T114339_N9999_R123_T29UPV_56_15,Arable land,0.0,0.0
S2B_MSIL2A_20180220T114339_N9999_R123_T29UPV_56_42,Arable land,0.0,0.0
S2B_MSIL2A_20180220T114339_N9999_R123_T29UPV_56_80,Coniferous forest,1.0,0.0
S2B_MSIL2A_20180220T114339_N9999_R123_T29UPV_59_20,Arable land,0.0,0.0
S2B_MSIL2A_20180220T114339_N9999_R123_T29UPV_59_57,Arable land,0.0,0.0
S2B_MSIL2A_20180220T114339_N9999_R123_T29UPV_59_59,Arable land,0.0,0.0
S2B_MSIL2A_20180220T114339_N9999_R123_T29UPV_60_37,Arable land,0.0,0.0
S2B_MSIL2A_20180220T114339_N9999_R123_T29UPV_61_24,Arable land,0.0,0.0
S2B_MSIL2A_20180220T114339_N9999_R123_T29UPV_62_75,Arable land,0.0,0.0
S2B_MSIL2A_20180220T114339_N9999_R123_T29UPV_64_20,Marine waters,3.0,3.0
S2B_MSIL2A_20180220T114339_N9999_R123_T29UPV_65_58,Arable land,0.0,0.0
S2B_MSIL2A_20180220T114339_N9999_R123_T29UPV_65_63,Arable land,0.0,0.0
S2B_MSIL2A_20180220T114339_N9999_R123_T29UPV_66_76,Urban fabric,17.0,0.0
S2B_MSIL2A_20180220T114339_N9999_R123_T29UPV_67_38,Arable land,0.0,0.0
S2B_MSIL2A_20180220T114339_N9999_R123_T29UPV_68_47,Arable land,0.0,0.0
S2B_MSIL2A_20180220T114339_N9999_R123_T29UPV_73_33,Marine waters,3.0,3.0
S2B_MSIL2A_20180220T114339_N9999_R123_T29UPV_73_81,Pastures,7.0,0.0
S2B_MSIL2A_20180220T114339_N9999_R123_T29UPV_74_35,Marine waters,3.0,3.0
S2B_MSIL2A_20180220T114339_N9999_R123_T29UPV_76_62,Marine waters,3.0,3.0
S2B_MSIL2A_20180220T114339_N9999_R123_T29UPV_77_17,Marine waters,3.0,3.0
S2B_MSIL2A_20180220T114339_N9999_R123_T29UPV_77_31,Marine waters,3.0,3.0
S2B_MSIL2A_20180220T114339_N9999_R123_T29UPV_79_29,Marine waters,3.0,3.0
S2B_MSIL2A_20180220T114339_N9999_R123_T29UPV_80_34,Marine waters,3.0,3.0
S2B_MSIL2A_20180220T114339_N9999_R123_T29UPV_80_57,"Land principally occupied by agriculture, with significant areas of natural vegetation",8.0,3.0
S2B_MSIL2A_20180220T114339_N9999_R123_T29UPV_80_74,Marine waters,3.0,3.0
S2B_MSIL2A_20180220T114339_N9999_R123_T29UPV_81_19,Marine waters,3.0,3.0
S2B_MSIL2A_20180220T114339_N9999_R123_T29UPV_82_63,Marine waters,3.0,3.0
S2B_MSIL2A_20180220T114339_N9999_R123_T29UPV_83_35,Marine waters,3.0,3.0
S2B_MSIL2A_20180220T114339_N9999_R123_T29UPV_84_11,Marine waters,3.0,3.0
S2B_MSIL2A_20180220T114339_N9999_R123_T29UPV_84_18,Marine waters,3.0,3.0
S2B_MSIL2A_20180220T114339_N9999_R123_T29UPV_85_24,Marine waters,3.0,3.0
S2B_MSIL2A_20180220T114339_N9999_R123_T29UPV_87_17,Marine waters,3.0,3.0
S2B_MSIL2A_20180220T114339_N9999_R123_T29UPV_88_24,Marine waters,3.0,3.0
S2B_MSIL2A_20180220T114339_N9999_R123_T29UPV_88_45,Marine waters,3.0,3.0
S2B_MSIL2A_20180220T114339_N9999_R123_T29UPV_89_23,Marine waters,3.0,3.0
S2B_MSIL2A_20180220T114339_N9999_R123_T29UPV_89_43,Marine waters,3.0,3.0
S2B_MSIL2A_20180220T114339_N9999_R123_T29UPV_89_48,Marine waters,3.0,3.0
S2B_MSIL2A_20180220T114339_N9999_R123_T29UPV_89_56,Marine waters,3.0,3.0
S2B_MSIL2A_20180220T114339_N9999_R123_T29UPV_89_82,Marine waters,3.0,3.0
S2B_MSIL2A_20180220T114339_N9999_R123_T29UPV_90_43,Marine waters,3.0,3.0
S2B_MSIL2A_20180220T114339_N9999_R123_T29UPV_90_81,Marine waters,3.0,3.0
S2B_MSIL2A_20180223T101019_N9999_R022_T34WFT_88_35,Broad-leaved forest,2.0,1.0
S2B_MSIL2A_20180223T101019_N9999_R022_T34WFT_88_47,Coniferous forest,1.0,1.0
S2B_MSIL2A_20180224T112109_N9999_R037_T29SNC_00_19,Arable land,0.0,0.0
S2B_MSIL2A_20180224T112109_N9999_R037_T29SNC_01_26,Broad-leaved forest,2.0,0.0
S2B_MSIL2A_20180224T112109_N9999_R037_T29SNC_01_63,Marine waters,3.0,3.0
S2B_MSIL2A_20180224T112109_N9999_R037_T29SNC_01_70,Marine waters,3.0,3.0
S2B_MSIL2A_20180224T112109_N9999_R037_T29SNC_02_02,Coastal wetlands,16.0,3.0
S2B_MSIL2A_20180224T112109_N9999_R037_T29SNC_02_07,Marine waters,3.0,3.0
S2B_MSIL2A_20180224T112109_N9999_R037_T29SNC_02_12,Complex cultivation patterns,5.0,0.0
S2B_MSIL2A_20180224T112109_N9999_R037_T29SNC_02_15,Complex cultivation patterns,5.0,0.0
S2B_MSIL2A_20180224T112109_N9999_R037_T29SNC_02_31,Broad-leaved forest,2.0,0.0
S2B_MSIL2A_20180224T112109_N9999_R037_T29SNC_02_49,Marine waters,3.0,3.0
S2B_MSIL2A_20180224T112109_N9999_R037_T29SNC_04_73,Marine waters,3.0,3.0
S2B_MSIL2A_20180224T112109_N9999_R037_T29SNC_05_14,Complex cultivation patterns,5.0,0.0
S2B_MSIL2A_20180224T112109_N9999_R037_T29SNC_05_32,Coniferous forest,1.0,3.0
S2B_MSIL2A_20180224T112109_N9999_R037_T29SNC_05_56,Marine waters,3.0,3.0
S2B_MSIL2A_20180224T112109_N9999_R037_T29SNC_06_72,Marine waters,3.0,3.0
S2B_MSIL2A_20180224T112109_N9999_R037_T29SNC_07_03,Agro-forestry areas,4.0,0.0
S2B_MSIL2A_20180224T112109_N9999_R037_T29SNC_09_70,Marine waters,3.0,3.0
S2B_MSIL2A_20180224T112109_N9999_R037_T29SNC_10_12,Agro-forestry areas,4.0,0.0
S2B_MSIL2A_20180224T112109_N9999_R037_T29SNC_12_28,Complex cultivation patterns,5.0,0.0
S2B_MSIL2A_20180224T112109_N9999_R037_T29SNC_13_15,Agro-forestry areas,4.0,0.0
S2B_MSIL2A_20180224T112109_N9999_R037_T29SNC_14_83,Arable land,0.0,0.0
S2B_MSIL2A_20180224T112109_N9999_R037_T29SNC_15_11,Agro-forestry areas,4.0,0.0
S2B_MSIL2A_20180224T112109_N9999_R037_T29SNC_15_70,Arable land,0.0,0.0
S2B_MSIL2A_20180224T112109_N9999_R037_T29SNC_16_47,Arable land,0.0,0.0
S2B_MSIL2A_20180224T112109_N9999_R037_T29SNC_16_62,"Beaches, dunes, sands",13.0,0.0
S2B_MSIL2A_20180224T112109_N9999_R037_T29SNC_17_20,Broad-leaved forest,2.0,4.0
S2B_MSIL2A_20180224T112109_N9999_R037_T29SNC_17_30,Coastal wetlands,16.0,3.0
S2B_MSIL2A_20180224T112109_N9999_R037_T29SNC_18_27,Arable land,0.0,0.0
S2B_MSIL2A_20180224T112109_N9999_R037_T29SNC_18_33,Marine waters,3.0,3.0
S2B_MSIL2A_20180224T112109_N9999_R037_T29SNC_19_15,Complex cultivation patterns,5.0,0.0
S2B_MSIL2A_20180224T112109_N9999_R037_T29SNC_19_47,Arable land,0.0,0.0
S2B_MSIL2A_20180224T112109_N9999_R037_T29SNC_19_70,Arable land,0.0,0.0
S2B_MSIL2A_20180224T112109_N9999_R037_T29SNC_20_70,Complex cultivation patterns,5.0,0.0
S2B_MSIL2A_20180224T112109_N9999_R037_T29SNC_21_65,Agro-forestry areas,4.0,0.0
S2B_MSIL2A_20180224T112109_N9999_R037_T29SNC_21_68,Arable land,0.0,0.0
S2B_MSIL2A_20180224T112109_N9999_R037_T29SNC_21_86,Arable land,0.0,2.0
S2B_MSIL2A_20180224T112109_N9999_R037_T29SNC_22_52,Agro-forestry areas,4.0,0.0
S2B_MSIL2A_20180224T112109_N9999_R037_T29SNC_22_62,Agro-forestry areas,4.0,0.0
S2B_MSIL2A_20180224T112109_N9999_R037_T29SNC_22_67,Agro-forestry areas,4.0,1.0
S2B_MSIL2A_20180224T112109_N9999_R037_T29SNC_22_79,Arable land,0.0,0.0
S2B_MSIL2A_20180224T112109_N9999_R037_T29SNC_22_90,Arable land,0.0,0.0
S2B_MSIL2A_20180224T112109_N9999_R037_T29SNC_23_00,Broad-leaved forest,2.0,0.0
S2B_MSIL2A_20180224T112109_N9999_R037_T29SNC_23_20,Broad-leaved forest,2.0,0.0
S2B_MSIL2A_20180224T112109_N9999_R037_T29SNC_24_20,Broad-leaved forest,2.0,0.0
S2B_MSIL2A_20180224T112109_N9999_R037_T29SNC_24_46,Arable land,0.0,0.0
S2B_MSIL2A_20180224T112109_N9999_R037_T29SNC_24_49,"Transitional woodland, shrub",14.0,0.0
S2B_MSIL2A_20180224T112109_N9999_R037_T29SNC_24_73,Broad-leaved forest,2.0,1.0
S2B_MSIL2A_20180224T112109_N9999_R037_T29SNC_25_48,Broad-leaved forest,2.0,0.0
S2B_MSIL2A_20180224T112109_N9999_R037_T29SNC_25_87,Arable land,0.0,2.0
S2B_MSIL2A_20180224T112109_N9999_R037_T29SNC_26_21,Broad-leaved forest,2.0,0.0
S2B_MSIL2A_20180224T112109_N9999_R037_T29SNC_27_14,Arable land,0.0,0.0
S2B_MSIL2A_20180224T112109_N9999_R037_T29SNC_28_63,Broad-leaved forest,2.0,1.0
S2B_MSIL2A_20180224T112109_N9999_R037_T29SNC_29_60,Agro-forestry areas,4.0,0.0
S2B_MSIL2A_20180224T112109_N9999_R037_T29SNC_31_73,Agro-forestry areas,4.0,1.0
S2B_MSIL2A_20180224T112109_N9999_R037_T29SNC_32_02,Broad-leaved forest,2.0,0.0
S2B_MSIL2A_20180224T112109_N9999_R037_T29SNC_32_43,Arable land,0.0,0.0
S2B_MSIL2A_20180224T112109_N9999_R037_T29SNC_32_67,Agro-forestry areas,4.0,4.0
S2B_MSIL2A_20180224T112109_N9999_R037_T29SNC_33_05,Mixed forest,9.0,1.0
S2B_MSIL2A_20180224T112109_N9999_R037_T29SNC_33_69,Agro-forestry areas,4.0,4.0
S2B_MSIL2A_20180224T112109_N9999_R037_T29SNC_35_25,Agro-forestry areas,4.0,0.0
S2B_MSIL2A_20180224T112109_N9999_R037_T29SNC_35_60,Agro-forestry areas,4.0,0.0
S2B_MSIL2A_20180224T112109_N9999_R037_T29SNC_36_36,Agro-forestry areas,4.0,0.0
S2B_MSIL2A_20180224T112109_N9999_R037_T29SNC_36_81,Arable land,0.0,0.0
S2B_MSIL2A_20180224T112109_N9999_R037_T29SNC_37_61,Agro-forestry areas,4.0,0.0
S2B_MSIL2A_20180224T112109_N9999_R037_T29SNC_37_73,Agro-forestry areas,4.0,0.0
S2B_MSIL2A_20180224T112109_N9999_R037_T29SNC_38_08,Agro-forestry areas,4.0,0.0
S2B_MSIL2A_20180224T112109_N9999_R037_T29SNC_38_77,Broad-leaved forest,2.0,0.0
S2B_MSIL2A_20180224T112109_N9999_R037_T29SNC_38_82,Broad-leaved forest,2.0,4.0
S2B_MSIL2A_20180224T112109_N9999_R037_T29SNC_39_00,Agro-forestry areas,4.0,0.0
S2B_MSIL2A_20180224T112109_N9999_R037_T29SNC_39_62,Agro-forestry areas,4.0,0.0
S2B_MSIL2A_20180224T112109_N9999_R037_T29SNC_39_77,Arable land,0.0,0.0
S2B_MSIL2A_20180224T112109_N9999_R037_T29SNC_41_59,Agro-forestry areas,4.0,0.0
S2B_MSIL2A_20180224T112109_N9999_R037_T29SNC_42_14,Agro-forestry areas,4.0,0.0
S2B_MSIL2A_20180224T112109_N9999_R037_T29SNC_42_88,Agro-forestry areas,4.0,0.0
S2B_MSIL2A_20180224T112109_N9999_R037_T29SNC_43_04,Complex cultivation patterns,5.0,0.0
S2B_MSIL2A_20180224T112109_N9999_R037_T29SNC_44_13,Agro-forestry areas,4.0,0.0
S2B_MSIL2A_20180224T112109_N9999_R037_T29SNC_44_40,Agro-forestry areas,4.0,0.0
S2B_MSIL2A_20180224T112109_N9999_R037_T29SNC_44_49,Agro-forestry areas,4.0,4.0
S2B_MSIL2A_20180224T112109_N9999_R037_T29SNC_44_51,Agro-forestry areas,4.0,0.0
S2B_MSIL2A_20180224T112109_N9999_R037_T29SNC_44_53,Agro-forestry areas,4.0,0.0
S2B_MSIL2A_20180224T112109_N9999_R037_T29SNC_44_69,Agro-forestry areas,4.0,0.0
S2B_MSIL2A_20180224T112109_N9999_R037_T29SNC_46_59,Broad-leaved forest,2.0,0.0
S2B_MSIL2A_20180224T112109_N9999_R037_T29SNC_47_36,Agro-forestry areas,4.0,0.0
S2B_MSIL2A_20180224T112109_N9999_R037_T29SNC_47_71,Agro-forestry areas,4.0,0.0
S2B_MSIL2A_20180224T112109_N9999_R037_T29SNC_48_40,Agro-forestry areas,4.0,0.0
S2B_MSIL2A_20180224T112109_N9999_R037_T29SNC_48_80,Agro-forestry areas,4.0,0.0
S2B_MSIL2A_20180224T112109_N9999_R037_T29SNC_49_30,Agro-forestry areas,4.0,4.0
S2B_MSIL2A_20180224T112109_N9999_R037_T29SNC_49_55,Agro-forestry areas,4.0,0.0
S2B_MSIL2A_20180224T112109_N9999_R037_T29SNC_50_10,Agro-forestry areas,4.0,4.0
S2B_MSIL2A_20180224T112109_N9999_R037_T29SNC_50_26,Agro-forestry areas,4.0,4.0
S2B_MSIL2A_20180224T112109_N9999_R037_T29SNC_50_34,Agro-forestry areas,4.0,0.0
S2B_MSIL2A_20180224T112109_N9999_R037_T29SNC_51_65,Agro-forestry areas,4.0,0.0
S2B_MSIL2A_20180224T112109_N9999_R037_T29SNC_51_70,Agro-forestry areas,4.0,0.0
S2B_MSIL2A_20180224T112109_N9999_R037_T29SNC_51_72,Agro-forestry areas,4.0,0.0
S2B_MSIL2A_20180224T112109_N9999_R037_T29SNC_52_05,Agro-forestry areas,4.0,4.0
S2B_MSIL2A_20180224T112109_N9999_R037_T29SNC_52_30,Agro-forestry areas,4.0,0.0
S2B_MSIL2A_20180224T112109_N9999_R037_T29SNC_52_41,Agro-forestry areas,4.0,4.0
S2B_MSIL2A_20180224T112109_N9999_R037_T29SNC_53_28,Agro-forestry areas,4.0,0.0
S2B_MSIL2A_20180224T112109_N9999_R037_T29SNC_54_01,Agro-forestry areas,4.0,0.0
S2B_MSIL2A_20180224T112109_N9999_R037_T29SNC_55_77,Arable land,0.0,0.0
S2B_MSIL2A_20180224T112109_N9999_R037_T29SNC_56_18,Permanent crops,15.0,0.0
S2B_MSIL2A_20180224T112109_N9999_R037_T29SNC_57_42,Agro-forestry areas,4.0,4.0
S2B_MSIL2A_20180224T112109_N9999_R037_T29SNC_59_10,Agro-forestry areas,4.0,0.0
S2B_MSIL2A_20180224T112109_N9999_R037_T29SNC_59_60,Agro-forestry areas,4.0,0.0
S2B_MSIL2A_20180224T112109_N9999_R037_T29SNC_59_80,Arable land,0.0,0.0
S2B_MSIL2A_20180224T112109_N9999_R037_T29SNC_60_17,Arable land,0.0,0.0
S2B_MSIL2A_20180224T112109_N9999_R037_T29SNC_60_53,Agro-forestry areas,4.0,4.0
S2B_MSIL2A_20180224T112109_N9999_R037_T29SNC_60_58,Agro-forestry areas,4.0,0.0
S2B_MSIL2A_20180224T112109_N9999_R037_T29SNC_61_16,Agro-forestry areas,4.0,0.0
S2B_MSIL2A_20180224T112109_N9999_R037_T29SNC_61_78,Permanent crops,15.0,1.0
S2B_MSIL2A_20180224T112109_N9999_R037_T29SNC_62_14,Agro-forestry areas,4.0,0.0
S2B_MSIL2A_20180224T112109_N9999_R037_T29SNC_62_22,Agro-forestry areas,4.0,0.0
S2B_MSIL2A_20180224T112109_N9999_R037_T29SNC_63_00,Agro-forestry areas,4.0,0.0
S2B_MSIL2A_20180224T112109_N9999_R037_T29SNC_63_16,Agro-forestry areas,4.0,0.0
S2B_MSIL2A_20180224T112109_N9999_R037_T29SNC_65_16,Agro-forestry areas,4.0,0.0
S2B_MSIL2A_20180224T112109_N9999_R037_T29SNC_65_25,Agro-forestry areas,4.0,2.0
S2B_MSIL2A_20180224T112109_N9999_R037_T29SNC_65_48,Agro-forestry areas,4.0,4.0
S2B_MSIL2A_20180224T112109_N9999_R037_T29SNC_66_12,Agro-forestry areas,4.0,4.0
S2B_MSIL2A_20180224T112109_N9999_R037_T29SNC_67_37,Agro-forestry areas,4.0,0.0
S2B_MSIL2A_20180224T112109_N9999_R037_T29SNC_68_05,Agro-forestry areas,4.0,0.0
S2B_MSIL2A_20180224T112109_N9999_R037_T29SNC_68_52,Arable land,0.0,4.0
S2B_MSIL2A_20180224T112109_N9999_R037_T29SNC_68_57,Agro-forestry areas,4.0,0.0
S2B_MSIL2A_20180224T112109_N9999_R037_T29SNC_69_09,Agro-forestry areas,4.0,0.0
S2B_MSIL2A_20180224T112109_N9999_R037_T29SNC_69_14,Agro-forestry areas,4.0,4.0
S2B_MSIL2A_20180224T112109_N9999_R037_T29SNC_69_28,Broad-leaved forest,2.0,2.0
S2B_MSIL2A_20180224T112109_N9999_R037_T29SNC_70_50,Arable land,0.0,0.0
S2B_MSIL2A_20180224T112109_N9999_R037_T29SNC_70_54,Agro-forestry areas,4.0,4.0
S2B_MSIL2A_20180224T112109_N9999_R037_T29SNC_70_87,Arable land,0.0,0.0
S2B_MSIL2A_20180224T112109_N9999_R037_T29SNC_71_56,Arable land,0.0,0.0
S2B_MSIL2A_20180224T112109_N9999_R037_T29SNC_71_85,Agro-forestry areas,4.0,0.0
S2B_MSIL2A_20180224T112109_N9999_R037_T29SNC_72_24,Agro-forestry areas,4.0,0.0
S2B_MSIL2A_20180224T112109_N9999_R037_T29SNC_72_42,Arable land,0.0,7.0
S2B_MSIL2A_20180224T112109_N9999_R037_T29SNC_73_05,Agro-forestry areas,4.0,0.0
S2B_MSIL2A_20180224T112109_N9999_R037_T29SNC_73_12,Industrial or commercial units,11.0,0.0
S2B_MSIL2A_20180224T112109_N9999_R037_T29SNC_74_73,Arable land,0.0,0.0
S2B_MSIL2A_20180224T112109_N9999_R037_T29SNC_75_00,Agro-forestry areas,4.0,4.0
S2B_MSIL2A_20180224T112109_N9999_R037_T29SNC_75_20,Agro-forestry areas,4.0,0.0
S2B_MSIL2A_20180224T112109_N9999_R037_T29SNC_75_27,Agro-forestry areas,4.0,0.0
S2B_MSIL2A_20180224T112109_N9999_R037_T29SNC_75_40,Agro-forestry areas,4.0,0.0
S2B_MSIL2A_20180224T112109_N9999_R037_T29SNC_76_23,Agro-forestry areas,4.0,0.0
S2B_MSIL2A_20180224T112109_N9999_R037_T29SNC_76_70,Agro-forestry areas,4.0,0.0
S2B_MSIL2A_20180224T112109_N9999_R037_T29SNC_77_69,Agro-forestry areas,4.0,7.0
S2B_MSIL2A_20180224T112109_N9999_R037_T29SNC_77_82,Arable land,0.0,0.0
S2B_MSIL2A_20180224T112109_N9999_R037_T29SNC_78_03,Agro-forestry areas,4.0,0.0
S2B_MSIL2A_20180224T112109_N9999_R037_T29SNC_78_42,Agro-forestry areas,4.0,4.0
S2B_MSIL2A_20180224T112109_N9999_R037_T29SNC_80_06,Agro-forestry areas,4.0,4.0
S2B_MSIL2A_20180224T112109_N9999_R037_T29SNC_80_64,Arable land,0.0,0.0
S2B_MSIL2A_20180224T112109_N9999_R037_T29SNC_81_00,Agro-forestry areas,4.0,0.0
S2B_MSIL2A_20180224T112109_N9999_R037_T29SNC_82_13,Agro-forestry areas,4.0,0.0
S2B_MSIL2A_20180224T112109_N9999_R037_T29SNC_83_49,Agro-forestry areas,4.0,0.0
S2B_MSIL2A_20180224T112109_N9999_R037_T29SNC_83_70,Arable land,0.0,0.0
S2B_MSIL2A_20180224T112109_N9999_R037_T29SNC_84_48,Agro-forestry areas,4.0,0.0
S2B_MSIL2A_20180224T112109_N9999_R037_T29SNC_85_37,Agro-forestry areas,4.0,0.0
S2B_MSIL2A_20180224T112109_N9999_R037_T29SNC_85_53,Agro-forestry areas,4.0,0.0
S2B_MSIL2A_20180224T112109_N9999_R037_T29SNC_85_77,Arable land,0.0,0.0
S2B_MSIL2A_20180224T112109_N9999_R037_T29SNC_86_18,Agro-forestry areas,4.0,0.0
S2B_MSIL2A_20180224T112109_N9999_R037_T29SNC_86_68,Arable land,0.0,0.0
S2B_MSIL2A_20180224T112109_N9999_R037_T29SNC_87_06,Agro-forestry areas,4.0,4.0
S2B_MSIL2A_20180224T112109_N9999_R037_T29SNC_87_18,Agro-forestry areas,4.0,0.0
S2B_MSIL2A_20180224T112109_N9999_R037_T29SNC_87_27,Agro-forestry areas,4.0,4.0
S2B_MSIL2A_20180224T112109_N9999_R037_T29SNC_87_58,Arable land,0.0,0.0
S2B_MSIL2A_20180224T112109_N9999_R037_T29SNC_88_12,Agro-forestry areas,4.0,0.0
S2B_MSIL2A_20180224T112109_N9999_R037_T29SNC_88_51,Agro-forestry areas,4.0,0.0
S2B_MSIL2A_20180224T112109_N9999_R037_T29SNC_89_77,Arable land,0.0,0.0
S2B_MSIL2A_20180224T112109_N9999_R037_T29SNC_90_69,Agro-forestry areas,4.0,0.0
S2B_MSIL2A_20180224T112109_N9999_R037_T29SNC_90_87,Agro-forestry areas,4.0,0.0
S2B_MSIL2A_20180225T105019_N9999_R051_T31UER_26_02,Arable land,0.0,0.0
S2B_MSIL2A_20180225T105019_N9999_R051_T31UER_40_17,Arable land,0.0,0.0
S2B_MSIL2A_20180225T105019_N9999_R051_T31UER_45_16,Arable land,0.0,0.0
S2B_MSIL2A_20180225T105019_N9999_R051_T31UER_46_01,Arable land,0.0,0.0
S2B_MSIL2A_20180225T105019_N9999_R051_T31UER_47_13,Broad-leaved forest,2.0,0.0
S2B_MSIL2A_20180225T105019_N9999_R051_T31UER_50_01,Arable land,0.0,0.0
S2B_MSIL2A_20180225T105019_N9999_R051_T31UER_57_07,Complex cultivation patterns,5.0,0.0
S2B_MSIL2A_20180225T105019_N9999_R051_T31UER_60_13,Arable land,0.0,0.0
S2B_MSIL2A_20180225T105019_N9999_R051_T31UER_67_03,Arable land,0.0,0.0
S2B_MSIL2A_20180225T105019_N9999_R051_T31UER_68_09,Arable land,0.0,0.0
S2B_MSIL2A_20180225T105019_N9999_R051_T31UER_68_34,Arable land,0.0,0.0
S2B_MSIL2A_20180225T105019_N9999_R051_T31UER_70_17,Arable land,0.0,0.0
S2B_MSIL2A_20180225T105019_N9999_R051_T31UER_70_53,Broad-leaved forest,2.0,1.0
S2B_MSIL2A_20180225T105019_N9999_R051_T31UER_73_38,Broad-leaved forest,2.0,1.0
S2B_MSIL2A_20180225T105019_N9999_R051_T31UER_74_46,Arable land,0.0,0.0
S2B_MSIL2A_20180225T105019_N9999_R051_T31UER_75_38,Broad-leaved forest,2.0,0.0
S2B_MSIL2A_20180225T105019_N9999_R051_T31UER_75_49,Broad-leaved forest,2.0,0.0
S2B_MSIL2A_20180225T105019_N9999_R051_T31UER_77_46,Broad-leaved forest,2.0,0.0
S2B_MSIL2A_20180225T105019_N9999_R051_T31UER_78_32,Arable land,0.0,0.0
S2B_MSIL2A_20180225T105019_N9999_R051_T31UER_79_02,Arable land,0.0,0.0
S2B_MSIL2A_20180225T105019_N9999_R051_T31UER_79_19,Arable land,0.0,0.0
S2B_MSIL2A_20180225T105019_N9999_R051_T31UER_79_24,Arable land,0.0,0.0
S2B_MSIL2A_20180225T105019_N9999_R051_T31UER_79_51,Arable land,0.0,0.0
S2B_MSIL2A_20180225T105019_N9999_R051_T31UER_82_34,Arable land,0.0,0.0
S2B_MSIL2A_20180225T105019_N9999_R051_T31UER_83_06,Arable land,0.0,0.0
S2B_MSIL2A_20180225T105019_N9999_R051_T31UER_83_38,Broad-leaved forest,2.0,2.0
S2B_MSIL2A_20180225T105019_N9999_R051_T31UER_83_53,Broad-leaved forest,2.0,0.0
S2B_MSIL2A_20180225T105019_N9999_R051_T31UER_84_36,Broad-leaved forest,2.0,1.0
S2B_MSIL2A_20180225T105019_N9999_R051_T31UER_84_39,Broad-leaved forest,2.0,0.0
S2B_MSIL2A_20180225T105019_N9999_R051_T31UER_85_38,Broad-leaved forest,2.0,1.0
S2B_MSIL2A_20180225T105019_N9999_R051_T31UER_85_43,Complex cultivation patterns,5.0,0.0
S2B_MSIL2A_20180225T105019_N9999_R051_T31UER_86_54,Complex cultivation patterns,5.0,0.0
S2B_MSIL2A_20180225T105019_N9999_R051_T31UER_87_01,Arable land,0.0,0.0
S2B_MSIL2A_20180225T105019_N9999_R051_T31UER_87_33,Arable land,0.0,0.0
S2B_MSIL2A_20180225T105019_N9999_R051_T31UER_88_07,Arable land,0.0,0.0
S2B_MSIL2A_20180225T105019_N9999_R051_T31UER_88_27,Arable land,0.0,0.0
S2B_MSIL2A_20180225T105019_N9999_R051_T31UER_88_46,Arable land,0.0,0.0
S2B_MSIL2A_20180225T105019_N9999_R051_T31UER_90_01,Arable land,0.0,0.0
S2B_MSIL2A_20180225T105019_N9999_R051_T31UER_90_42,Arable land,0.0,0.0
S2B_MSIL2A_20180326T112109_N9999_R037_T29SNB_00_00,Marine waters,3.0,3.0
S2B_MSIL2A_20180326T112109_N9999_R037_T29SNB_00_24,Marine waters,3.0,3.0
S2B_MSIL2A_20180326T112109_N9999_R037_T29SNB_00_74,Marine waters,3.0,3.0
S2B_MSIL2A_20180326T112109_N9999_R037_T29SNB_01_71,Marine waters,3.0,3.0
S2B_MSIL2A_20180326T112109_N9999_R037_T29SNB_02_49,Marine waters,3.0,3.0
S2B_MSIL2A_20180326T112109_N9999_R037_T29SNB_02_65,Marine waters,3.0,3.0
S2B_MSIL2A_20180326T112109_N9999_R037_T29SNB_05_32,Marine waters,3.0,3.0
S2B_MSIL2A_20180326T112109_N9999_R037_T29SNB_05_36,Marine waters,3.0,3.0
S2B_MSIL2A_20180326T112109_N9999_R037_T29SNB_05_41,Marine waters,3.0,3.0
S2B_MSIL2A_20180326T112109_N9999_R037_T29SNB_06_04,Marine waters,3.0,3.0
S2B_MSIL2A_20180326T112109_N9999_R037_T29SNB_06_22,Marine waters,3.0,3.0
S2B_MSIL2A_20180326T112109_N9999_R037_T29SNB_06_42,Marine waters,3.0,3.0
S2B_MSIL2A_20180326T112109_N9999_R037_T29SNB_06_81,Arable land,0.0,4.0
S2B_MSIL2A_20180326T112109_N9999_R037_T29SNB_06_83,Arable land,0.0,4.0
S2B_MSIL2A_20180326T112109_N9999_R037_T29SNB_07_10,Marine waters,3.0,3.0
S2B_MSIL2A_20180326T112109_N9999_R037_T29SNB_07_31,Marine waters,3.0,3.0
S2B_MSIL2A_20180326T112109_N9999_R037_T29SNB_08_08,Marine waters,3.0,3.0
S2B_MSIL2A_20180326T112109_N9999_R037_T29SNB_08_23,Marine waters,3.0,3.0
S2B_MSIL2A_20180326T112109_N9999_R037_T29SNB_08_73,"Land principally occupied by agriculture, with significant areas of natural vegetation",8.0,2.0
S2B_MSIL2A_20180326T112109_N9999_R037_T29SNB_09_67,Mixed forest,9.0,2.0
S2B_MSIL2A_20180326T112109_N9999_R037_T29SNB_10_74,Broad-leaved forest,2.0,0.0
S2B_MSIL2A_20180326T112109_N9999_R037_T29SNB_11_29,Marine waters,3.0,3.0
S2B_MSIL2A_20180326T112109_N9999_R037_T29SNB_11_38,Marine waters,3.0,3.0
S2B_MSIL2A_20180326T112109_N9999_R037_T29SNB_12_32,Marine waters,3.0,3.0
S2B_MSIL2A_20180326T112109_N9999_R037_T29SNB_12_38,Marine waters,3.0,3.0
S2B_MSIL2A_20180326T112109_N9999_R037_T29SNB_13_29,Marine waters,3.0,3.0
S2B_MSIL2A_20180326T112109_N9999_R037_T29SNB_13_67,Broad-leaved forest,2.0,0.0
S2B_MSIL2A_20180326T112109_N9999_R037_T29SNB_13_69,Broad-leaved forest,2.0,1.0
S2B_MSIL2A_20180326T112109_N9999_R037_T29SNB_13_73,Broad-leaved forest,2.0,1.0
S2B_MSIL2A_20180326T112109_N9999_R037_T29SNB_15_06,Arable land,0.0,0.0
S2B_MSIL2A_20180326T112109_N9999_R037_T29SNB_15_47,Arable land,0.0,0.0
S2B_MSIL2A_20180326T112109_N9999_R037_T29SNB_15_70,Arable land,0.0,1.0
S2B_MSIL2A_20180326T112109_N9999_R037_T29SNB_15_84,Marine waters,3.0,3.0
S2B_MSIL2A_20180326T112109_N9999_R037_T29SNB_16_69,Arable land,0.0,0.0
S2B_MSIL2A_20180326T112109_N9999_R037_T29SNB_16_70,Arable land,0.0,0.0
S2B_MSIL2A_20180326T112109_N9999_R037_T29SNB_18_57,"Moors, heathland and sclerophyllous vegetation",12.0,1.0
S2B_MSIL2A_20180326T112109_N9999_R037_T29SNB_18_73,Broad-leaved forest,2.0,0.0
S2B_MSIL2A_20180326T112109_N9999_R037_T29SNB_18_80,Complex cultivation patterns,5.0,0.0
S2B_MSIL2A_20180326T112109_N9999_R037_T29SNB_18_87,Marine waters,3.0,3.0
S2B_MSIL2A_20180326T112109_N9999_R037_T29SNB_19_18,Arable land,0.0,0.0
S2B_MSIL2A_20180326T112109_N9999_R037_T29SNB_19_30,Arable land,0.0,0.0
S2B_MSIL2A_20180326T112109_N9999_R037_T29SNB_19_77,Complex cultivation patterns,5.0,0.0
S2B_MSIL2A_20180326T112109_N9999_R037_T29SNB_20_54,Broad-leaved forest,2.0,2.0
S2B_MSIL2A_20180326T112109_N9999_R037_T29SNB_21_02,Arable land,0.0,0.0
S2B_MSIL2A_20180326T112109_N9999_R037_T29SNB_21_31,Arable land,0.0,0.0
S2B_MSIL2A_20180326T112109_N9999_R037_T29SNB_21_74,Complex cultivation patterns,5.0,0.0
S2B_MSIL2A_20180326T112109_N9999_R037_T29SNB_21_77,Arable land,0.0,0.0
S2B_MSIL2A_20180326T112109_N9999_R037_T29SNB_22_14,Arable land,0.0,0.0
S2B_MSIL2A_20180326T112109_N9999_R037_T29SNB_22_69,Complex cultivation patterns,5.0,1.0
S2B_MSIL2A_20180326T112109_N9999_R037_T29SNB_22_79,Marine waters,3.0,0.0
S2B_MSIL2A_20180326T112109_N9999_R037_T29SNB_23_20,Arable land,0.0,0.0
S2B_MSIL2A_20180326T112109_N9999_R037_T29SNB_23_62,Broad-leaved forest,2.0,2.0
S2B_MSIL2A_20180326T112109_N9999_R037_T29SNB_23_66,Broad-leaved forest,2.0,0.0
S2B_MSIL2A_20180326T112109_N9999_R037_T29SNB_23_89,Marine waters,3.0,3.0
S2B_MSIL2A_20180326T112109_N9999_R037_T29SNB_24_86,Marine waters,3.0,3.0
S2B_MSIL2A_20180326T112109_N9999_R037_T29SNB_25_02,Agro-forestry areas,4.0,0.0
S2B_MSIL2A_20180326T112109_N9999_R037_T29SNB_26_27,Agro-forestry areas,4.0,0.0
S2B_MSIL2A_20180326T112109_N9999_R037_T29SNB_26_68,Complex cultivation patterns,5.0,0.0
S2B_MSIL2A_20180326T112109_N9999_R037_T29SNB_26_70,"Moors, heathland and sclerophyllous vegetation",12.0,0.0
S2B_MSIL2A_20180326T112109_N9999_R037_T29SNB_29_52,Broad-leaved forest,2.0,1.0
S2B_MSIL2A_20180326T112109_N9999_R037_T29SNB_30_40,Agro-forestry areas,4.0,0.0
S2B_MSIL2A_20180326T112109_N9999_R037_T29SNB_30_67,Arable land,0.0,0.0
S2B_MSIL2A_20180326T112109_N9999_R037_T29SNB_31_73,Arable land,0.0,0.0
S2B_MSIL2A_20180326T112109_N9999_R037_T29SNB_32_20,Arable land,0.0,1.0
S2B_MSIL2A_20180326T112109_N9999_R037_T29SNB_33_20,Broad-leaved forest,2.0,1.0
S2B_MSIL2A_20180326T112109_N9999_R037_T29SNB_33_67,Broad-leaved forest,2.0,0.0
S2B_MSIL2A_20180326T112109_N9999_R037_T29SNB_34_30,Broad-leaved forest,2.0,0.0
S2B_MSIL2A_20180326T112109_N9999_R037_T29SNB_35_09,Agro-forestry areas,4.0,0.0
S2B_MSIL2A_20180326T112109_N9999_R037_T29SNB_35_10,Agro-forestry areas,4.0,0.0
S2B_MSIL2A_20180326T112109_N9999_R037_T29SNB_35_31,Agro-forestry areas,4.0,0.0
S2B_MSIL2A_20180326T112109_N9999_R037_T29SNB_35_55,Broad-leaved forest,2.0,2.0
S2B_MSIL2A_20180326T112109_N9999_R037_T29SNB_35_73,Coastal wetlands,16.0,0.0
S2B_MSIL2A_20180326T112109_N9999_R037_T29SNB_36_18,Agro-forestry areas,4.0,4.0
S2B_MSIL2A_20180326T112109_N9999_R037_T29SNB_36_34,Agro-forestry areas,4.0,4.0
S2B_MSIL2A_20180326T112109_N9999_R037_T29SNB_36_35,Agro-forestry areas,4.0,4.0
S2B_MSIL2A_20180326T112109_N9999_R037_T29SNB_37_32,Arable land,0.0,0.0
S2B_MSIL2A_20180326T112109_N9999_R037_T29SNB_38_09,Agro-forestry areas,4.0,0.0
S2B_MSIL2A_20180326T112109_N9999_R037_T29SNB_38_56,Broad-leaved forest,2.0,1.0
S2B_MSIL2A_20180326T112109_N9999_R037_T29SNB_39_09,Agro-forestry areas,4.0,0.0
S2B_MSIL2A_20180326T112109_N9999_R037_T29SNB_39_37,Agro-forestry areas,4.0,4.0
S2B_MSIL2A_20180326T112109_N9999_R037_T29SNB_39_67,"Moors, heathland and sclerophyllous vegetation",12.0,2.0
S2B_MSIL2A_20180326T112109_N9999_R037_T29SNB_39_80,Marine waters,3.0,3.0
S2B_MSIL2A_20180326T112109_N9999_R037_T29SNB_40_28,Broad-leaved forest,2.0,1.0
S2B_MSIL2A_20180326T112109_N9999_R037_T29SNB_40_35,Arable land,0.0,0.0
S2B_MSIL2A_20180326T112109_N9999_R037_T29SNB_40_71,"Moors, heathland and sclerophyllous vegetation",12.0,4.0
S2B_MSIL2A_20180326T112109_N9999_R037_T29SNB_41_13,Agro-forestry areas,4.0,0.0
S2B_MSIL2A_20180326T112109_N9999_R037_T29SNB_42_36,Broad-leaved forest,2.0,2.0
S2B_MSIL2A_20180326T112109_N9999_R037_T29SNB_43_23,Agro-forestry areas,4.0,0.0
S2B_MSIL2A_20180326T112109_N9999_R037_T29SNB_43_27,Broad-leaved forest,2.0,0.0
S2B_MSIL2A_20180326T112109_N9999_R037_T29SNB_44_07,Agro-forestry areas,4.0,0.0
S2B_MSIL2A_20180326T112109_N9999_R037_T29SNB_44_29,Broad-leaved forest,2.0,1.0
S2B_MSIL2A_20180326T112109_N9999_R037_T29SNB_44_75,Complex cultivation patterns,5.0,0.0
S2B_MSIL2A_20180326T112109_N9999_R037_T29SNB_44_77,Complex cultivation patterns,5.0,0.0
S2B_MSIL2A_20180326T112109_N9999_R037_T29SNB_44_81,Marine waters,3.0,3.0
S2B_MSIL2A_20180326T112109_N9999_R037_T29SNB_46_31,Agro-forestry areas,4.0,2.0
S2B_MSIL2A_20180326T112109_N9999_R037_T29SNB_46_35,Agro-forestry areas,4.0,2.0
S2B_MSIL2A_20180326T112109_N9999_R037_T29SNB_46_45,Broad-leaved forest,2.0,2.0
S2B_MSIL2A_20180326T112109_N9999_R037_T29SNB_46_49,Broad-leaved forest,2.0,2.0
S2B_MSIL2A_20180326T112109_N9999_R037_T29SNB_46_73,Permanent crops,15.0,0.0
S2B_MSIL2A_20180326T112109_N9999_R037_T29SNB_46_75,Complex cultivation patterns,5.0,0.0
S2B_MSIL2A_20180326T112109_N9999_R037_T29SNB_47_84,Marine waters,3.0,3.0
S2B_MSIL2A_20180326T112109_N9999_R037_T29SNB_48_18,Agro-forestry areas,4.0,4.0
S2B_MSIL2A_20180326T112109_N9999_R037_T29SNB_48_30,Broad-leaved forest,2.0,2.0
S2B_MSIL2A_20180326T112109_N9999_R037_T29SNB_48_53,Broad-leaved forest,2.0,2.0
S2B_MSIL2A_20180326T112109_N9999_R037_T29SNB_49_25,Agro-forestry areas,4.0,0.0
S2B_MSIL2A_20180326T112109_N9999_R037_T29SNB_49_29,Arable land,0.0,4.0
S2B_MSIL2A_20180326T112109_N9999_R037_T29SNB_49_56,"Land principally occupied by agriculture, with significant areas of natural vegetation",8.0,4.0
S2B_MSIL2A_20180326T112109_N9999_R037_T29SNB_50_32,Agro-forestry areas,4.0,4.0
S2B_MSIL2A_20180326T112109_N9999_R037_T29SNB_51_10,Agro-forestry areas,4.0,4.0
S2B_MSIL2A_20180326T112109_N9999_R037_T29SNB_51_22,Agro-forestry areas,4.0,0.0
S2B_MSIL2A_20180326T112109_N9999_R037_T29SNB_51_72,Complex cultivation patterns,5.0,0.0
S2B_MSIL2A_20180326T112109_N9999_R037_T29SNB_52_08,Agro-forestry areas,4.0,4.0
S2B_MSIL2A_20180326T112109_N9999_R037_T29SNB_52_43,Broad-leaved forest,2.0,2.0
S2B_MSIL2A_20180326T112109_N9999_R037_T29SNB_52_51,Broad-leaved forest,2.0,0.0
S2B_MSIL2A_20180326T112109_N9999_R037_T29SNB_53_64,Complex cultivation patterns,5.0,0.0
S2B_MSIL2A_20180326T112109_N9999_R037_T29SNB_54_61,Complex cultivation patterns,5.0,0.0
S2B_MSIL2A_20180326T112109_N9999_R037_T29SNB_54_80,Marine waters,3.0,3.0
S2B_MSIL2A_20180326T112109_N9999_R037_T29SNB_55_61,Complex cultivation patterns,5.0,0.0
S2B_MSIL2A_20180326T112109_N9999_R037_T29SNB_56_15,Arable land,0.0,4.0
S2B_MSIL2A_20180326T112109_N9999_R037_T29SNB_56_27,Complex cultivation patterns,5.0,0.0
S2B_MSIL2A_20180326T112109_N9999_R037_T29SNB_57_12,Arable land,0.0,0.0
S2B_MSIL2A_20180326T112109_N9999_R037_T29SNB_57_74,"Land principally occupied by agriculture, with significant areas of natural vegetation",8.0,5.0
S2B_MSIL2A_20180326T112109_N9999_R037_T29SNB_58_60,Broad-leaved forest,2.0,2.0
S2B_MSIL2A_20180326T112109_N9999_R037_T29SNB_58_62,Broad-leaved forest,2.0,0.0
S2B_MSIL2A_20180326T112109_N9999_R037_T29SNB_59_15,Arable land,0.0,0.0
S2B_MSIL2A_20180326T112109_N9999_R037_T29SNB_59_16,Arable land,0.0,0.0
S2B_MSIL2A_20180326T112109_N9999_R037_T29SNB_60_21,Agro-forestry areas,4.0,4.0
S2B_MSIL2A_20180326T112109_N9999_R037_T29SNB_60_89,Marine waters,3.0,3.0
S2B_MSIL2A_20180326T112109_N9999_R037_T29SNB_61_34,Arable land,0.0,0.0
S2B_MSIL2A_20180326T112109_N9999_R037_T29SNB_61_64,"Moors, heathland and sclerophyllous vegetation",12.0,0.0
S2B_MSIL2A_20180326T112109_N9999_R037_T29SNB_62_21,Agro-forestry areas,4.0,0.0
S2B_MSIL2A_20180326T112109_N9999_R037_T29SNB_62_58,Broad-leaved forest,2.0,2.0
S2B_MSIL2A_20180326T112109_N9999_R037_T29SNB_63_47,Agro-forestry areas,4.0,1.0
S2B_MSIL2A_20180326T112109_N9999_R037_T29SNB_64_15,Arable land,0.0,0.0
S2B_MSIL2A_20180326T112109_N9999_R037_T29SNB_64_43,Agro-forestry areas,4.0,4.0
S2B_MSIL2A_20180326T112109_N9999_R037_T29SNB_65_20,Arable land,0.0,0.0
S2B_MSIL2A_20180326T112109_N9999_R037_T29SNB_66_03,Agro-forestry areas,4.0,0.0
S2B_MSIL2A_20180326T112109_N9999_R037_T29SNB_67_09,Broad-leaved forest,2.0,4.0
S2B_MSIL2A_20180326T112109_N9999_R037_T29SNB_67_60,Broad-leaved forest,2.0,2.0
S2B_MSIL2A_20180326T112109_N9999_R037_T29SNB_67_72,"Land principally occupied by agriculture, with significant areas of natural vegetation",8.0,0.0
S2B_MSIL2A_20180326T112109_N9999_R037_T29SNB_68_28,Pastures,7.0,0.0
S2B_MSIL2A_20180326T112109_N9999_R037_T29SNB_68_53,Broad-leaved forest,2.0,2.0
S2B_MSIL2A_20180326T112109_N9999_R037_T29SNB_68_61,Broad-leaved forest,2.0,2.0
S2B_MSIL2A_20180326T112109_N9999_R037_T29SNB_70_07,Agro-forestry areas,4.0,0.0
S2B_MSIL2A_20180326T112109_N9999_R037_T29SNB_70_75,Industrial or commercial units,11.0,0.0
S2B_MSIL2A_20180326T112109_N9999_R037_T29SNB_70_78,Complex cultivation patterns,5.0,0.0
S2B_MSIL2A_20180326T112109_N9999_R037_T29SNB_70_81,Coniferous forest,1.0,0.0
S2B_MSIL2A_20180326T112109_N9999_R037_T29SNB_71_10,Agro-forestry areas,4.0,4.0
S2B_MSIL2A_20180326T112109_N9999_R037_T29SNB_71_19,Arable land,0.0,4.0
S2B_MSIL2A_20180326T112109_N9999_R037_T29SNB_71_20,Arable land,0.0,0.0
S2B_MSIL2A_20180326T112109_N9999_R037_T29SNB_71_49,Agro-forestry areas,4.0,4.0
S2B_MSIL2A_20180326T112109_N9999_R037_T29SNB_71_74,Industrial or commercial units,11.0,0.0
S2B_MSIL2A_20180326T112109_N9999_R037_T29SNB_71_84,"Beaches, dunes, sands",13.0,13.0
S2B_MSIL2A_20180326T112109_N9999_R037_T29SNB_73_26,Agro-forestry areas,4.0,0.0
S2B_MSIL2A_20180326T112109_N9999_R037_T29SNB_73_62,Broad-leaved forest,2.0,1.0
S2B_MSIL2A_20180326T112109_N9999_R037_T29SNB_74_58,Broad-leaved forest,2.0,1.0
S2B_MSIL2A_20180326T112109_N9999_R037_T29SNB_75_58,Broad-leaved forest,2.0,2.0
S2B_MSIL2A_20180326T112109_N9999_R037_T29SNB_75_68,Broad-leaved forest,2.0,0.0
S2B_MSIL2A_20180326T112109_N9999_R037_T29SNB_76_02,Arable land,0.0,0.0
S2B_MSIL2A_20180326T112109_N9999_R037_T29SNB_76_79,Complex cultivation patterns,5.0,0.0
S2B_MSIL2A_20180326T112109_N9999_R037_T29SNB_76_84,Complex cultivation patterns,5.0,0.0
S2B_MSIL2A_20180326T112109_N9999_R037_T29SNB_77_16,Arable land,0.0,0.0
S2B_MSIL2A_20180326T112109_N9999_R037_T29SNB_77_24,Arable land,0.0,0.0
S2B_MSIL2A_20180326T112109_N9999_R037_T29SNB_77_25,Arable land,0.0,0.0
S2B_MSIL2A_20180326T112109_N9999_R037_T29SNB_77_59,Broad-leaved forest,2.0,2.0
S2B_MSIL2A_20180326T112109_N9999_R037_T29SNB_77_71,"Land principally occupied by agriculture, with significant areas of natural vegetation",8.0,1.0
S2B_MSIL2A_20180326T112109_N9999_R037_T29SNB_78_33,Agro-forestry areas,4.0,4.0
S2B_MSIL2A_20180326T112109_N9999_R037_T29SNB_78_56,Broad-leaved forest,2.0,2.0
S2B_MSIL2A_20180326T112109_N9999_R037_T29SNB_78_66,Broad-leaved forest,2.0,1.0
S2B_MSIL2A_20180326T112109_N9999_R037_T29SNB_78_86,Coastal wetlands,16.0,3.0
S2B_MSIL2A_20180326T112109_N9999_R037_T29SNB_79_31,Coniferous forest,1.0,0.0
S2B_MSIL2A_20180326T112109_N9999_R037_T29SNB_79_38,Arable land,0.0,0.0
S2B_MSIL2A_20180326T112109_N9999_R037_T29SNB_79_72,"Land principally occupied by agriculture, with significant areas of natural vegetation",8.0,0.0
S2B_MSIL2A_20180326T112109_N9999_R037_T29SNB_80_10,Agro-forestry areas,4.0,0.0
S2B_MSIL2A_20180326T112109_N9999_R037_T29SNB_80_36,Arable land,0.0,0.0
S2B_MSIL2A_20180326T112109_N9999_R037_T29SNB_80_56,"Moors, heathland and sclerophyllous vegetation",12.0,12.0
S2B_MSIL2A_20180326T112109_N9999_R037_T29SNB_81_74,"Land principally occupied by agriculture, with significant areas of natural vegetation",8.0,0.0
S2B_MSIL2A_20180326T112109_N9999_R037_T29SNB_82_34,Arable land,0.0,0.0
S2B_MSIL2A_20180326T112109_N9999_R037_T29SNB_82_89,Coastal wetlands,16.0,3.0
S2B_MSIL2A_20180326T112109_N9999_R037_T29SNB_83_29,Agro-forestry areas,4.0,0.0
S2B_MSIL2A_20180326T112109_N9999_R037_T29SNB_84_45,Agro-forestry areas,4.0,0.0
S2B_MSIL2A_20180326T112109_N9999_R037_T29SNB_84_60,Broad-leaved forest,2.0,2.0
S2B_MSIL2A_20180326T112109_N9999_R037_T29SNB_84_83,Complex cultivation patterns,5.0,0.0
S2B_MSIL2A_20180326T112109_N9999_R037_T29SNB_86_18,Agro-forestry areas,4.0,0.0
S2B_MSIL2A_20180326T112109_N9999_R037_T29SNB_86_37,Complex cultivation patterns,5.0,4.0
S2B_MSIL2A_20180326T112109_N9999_R037_T29SNB_86_88,"Beaches, dunes, sands",13.0,13.0
S2B_MSIL2A_20180326T112109_N9999_R037_T29SNB_87_07,Agro-forestry areas,4.0,0.0
S2B_MSIL2A_20180326T112109_N9999_R037_T29SNB_87_25,Arable land,0.0,0.0
S2B_MSIL2A_20180326T112109_N9999_R037_T29SNB_87_56,Broad-leaved forest,2.0,0.0
S2B_MSIL2A_20180326T112109_N9999_R037_T29SNB_89_54,"Land principally occupied by agriculture, with significant areas of natural vegetation",8.0,1.0
S2B_MSIL2A_20180326T112109_N9999_R037_T29SNB_89_62,Broad-leaved forest,2.0,2.0
S2B_MSIL2A_20180326T112109_N9999_R037_T29SNB_90_09,Agro-forestry areas,4.0,0.0
S2B_MSIL2A_20180417T102019_N9999_R065_T34WFV_33_02,Coniferous forest,1.0,1.0
S2B_MSIL2A_20180417T102019_N9999_R065_T34WFV_42_81,Coniferous forest,1.0,1.0
S2B_MSIL2A_20180417T102019_N9999_R065_T34WFV_43_63,Coniferous forest,1.0,1.0
S2B_MSIL2A_20180417T102019_N9999_R065_T34WFV_46_10,Coniferous forest,1.0,1.0
S2B_MSIL2A_20180417T102019_N9999_R065_T34WFV_51_64,Coniferous forest,1.0,1.0
S2B_MSIL2A_20180417T102019_N9999_R065_T34WFV_54_55,Coniferous forest,1.0,1.0
S2B_MSIL2A_20180417T102019_N9999_R065_T34WFV_56_90,Coniferous forest,1.0,1.0
S2B_MSIL2A_20180417T102019_N9999_R065_T34WFV_57_76,Coniferous forest,1.0,1.0
S2B_MSIL2A_20180417T102019_N9999_R065_T34WFV_58_06,Coniferous forest,1.0,1.0
S2B_MSIL2A_20180417T102019_N9999_R065_T34WFV_58_41,Coniferous forest,1.0,1.0
S2B_MSIL2A_20180417T102019_N9999_R065_T34WFV_58_74,Coniferous forest,1.0,1.0
S2B_MSIL2A_20180417T102019_N9999_R065_T34WFV_60_37,Coniferous forest,1.0,1.0
S2B_MSIL2A_20180417T102019_N9999_R065_T34WFV_60_65,Coniferous forest,1.0,1.0
S2B_MSIL2A_20180417T102019_N9999_R065_T34WFV_62_66,Coniferous forest,1.0,1.0
S2B_MSIL2A_20180417T102019_N9999_R065_T34WFV_65_20,Coniferous forest,1.0,1.0
S2B_MSIL2A_20180417T102019_N9999_R065_T34WFV_67_50,Coniferous forest,1.0,1.0
S2B_MSIL2A_20180417T102019_N9999_R065_T34WFV_68_54,Coniferous forest,1.0,1.0
S2B_MSIL2A_20180417T102019_N9999_R065_T34WFV_68_81,Coniferous forest,1.0,1.0
S2B_MSIL2A_20180417T102019_N9999_R065_T34WFV_69_11,Coniferous forest,1.0,1.0
S2B_MSIL2A_20180417T102019_N9999_R065_T34WFV_69_43,Coniferous forest,1.0,1.0
S2B_MSIL2A_20180417T102019_N9999_R065_T34WFV_70_69,Coniferous forest,1.0,1.0
S2B_MSIL2A_20180417T102019_N9999_R065_T34WFV_72_05,Coniferous forest,1.0,1.0
S2B_MSIL2A_20180417T102019_N9999_R065_T34WFV_72_20,Coniferous forest,1.0,1.0
S2B_MSIL2A_20180417T102019_N9999_R065_T34WFV_72_51,Coniferous forest,1.0,1.0
S2B_MSIL2A_20180417T102019_N9999_R065_T34WFV_75_32,Coniferous forest,1.0,1.0
S2B_MSIL2A_20180417T102019_N9999_R065_T34WFV_76_69,Coniferous forest,1.0,1.0
S2B_MSIL2A_20180417T102019_N9999_R065_T34WFV_77_83,Coniferous forest,1.0,1.0
S2B_MSIL2A_20180417T102019_N9999_R065_T34WFV_78_85,Coniferous forest,1.0,1.0
S2B_MSIL2A_20180417T102019_N9999_R065_T34WFV_79_74,Coniferous forest,1.0,1.0
S2B_MSIL2A_20180417T102019_N9999_R065_T34WFV_79_87,Coniferous forest,1.0,1.0
S2B_MSIL2A_20180417T102019_N9999_R065_T34WFV_80_49,Coniferous forest,1.0,1.0
S2B_MSIL2A_20180417T102019_N9999_R065_T34WFV_83_11,Coniferous forest,1.0,1.0
S2B_MSIL2A_20180417T102019_N9999_R065_T34WFV_83_44,Coniferous forest,1.0,1.0
S2B_MSIL2A_20180417T102019_N9999_R065_T34WFV_84_69,Coniferous forest,1.0,1.0
S2B_MSIL2A_20180417T102019_N9999_R065_T34WFV_84_76,Coniferous forest,1.0,1.0
S2B_MSIL2A_20180417T102019_N9999_R065_T34WFV_85_63,Coniferous forest,1.0,1.0
S2B_MSIL2A_20180421T100029_N9999_R122_T33TWM_02_22,Coniferous forest,1.0,0.0
S2B_MSIL2A_20180421T100029_N9999_R122_T33TWM_02_28,Coniferous forest,1.0,1.0
S2B_MSIL2A_20180421T100029_N9999_R122_T33TWM_04_16,Coniferous forest,1.0,1.0
S2B_MSIL2A_20180421T100029_N9999_R122_T33TWM_11_21,Broad-leaved forest,2.0,0.0
S2B_MSIL2A_20180421T100029_N9999_R122_T33TWM_12_02,Broad-leaved forest,2.0,0.0
S2B_MSIL2A_20180421T100029_N9999_R122_T33TWM_13_07,Broad-leaved forest,2.0,0.0
S2B_MSIL2A_20180421T100029_N9999_R122_T33TWM_14_07,Broad-leaved forest,2.0,0.0
S2B_MSIL2A_20180421T100029_N9999_R122_T33TWM_18_04,Arable land,0.0,0.0
S2B_MSIL2A_20180421T100029_N9999_R122_T33TWM_21_03,Broad-leaved forest,2.0,0.0
S2B_MSIL2A_20180421T100029_N9999_R122_T33TWM_22_22,Broad-leaved forest,2.0,0.0
S2B_MSIL2A_20180421T100029_N9999_R122_T33TWM_26_10,Arable land,0.0,0.0
S2B_MSIL2A_20180421T100029_N9999_R122_T33TWM_29_04,Arable land,0.0,0.0
S2B_MSIL2A_20180421T100029_N9999_R122_T33TWM_30_22,Broad-leaved forest,2.0,0.0
S2B_MSIL2A_20180421T100029_N9999_R122_T33TWM_30_29,"Land principally occupied by agriculture, with significant areas of natural vegetation",8.0,0.0
S2B_MSIL2A_20180421T100029_N9999_R122_T33TWM_33_20,Broad-leaved forest,2.0,0.0
S2B_MSIL2A_20180421T100029_N9999_R122_T33TWM_43_15,Mixed forest,9.0,1.0
S2B_MSIL2A_20180421T100029_N9999_R122_T33TWM_44_14,Arable land,0.0,0.0
S2B_MSIL2A_20180421T100029_N9999_R122_T33TWM_45_00,Arable land,0.0,0.0
S2B_MSIL2A_20180421T100029_N9999_R122_T33TWM_46_01,Broad-leaved forest,2.0,0.0
S2B_MSIL2A_20180421T100029_N9999_R122_T33TWM_46_18,Arable land,0.0,0.0
S2B_MSIL2A_20180421T100029_N9999_R122_T33TWM_47_10,Arable land,0.0,0.0
S2B_MSIL2A_20180421T100029_N9999_R122_T33TWM_48_02,Arable land,0.0,0.0
S2B_MSIL2A_20180421T100029_N9999_R122_T33TWM_48_21,Arable land,0.0,0.0
S2B_MSIL2A_20180421T100029_N9999_R122_T33TWM_49_19,Arable land,0.0,0.0
S2B_MSIL2A_20180421T100029_N9999_R122_T33TWM_55_18,Arable land,0.0,0.0
S2B_MSIL2A_20180421T100029_N9999_R122_T33TWM_59_02,Arable land,0.0,0.0
S2B_MSIL2A_20180421T100029_N9999_R122_T33TWM_59_04,Arable land,0.0,0.0
S2B_MSIL2A_20180421T100029_N9999_R122_T33TWM_60_17,Arable land,0.0,0.0
S2B_MSIL2A_20180421T100029_N9999_R122_T33TWM_63_25,Broad-leaved forest,2.0,0.0
S2B_MSIL2A_20180421T100029_N9999_R122_T33TWM_65_07,Arable land,0.0,0.0
S2B_MSIL2A_20180421T100029_N9999_R122_T33TWM_66_05,Broad-leaved forest,2.0,0.0
S2B_MSIL2A_20180421T100029_N9999_R122_T33TWM_76_01,Arable land,0.0,0.0
S2B_MSIL2A_20180421T100029_N9999_R122_T33TWN_00_84,Coniferous forest,1.0,1.0
S2B_MSIL2A_20180421T100029_N9999_R122_T33TWN_01_40,Coniferous forest,1.0,0.0
S2B_MSIL2A_20180421T100029_N9999_R122_T33TWN_01_80,Coniferous forest,1.0,1.0
S2B_MSIL2A_20180421T100029_N9999_R122_T33TWN_03_52,Coniferous forest,1.0,1.0
S2B_MSIL2A_20180421T100029_N9999_R122_T33TWN_03_62,Coniferous forest,1.0,2.0
S2B_MSIL2A_20180421T100029_N9999_R122_T33TWN_03_83,Coniferous forest,1.0,0.0
S2B_MSIL2A_20180421T100029_N9999_R122_T33TWN_04_75,Arable land,0.0,0.0
S2B_MSIL2A_20180421T100029_N9999_R122_T33TWN_06_43,Urban fabric,17.0,0.0
S2B_MSIL2A_20180421T100029_N9999_R122_T33TWN_06_80,Coniferous forest,1.0,1.0
S2B_MSIL2A_20180421T100029_N9999_R122_T33TWN_08_67,Coniferous forest,1.0,0.0
S2B_MSIL2A_20180421T100029_N9999_R122_T33TWN_08_87,Coniferous forest,1.0,1.0
S2B_MSIL2A_20180421T100029_N9999_R122_T33TWN_09_10,Broad-leaved forest,2.0,2.0
S2B_MSIL2A_20180421T100029_N9999_R122_T33TWN_09_13,Coniferous forest,1.0,1.0
S2B_MSIL2A_20180421T100029_N9999_R122_T33TWN_09_43,Complex cultivation patterns,5.0,0.0
S2B_MSIL2A_20180421T100029_N9999_R122_T33TWN_09_49,Coniferous forest,1.0,1.0
S2B_MSIL2A_20180421T100029_N9999_R122_T33TWN_09_73,Complex cultivation patterns,5.0,0.0
S2B_MSIL2A_20180421T100029_N9999_R122_T33TWN_09_87,Coniferous forest,1.0,1.0
S2B_MSIL2A_20180421T100029_N9999_R122_T33TWN_10_61,Coniferous forest,1.0,1.0
S2B_MSIL2A_20180421T100029_N9999_R122_T33TWN_10_74,"Land principally occupied by agriculture, with significant areas of natural vegetation",8.0,0.0
S2B_MSIL2A_20180421T100029_N9999_R122_T33TWN_12_29,Coniferous forest,1.0,0.0
S2B_MSIL2A_20180421T100029_N9999_R122_T33TWN_13_28,Coniferous forest,1.0,1.0
S2B_MSIL2A_20180421T100029_N9999_R122_T33TWN_13_66,Coniferous forest,1.0,0.0
S2B_MSIL2A_20180421T100029_N9999_R122_T33TWN_14_04,Coniferous forest,1.0,1.0
S2B_MSIL2A_20180421T100029_N9999_R122_T33TWN_14_80,Complex cultivation patterns,5.0,0.0
S2B_MSIL2A_20180421T100029_N9999_R122_T33TWN_15_48,Coniferous forest,1.0,1.0
S2B_MSIL2A_20180421T100029_N9999_R122_T33TWN_17_08,Coniferous forest,1.0,1.0
S2B_MSIL2A_20180421T100029_N9999_R122_T33TWN_17_15,Broad-leaved forest,2.0,2.0
S2B_MSIL2A_20180421T100029_N9999_R122_T33TWN_19_03,Coniferous forest,1.0,1.0
S2B_MSIL2A_20180421T100029_N9999_R122_T33TWN_19_46,Coniferous forest,1.0,1.0
S2B_MSIL2A_20180421T100029_N9999_R122_T33TWN_19_67,Coniferous forest,1.0,0.0
S2B_MSIL2A_20180421T100029_N9999_R122_T33TWN_20_83,Arable land,0.0,0.0
S2B_MSIL2A_20180421T100029_N9999_R122_T33TWN_20_87,Broad-leaved forest,2.0,0.0
S2B_MSIL2A_20180421T100029_N9999_R122_T33TWN_21_14,Coniferous forest,1.0,1.0
S2B_MSIL2A_20180421T100029_N9999_R122_T33TWN_21_56,Mixed forest,9.0,1.0
S2B_MSIL2A_20180421T100029_N9999_R122_T33TWN_23_43,Coniferous forest,1.0,1.0
S2B_MSIL2A_20180421T100029_N9999_R122_T33TWN_25_31,Coniferous forest,1.0,1.0
S2B_MSIL2A_20180421T100029_N9999_R122_T33TWN_25_78,Arable land,0.0,0.0
S2B_MSIL2A_20180421T100029_N9999_R122_T33TWN_26_00,Coniferous forest,1.0,2.0
S2B_MSIL2A_20180421T100029_N9999_R122_T33TWN_26_38,Coniferous forest,1.0,1.0
S2B_MSIL2A_20180421T100029_N9999_R122_T33TWN_27_14,Broad-leaved forest,2.0,2.0
S2B_MSIL2A_20180421T100029_N9999_R122_T33TWN_27_49,Complex cultivation patterns,5.0,1.0
S2B_MSIL2A_20180421T100029_N9999_R122_T33TWN_27_54,Complex cultivation patterns,5.0,0.0
S2B_MSIL2A_20180421T100029_N9999_R122_T33TWN_27_67,Complex cultivation patterns,5.0,0.0
S2B_MSIL2A_20180421T100029_N9999_R122_T33TWN_28_39,Coniferous forest,1.0,1.0
S2B_MSIL2A_20180421T100029_N9999_R122_T33TWN_28_58,Coniferous forest,1.0,1.0
S2B_MSIL2A_20180421T100029_N9999_R122_T33TWN_28_82,Arable land,0.0,0.0
S2B_MSIL2A_20180421T100029_N9999_R122_T33TWN_29_30,Coniferous forest,1.0,0.0
S2B_MSIL2A_20180421T100029_N9999_R122_T33TWN_29_61,Coniferous forest,1.0,0.0
S2B_MSIL2A_20180421T100029_N9999_R122_T33TWN_29_84,Arable land,0.0,1.0
S2B_MSIL2A_20180421T100029_N9999_R122_T33TWN_30_45,Coniferous forest,1.0,2.0
S2B_MSIL2A_20180421T100029_N9999_R122_T33TWN_30_71,Complex cultivation patterns,5.0,0.0
S2B_MSIL2A_20180421T100029_N9999_R122_T33TWN_32_40,Coniferous forest,1.0,1.0
S2B_MSIL2A_20180421T100029_N9999_R122_T33TWN_32_73,Arable land,0.0,0.0
S2B_MSIL2A_20180421T100029_N9999_R122_T33TWN_33_37,Coniferous forest,1.0,1.0
S2B_MSIL2A_20180421T100029_N9999_R122_T33TWN_34_47,Coniferous forest,1.0,0.0
S2B_MSIL2A_20180421T100029_N9999_R122_T33TWN_35_06,Coniferous forest,1.0,2.0
S2B_MSIL2A_20180421T100029_N9999_R122_T33TWN_35_38,Coniferous forest,1.0,1.0
S2B_MSIL2A_20180421T100029_N9999_R122_T33TWN_36_06,Coniferous forest,1.0,0.0
S2B_MSIL2A_20180421T100029_N9999_R122_T33TWN_37_20,Coniferous forest,1.0,1.0
S2B_MSIL2A_20180421T100029_N9999_R122_T33TWN_37_23,Coniferous forest,1.0,1.0
S2B_MSIL2A_20180421T100029_N9999_R122_T33TWN_37_79,Arable land,0.0,0.0
S2B_MSIL2A_20180421T100029_N9999_R122_T33TWN_38_79,Arable land,0.0,0.0
S2B_MSIL2A_20180421T100029_N9999_R122_T33TWN_39_71,Complex cultivation patterns,5.0,0.0
S2B_MSIL2A_20180421T100029_N9999_R122_T33TWN_41_13,Coniferous forest,1.0,1.0
S2B_MSIL2A_20180421T100029_N9999_R122_T33TWN_43_66,Arable land,0.0,0.0
S2B_MSIL2A_20180421T100029_N9999_R122_T33TWN_43_70,Arable land,0.0,0.0
S2B_MSIL2A_20180421T100029_N9999_R122_T33TWN_44_23,Coniferous forest,1.0,0.0
S2B_MSIL2A_20180421T100029_N9999_R122_T33TWN_44_53,Complex cultivation patterns,5.0,0.0
S2B_MSIL2A_20180421T100029_N9999_R122_T33TWN_47_59,Broad-leaved forest,2.0,0.0
S2B_MSIL2A_20180421T100029_N9999_R122_T33TWN_48_27,Coniferous forest,1.0,1.0
S2B_MSIL2A_20180421T100029_N9999_R122_T33TWN_50_05,Coniferous forest,1.0,1.0
S2B_MSIL2A_20180421T100029_N9999_R122_T33TWN_50_20,Coniferous forest,1.0,0.0
S2B_MSIL2A_20180421T100029_N9999_R122_T33TWN_50_85,Arable land,0.0,0.0
S2B_MSIL2A_20180421T100029_N9999_R122_T33TWN_51_03,Coniferous forest,1.0,1.0
S2B_MSIL2A_20180421T100029_N9999_R122_T33TWN_51_10,Broad-leaved forest,2.0,1.0
S2B_MSIL2A_20180421T100029_N9999_R122_T33TWN_53_48,Complex cultivation patterns,5.0,0.0
S2B_MSIL2A_20180421T100029_N9999_R122_T33TWN_54_79,Arable land,0.0,0.0
S2B_MSIL2A_20180421T100029_N9999_R122_T33TWN_54_88,Arable land,0.0,0.0
S2B_MSIL2A_20180421T100029_N9999_R122_T33TWN_55_21,Coniferous forest,1.0,0.0
S2B_MSIL2A_20180421T100029_N9999_R122_T33TWN_56_60,Arable land,0.0,0.0
S2B_MSIL2A_20180421T100029_N9999_R122_T33TWN_57_26,Coniferous forest,1.0,1.0
S2B_MSIL2A_20180421T100029_N9999_R122_T33TWN_57_38,Arable land,0.0,0.0
S2B_MSIL2A_20180421T100029_N9999_R122_T33TWN_58_20,Coniferous forest,1.0,0.0
S2B_MSIL2A_20180421T100029_N9999_R122_T33TWN_58_38,Arable land,0.0,1.0
S2B_MSIL2A_20180421T100029_N9999_R122_T33TWN_58_53,Arable land,0.0,0.0
S2B_MSIL2A_20180421T100029_N9999_R122_T33TWN_59_62,Arable land,0.0,0.0
S2B_MSIL2A_20180421T100029_N9999_R122_T33TWN_59_67,Arable land,0.0,0.0
S2B_MSIL2A_20180421T100029_N9999_R122_T33TWN_60_01,Mixed forest,9.0,0.0
S2B_MSIL2A_20180421T100029_N9999_R122_T33TWN_60_20,Coniferous forest,1.0,0.0
S2B_MSIL2A_20180421T100029_N9999_R122_T33TWN_60_36,Arable land,0.0,1.0
S2B_MSIL2A_20180421T100029_N9999_R122_T33TWN_60_83,Arable land,0.0,0.0
S2B_MSIL2A_20180421T100029_N9999_R122_T33TWN_61_25,Coniferous forest,1.0,1.0
S2B_MSIL2A_20180421T100029_N9999_R122_T33TWN_61_70,Arable land,0.0,0.0
S2B_MSIL2A_20180421T100029_N9999_R122_T33TWN_62_52,Arable land,0.0,0.0
S2B_MSIL2A_20180421T100029_N9999_R122_T33TWN_62_73,Arable land,0.0,0.0
S2B_MSIL2A_20180421T100029_N9999_R122_T33TWN_63_12,Arable land,0.0,0.0
S2B_MSIL2A_20180421T100029_N9999_R122_T33TWN_63_83,Arable land,0.0,0.0
S2B_MSIL2A_20180421T100029_N9999_R122_T33TWN_63_85,Arable land,0.0,0.0
S2B_MSIL2A_20180421T100029_N9999_R122_T33TWN_64_53,Arable land,0.0,0.0
S2B_MSIL2A_20180421T100029_N9999_R122_T33TWN_65_21,Arable land,0.0,1.0
S2B_MSIL2A_20180421T100029_N9999_R122_T33TWN_66_12,Arable land,0.0,0.0
S2B_MSIL2A_20180421T100029_N9999_R122_T33TWN_66_74,Arable land,0.0,0.0
S2B_MSIL2A_20180421T100029_N9999_R122_T33TWN_66_88,Broad-leaved forest,2.0,0.0
S2B_MSIL2A_20180421T100029_N9999_R122_T33TWN_67_13,Arable land,0.0,0.0
S2B_MSIL2A_20180421T100029_N9999_R122_T33TWN_67_18,Arable land,0.0,1.0
S2B_MSIL2A_20180421T100029_N9999_R122_T33TWN_67_28,Complex cultivation patterns,5.0,0.0
S2B_MSIL2A_20180421T100029_N9999_R122_T33TWN_68_61,Arable land,0.0,0.0
S2B_MSIL2A_20180421T100029_N9999_R122_T33TWN_69_49,Arable land,0.0,0.0
S2B_MSIL2A_20180421T100029_N9999_R122_T33TWN_69_52,Arable land,0.0,0.0
S2B_MSIL2A_20180421T100029_N9999_R122_T33TWN_69_87,Arable land,0.0,0.0
S2B_MSIL2A_20180421T100029_N9999_R122_T33TWN_70_08,Coniferous forest,1.0,1.0
S2B_MSIL2A_20180421T100029_N9999_R122_T33TWN_70_29,Complex cultivation patterns,5.0,0.0
S2B_MSIL2A_20180421T100029_N9999_R122_T33TWN_72_05,Arable land,0.0,1.0
S2B_MSIL2A_20180421T100029_N9999_R122_T33TWN_73_07,Coniferous forest,1.0,2.0
S2B_MSIL2A_20180421T100029_N9999_R122_T33TWN_74_10,Arable land,0.0,0.0
S2B_MSIL2A_20180421T100029_N9999_R122_T33TWN_75_22,Arable land,0.0,0.0
S2B_MSIL2A_20180421T100029_N9999_R122_T33TWN_75_38,Arable land,0.0,0.0
S2B_MSIL2A_20180421T100029_N9999_R122_T33TWN_75_85,Arable land,0.0,0.0
S2B_MSIL2A_20180421T100029_N9999_R122_T33TWN_76_48,Arable land,0.0,0.0
S2B_MSIL2A_20180421T100029_N9999_R122_T33TWN_76_71,Arable land,0.0,0.0
S2B_MSIL2A_20180421T100029_N9999_R122_T33TWN_77_00,Arable land,0.0,0.0
S2B_MSIL2A_20180421T100029_N9999_R122_T33TWN_77_59,Arable land,0.0,0.0
S2B_MSIL2A_20180421T100029_N9999_R122_T33TWN_78_09,Arable land,0.0,0.0
S2B_MSIL2A_20180421T100029_N9999_R122_T33TWN_79_45,Arable land,0.0,0.0
S2B_MSIL2A_20180421T100029_N9999_R122_T33TWN_79_65,Arable land,0.0,0.0
S2B_MSIL2A_20180421T100029_N9999_R122_T33TWN_81_09,Broad-leaved forest,2.0,2.0
S2B_MSIL2A_20180421T100029_N9999_R122_T33TWN_81_17,Arable land,0.0,0.0
S2B_MSIL2A_20180421T100029_N9999_R122_T33TWN_83_03,Arable land,0.0,0.0
S2B_MSIL2A_20180421T100029_N9999_R122_T33TWN_83_29,Arable land,0.0,1.0
S2B_MSIL2A_20180421T100029_N9999_R122_T33TWN_83_65,Arable land,0.0,0.0
S2B_MSIL2A_20180421T100029_N9999_R122_T33TWN_85_40,Arable land,0.0,0.0
S2B_MSIL2A_20180421T100029_N9999_R122_T33TWN_85_61,Arable land,0.0,0.0
S2B_MSIL2A_20180421T100029_N9999_R122_T33TWN_86_39,Arable land,0.0,0.0
S2B_MSIL2A_20180421T100029_N9999_R122_T33TWN_87_03,Arable land,0.0,0.0
S2B_MSIL2A_20180421T100029_N9999_R122_T33TWN_87_43,Broad-leaved forest,2.0,2.0
S2B_MSIL2A_20180421T100029_N9999_R122_T33TWN_89_30,Arable land,0.0,0.0
S2B_MSIL2A_20180421T100029_N9999_R122_T33TWN_89_51,Arable land,0.0,0.0
S2B_MSIL2A_20180421T100029_N9999_R122_T33TWN_89_76,Arable land,0.0,0.0
S2B_MSIL2A_20180421T100029_N9999_R122_T33TWN_89_77,Arable land,0.0,0.0
S2B_MSIL2A_20180421T100029_N9999_R122_T33TWN_90_39,Coniferous forest,1.0,0.0
S2B_MSIL2A_20180421T100029_N9999_R122_T33TWN_90_40,Arable land,0.0,0.0
S2B_MSIL2A_20180421T100029_N9999_R122_T33UWQ_02_80,Arable land,0.0,0.0
S2B_MSIL2A_20180421T100029_N9999_R122_T33UWQ_06_76,Coniferous forest,1.0,1.0
S2B_MSIL2A_20180421T100029_N9999_R122_T33UWQ_11_70,Arable land,0.0,0.0
S2B_MSIL2A_20180421T100029_N9999_R122_T33UWQ_13_74,Arable land,0.0,0.0
S2B_MSIL2A_20180421T100029_N9999_R122_T33UWQ_15_78,Arable land,0.0,0.0
S2B_MSIL2A_20180421T100029_N9999_R122_T33UWQ_16_88,Arable land,0.0,0.0
S2B_MSIL2A_20180421T100029_N9999_R122_T33UWQ_17_73,Arable land,0.0,0.0
S2B_MSIL2A_20180421T100029_N9999_R122_T33UWQ_19_68,Arable land,0.0,0.0
S2B_MSIL2A_20180421T100029_N9999_R122_T33UWQ_20_67,Arable land,0.0,0.0
S2B_MSIL2A_20180421T100029_N9999_R122_T33UWQ_26_78,Arable land,0.0,0.0
S2B_MSIL2A_20180421T100029_N9999_R122_T33UWQ_28_71,Arable land,0.0,0.0
S2B_MSIL2A_20180421T100029_N9999_R122_T33UWQ_28_77,Arable land,0.0,0.0
S2B_MSIL2A_20180421T100029_N9999_R122_T33UWQ_32_89,Arable land,0.0,0.0
S2B_MSIL2A_20180421T100029_N9999_R122_T33UWQ_38_82,Arable land,0.0,0.0
S2B_MSIL2A_20180421T100029_N9999_R122_T33UWQ_39_88,Arable land,0.0,0.0
S2B_MSIL2A_20180421T100029_N9999_R122_T33UWQ_42_76,Arable land,0.0,0.0
S2B_MSIL2A_20180421T100029_N9999_R122_T33UWQ_45_76,Arable land,0.0,0.0
S2B_MSIL2A_20180421T100029_N9999_R122_T33UWQ_46_81,Arable land,0.0,0.0
S2B_MSIL2A_20180421T100029_N9999_R122_T33UWQ_52_82,Arable land,0.0,0.0
S2B_MSIL2A_20180421T100029_N9999_R122_T33UWQ_53_88,Arable land,0.0,0.0
S2B_MSIL2A_20180421T100029_N9999_R122_T33UWQ_55_76,Broad-leaved forest,2.0,2.0
S2B_MSIL2A_20180421T100029_N9999_R122_T33UWQ_56_80,Arable land,0.0,1.0
S2B_MSIL2A_20180421T100029_N9999_R122_T33UWQ_68_89,Arable land,0.0,0.0
S2B_MSIL2A_20180421T100029_N9999_R122_T33UWQ_70_84,Arable land,0.0,0.0
S2B_MSIL2A_20180421T100029_N9999_R122_T33UWQ_77_86,Arable land,0.0,0.0
S2B_MSIL2A_20180421T100029_N9999_R122_T33UXQ_03_88,Arable land,0.0,0.0
S2B_MSIL2A_20180421T100029_N9999_R122_T33UXQ_05_87,Arable land,0.0,0.0
S2B_MSIL2A_20180421T100029_N9999_R122_T33UXQ_10_79,Arable land,0.0,0.0
S2B_MSIL2A_20180421T100029_N9999_R122_T33UXQ_10_83,Arable land,0.0,0.0
S2B_MSIL2A_20180421T100029_N9999_R122_T33UXQ_11_84,Broad-leaved forest,2.0,2.0
S2B_MSIL2A_20180421T100029_N9999_R122_T33UXQ_11_85,Arable land,0.0,2.0
S2B_MSIL2A_20180421T100029_N9999_R122_T33UXQ_12_83,Arable land,0.0,0.0
S2B_MSIL2A_20180421T100029_N9999_R122_T33UXQ_17_86,Arable land,0.0,0.0
S2B_MSIL2A_20180421T100029_N9999_R122_T33UXQ_19_85,Arable land,0.0,2.0
S2B_MSIL2A_20180421T100029_N9999_R122_T33UXQ_27_85,Arable land,0.0,7.0
S2B_MSIL2A_20180421T100029_N9999_R122_T33UXQ_30_86,Arable land,0.0,0.0
S2B_MSIL2A_20180421T114349_N9999_R123_T29UPU_00_89,Coniferous forest,1.0,0.0
S2B_MSIL2A_20180421T114349_N9999_R123_T29UPU_01_34,Broad-leaved forest,2.0,0.0
S2B_MSIL2A_20180421T114349_N9999_R123_T29UPU_01_71,Coniferous forest,1.0,7.0
S2B_MSIL2A_20180421T114349_N9999_R123_T29UPU_01_89,Complex cultivation patterns,5.0,0.0
S2B_MSIL2A_20180421T114349_N9999_R123_T29UPU_02_54,Coniferous forest,1.0,2.0
S2B_MSIL2A_20180421T114349_N9999_R123_T29UPU_03_01,Arable land,0.0,0.0
S2B_MSIL2A_20180421T114349_N9999_R123_T29UPU_03_21,Mixed forest,9.0,7.0
S2B_MSIL2A_20180421T114349_N9999_R123_T29UPU_03_38,Arable land,0.0,0.0
S2B_MSIL2A_20180421T114349_N9999_R123_T29UPU_03_58,Coniferous forest,1.0,2.0
S2B_MSIL2A_20180421T114349_N9999_R123_T29UPU_03_68,Coniferous forest,1.0,0.0
S2B_MSIL2A_20180421T114349_N9999_R123_T29UPU_05_09,Arable land,0.0,0.0
S2B_MSIL2A_20180421T114349_N9999_R123_T29UPU_05_10,Arable land,0.0,0.0
S2B_MSIL2A_20180421T114349_N9999_R123_T29UPU_05_16,"Land principally occupied by agriculture, with significant areas of natural vegetation",8.0,0.0
S2B_MSIL2A_20180421T114349_N9999_R123_T29UPU_05_17,Pastures,7.0,7.0
S2B_MSIL2A_20180421T114349_N9999_R123_T29UPU_06_06,Arable land,0.0,0.0
S2B_MSIL2A_20180421T114349_N9999_R123_T29UPU_06_39,Pastures,7.0,0.0
S2B_MSIL2A_20180421T114349_N9999_R123_T29UPU_07_06,Arable land,0.0,7.0
S2B_MSIL2A_20180421T114349_N9999_R123_T29UPU_07_21,Broad-leaved forest,2.0,0.0
S2B_MSIL2A_20180421T114349_N9999_R123_T29UPU_07_23,Pastures,7.0,0.0
S2B_MSIL2A_20180421T114349_N9999_R123_T29UPU_08_13,Pastures,7.0,0.0
S2B_MSIL2A_20180421T114349_N9999_R123_T29UPU_08_60,Broad-leaved forest,2.0,7.0
S2B_MSIL2A_20180421T114349_N9999_R123_T29UPU_08_87,Arable land,0.0,0.0
S2B_MSIL2A_20180421T114349_N9999_R123_T29UPU_09_03,Pastures,7.0,0.0
S2B_MSIL2A_20180421T114349_N9999_R123_T29UPU_09_89,Broad-leaved forest,2.0,7.0
S2B_MSIL2A_20180421T114349_N9999_R123_T29UPU_10_47,Arable land,0.0,0.0
S2B_MSIL2A_20180421T114349_N9999_R123_T29UPU_10_53,Coniferous forest,1.0,7.0
S2B_MSIL2A_20180421T114349_N9999_R123_T29UPU_10_59,Broad-leaved forest,2.0,7.0
S2B_MSIL2A_20180421T114349_N9999_R123_T29UPU_10_78,Coniferous forest,1.0,7.0
S2B_MSIL2A_20180421T114349_N9999_R123_T29UPU_11_03,Pastures,7.0,0.0
S2B_MSIL2A_20180421T114349_N9999_R123_T29UPU_11_51,Pastures,7.0,7.0
S2B_MSIL2A_20180421T114349_N9999_R123_T29UPU_11_58,Pastures,7.0,0.0
S2B_MSIL2A_20180421T114349_N9999_R123_T29UPU_12_04,Pastures,7.0,0.0
S2B_MSIL2A_20180421T114349_N9999_R123_T29UPU_12_38,Coniferous forest,1.0,1.0
S2B_MSIL2A_20180421T114349_N9999_R123_T29UPU_12_52,Broad-leaved forest,2.0,0.0
S2B_MSIL2A_20180421T114349_N9999_R123_T29UPU_13_02,Broad-leaved forest,2.0,2.0
S2B_MSIL2A_20180421T114349_N9999_R123_T29UPU_14_62,Arable land,0.0,2.0
S2B_MSIL2A_20180421T114349_N9999_R123_T29UPU_15_17,Arable land,0.0,0.0
S2B_MSIL2A_20180421T114349_N9999_R123_T29UPU_16_35,Coniferous forest,1.0,0.0
S2B_MSIL2A_20180421T114349_N9999_R123_T29UPU_16_84,Arable land,0.0,7.0
S2B_MSIL2A_20180421T114349_N9999_R123_T29UPU_17_02,Inland wetlands,10.0,1.0
S2B_MSIL2A_20180421T114349_N9999_R123_T29UPU_17_31,Coniferous forest,1.0,0.0
S2B_MSIL2A_20180421T114349_N9999_R123_T29UPU_18_26,Coniferous forest,1.0,0.0
S2B_MSIL2A_20180421T114349_N9999_R123_T29UPU_19_02,Inland wetlands,10.0,0.0
S2B_MSIL2A_20180421T114349_N9999_R123_T29UPU_19_30,Coniferous forest,1.0,0.0
S2B_MSIL2A_20180421T114349_N9999_R123_T29UPU_19_81,Broad-leaved forest,2.0,7.0
S2B_MSIL2A_20180421T114349_N9999_R123_T29UPU_19_83,Complex cultivation patterns,5.0,0.0
S2B_MSIL2A_20180421T114349_N9999_R123_T29UPU_20_02,Arable land,0.0,0.0
S2B_MSIL2A_20180421T114349_N9999_R123_T29UPU_20_04,Inland wetlands,10.0,0.0
S2B_MSIL2A_20180421T114349_N9999_R123_T29UPU_20_48,Coniferous forest,1.0,7.0
S2B_MSIL2A_20180421T114349_N9999_R123_T29UPU_23_07,Complex cultivation patterns,5.0,7.0
S2B_MSIL2A_20180421T114349_N9999_R123_T29UPU_23_38,Coniferous forest,1.0,2.0
S2B_MSIL2A_20180421T114349_N9999_R123_T29UPU_23_70,Arable land,0.0,7.0
S2B_MSIL2A_20180421T114349_N9999_R123_T29UPU_23_80,Coniferous forest,1.0,0.0
S2B_MSIL2A_20180421T114349_N9999_R123_T29UPU_24_59,Arable land,0.0,0.0
S2B_MSIL2A_20180421T114349_N9999_R123_T29UPU_25_65,Coniferous forest,1.0,0.0
S2B_MSIL2A_20180421T114349_N9999_R123_T29UPU_26_21,Arable land,0.0,0.0
S2B_MSIL2A_20180421T114349_N9999_R123_T29UPU_26_30,Arable land,0.0,7.0
S2B_MSIL2A_20180421T114349_N9999_R123_T29UPU_26_39,Coniferous forest,1.0,0.0
S2B_MSIL2A_20180421T114349_N9999_R123_T29UPU_26_75,Arable land,0.0,0.0
S2B_MSIL2A_20180421T114349_N9999_R123_T29UPU_27_30,Arable land,0.0,0.0
S2B_MSIL2A_20180421T114349_N9999_R123_T29UPU_28_76,Broad-leaved forest,2.0,0.0
S2B_MSIL2A_20180421T114349_N9999_R123_T29UPU_29_01,Arable land,0.0,7.0
S2B_MSIL2A_20180421T114349_N9999_R123_T29UPU_29_27,Arable land,0.0,0.0
S2B_MSIL2A_20180421T114349_N9999_R123_T29UPU_29_40,Arable land,0.0,0.0
S2B_MSIL2A_20180421T114349_N9999_R123_T29UPU_30_05,Arable land,0.0,0.0
S2B_MSIL2A_20180421T114349_N9999_R123_T29UPU_30_07,Arable land,0.0,0.0
S2B_MSIL2A_20180421T114349_N9999_R123_T29UPU_30_14,Arable land,0.0,0.0
S2B_MSIL2A_20180421T114349_N9999_R123_T29UPU_30_62,Arable land,0.0,0.0
S2B_MSIL2A_20180421T114349_N9999_R123_T29UPU_30_89,Coniferous forest,1.0,0.0
S2B_MSIL2A_20180421T114349_N9999_R123_T29UPU_31_06,Arable land,0.0,0.0
S2B_MSIL2A_20180421T114349_N9999_R123_T29UPU_32_18,Arable land,0.0,0.0
S2B_MSIL2A_20180421T114349_N9999_R123_T29UPU_32_55,Arable land,0.0,0.0
S2B_MSIL2A_20180421T114349_N9999_R123_T29UPU_32_79,Arable land,0.0,0.0
S2B_MSIL2A_20180421T114349_N9999_R123_T29UPU_32_82,Arable land,0.0,0.0
S2B_MSIL2A_20180421T114349_N9999_R123_T29UPU_33_00,Arable land,0.0,0.0
S2B_MSIL2A_20180421T114349_N9999_R123_T29UPU_35_00,Arable land,0.0,0.0
S2B_MSIL2A_20180421T114349_N9999_R123_T29UPU_35_52,Pastures,7.0,7.0
S2B_MSIL2A_20180421T114349_N9999_R123_T29UPU_35_63,Pastures,7.0,7.0
S2B_MSIL2A_20180421T114349_N9999_R123_T29UPU_37_00,Arable land,0.0,0.0
S2B_MSIL2A_20180421T114349_N9999_R123_T29UPU_37_65,Coniferous forest,1.0,0.0
S2B_MSIL2A_20180421T114349_N9999_R123_T29UPU_38_20,Pastures,7.0,0.0
S2B_MSIL2A_20180421T114349_N9999_R123_T29UPU_38_27,Arable land,0.0,0.0
S2B_MSIL2A_20180421T114349_N9999_R123_T29UPU_38_72,Pastures,7.0,0.0
S2B_MSIL2A_20180421T114349_N9999_R123_T29UPU_38_88,Arable land,0.0,0.0
S2B_MSIL2A_20180421T114349_N9999_R123_T29UPU_39_03,Pastures,7.0,0.0
S2B_MSIL2A_20180421T114349_N9999_R123_T29UPU_39_49,Arable land,0.0,0.0
S2B_MSIL2A_20180421T114349_N9999_R123_T29UPU_40_35,Arable land,0.0,0.0
S2B_MSIL2A_20180421T114349_N9999_R123_T29UPU_40_61,Inland wetlands,10.0,4.0
S2B_MSIL2A_20180421T114349_N9999_R123_T29UPU_40_88,Arable land,0.0,0.0
S2B_MSIL2A_20180421T114349_N9999_R123_T29UPU_42_36,Arable land,0.0,0.0
S2B_MSIL2A_20180421T114349_N9999_R123_T29UPU_43_07,Arable land,0.0,0.0
S2B_MSIL2A_20180421T114349_N9999_R123_T29UPU_44_72,Arable land,0.0,0.0
S2B_MSIL2A_20180421T114349_N9999_R123_T29UPU_45_09,Arable land,0.0,0.0
S2B_MSIL2A_20180421T114349_N9999_R123_T29UPU_45_19,Pastures,7.0,7.0
S2B_MSIL2A_20180421T114349_N9999_R123_T29UPU_46_15,Pastures,7.0,0.0
S2B_MSIL2A_20180421T114349_N9999_R123_T29UPU_46_21,Mixed forest,9.0,7.0
S2B_MSIL2A_20180421T114349_N9999_R123_T29UPU_46_68,Arable land,0.0,0.0
S2B_MSIL2A_20180421T114349_N9999_R123_T29UPU_48_29,Arable land,0.0,0.0
S2B_MSIL2A_20180421T114349_N9999_R123_T29UPU_48_31,Arable land,0.0,7.0
S2B_MSIL2A_20180421T114349_N9999_R123_T29UPU_48_40,Arable land,0.0,0.0
S2B_MSIL2A_20180421T114349_N9999_R123_T29UPU_48_72,Arable land,0.0,0.0
S2B_MSIL2A_20180421T114349_N9999_R123_T29UPU_49_08,Arable land,0.0,0.0
S2B_MSIL2A_20180421T114349_N9999_R123_T29UPU_49_54,Arable land,0.0,0.0
S2B_MSIL2A_20180421T114349_N9999_R123_T29UPU_49_80,Arable land,0.0,0.0
S2B_MSIL2A_20180421T114349_N9999_R123_T29UPU_50_16,Coniferous forest,1.0,0.0
S2B_MSIL2A_20180421T114349_N9999_R123_T29UPU_50_37,Arable land,0.0,7.0
S2B_MSIL2A_20180421T114349_N9999_R123_T29UPU_51_56,Arable land,0.0,0.0
S2B_MSIL2A_20180421T114349_N9999_R123_T29UPU_52_00,Arable land,0.0,7.0
S2B_MSIL2A_20180421T114349_N9999_R123_T29UPU_52_60,Arable land,0.0,0.0
S2B_MSIL2A_20180421T114349_N9999_R123_T29UPU_53_34,Coniferous forest,1.0,0.0
S2B_MSIL2A_20180421T114349_N9999_R123_T29UPU_55_03,Pastures,7.0,7.0
S2B_MSIL2A_20180421T114349_N9999_R123_T29UPU_55_41,Coniferous forest,1.0,0.0
S2B_MSIL2A_20180421T114349_N9999_R123_T29UPU_56_70,Arable land,0.0,0.0
S2B_MSIL2A_20180421T114349_N9999_R123_T29UPU_57_10,"Moors, heathland and sclerophyllous vegetation",12.0,4.0
S2B_MSIL2A_20180421T114349_N9999_R123_T29UPU_57_32,Inland wetlands,10.0,0.0
S2B_MSIL2A_20180421T114349_N9999_R123_T29UPU_57_42,Arable land,0.0,0.0
S2B_MSIL2A_20180421T114349_N9999_R123_T29UPU_59_27,Coniferous forest,1.0,0.0
S2B_MSIL2A_20180421T114349_N9999_R123_T29UPU_60_40,Arable land,0.0,1.0
S2B_MSIL2A_20180421T114349_N9999_R123_T29UPU_61_43,Coniferous forest,1.0,2.0
S2B_MSIL2A_20180421T114349_N9999_R123_T29UPU_62_46,Arable land,0.0,0.0
S2B_MSIL2A_20180421T114349_N9999_R123_T29UPU_62_55,Arable land,0.0,0.0
S2B_MSIL2A_20180421T114349_N9999_R123_T29UPU_63_03,Inland wetlands,10.0,1.0
S2B_MSIL2A_20180421T114349_N9999_R123_T29UPU_65_05,Inland wetlands,10.0,4.0
S2B_MSIL2A_20180421T114349_N9999_R123_T29UPU_65_14,Coniferous forest,1.0,0.0
S2B_MSIL2A_20180421T114349_N9999_R123_T29UPU_65_20,Coniferous forest,1.0,1.0
S2B_MSIL2A_20180421T114349_N9999_R123_T29UPU_66_15,"Land principally occupied by agriculture, with significant areas of natural vegetation",8.0,2.0
S2B_MSIL2A_20180421T114349_N9999_R123_T29UPU_68_48,Arable land,0.0,0.0
S2B_MSIL2A_20180421T114349_N9999_R123_T29UPU_68_49,Arable land,0.0,0.0
S2B_MSIL2A_20180421T114349_N9999_R123_T29UPU_68_50,Arable land,0.0,0.0
S2B_MSIL2A_20180421T114349_N9999_R123_T29UPU_68_53,Arable land,0.0,0.0
S2B_MSIL2A_20180421T114349_N9999_R123_T29UPU_69_32,Coniferous forest,1.0,7.0
S2B_MSIL2A_20180421T114349_N9999_R123_T29UPU_70_15,Coniferous forest,1.0,0.0
S2B_MSIL2A_20180421T114349_N9999_R123_T29UPU_71_01,Coniferous forest,1.0,2.0
S2B_MSIL2A_20180421T114349_N9999_R123_T29UPU_71_34,Arable land,0.0,0.0
S2B_MSIL2A_20180421T114349_N9999_R123_T29UPU_71_45,Pastures,7.0,0.0
S2B_MSIL2A_20180421T114349_N9999_R123_T29UPU_71_50,Pastures,7.0,0.0
S2B_MSIL2A_20180421T114349_N9999_R123_T29UPU_72_01,Coniferous forest,1.0,0.0
S2B_MSIL2A_20180421T114349_N9999_R123_T29UPU_72_54,Marine waters,3.0,0.0
S2B_MSIL2A_20180421T114349_N9999_R123_T29UPU_72_60,Broad-leaved forest,2.0,0.0
S2B_MSIL2A_20180421T114349_N9999_R123_T29UPU_73_05,Broad-leaved forest,2.0,0.0
S2B_MSIL2A_20180421T114349_N9999_R123_T29UPU_73_08,Pastures,7.0,0.0
S2B_MSIL2A_20180421T114349_N9999_R123_T29UPU_73_75,Marine waters,3.0,3.0
S2B_MSIL2A_20180421T114349_N9999_R123_T29UPU_74_03,Arable land,0.0,0.0
S2B_MSIL2A_20180421T114349_N9999_R123_T29UPU_74_80,Marine waters,3.0,3.0
S2B_MSIL2A_20180421T114349_N9999_R123_T29UPU_75_57,Marine waters,3.0,3.0
S2B_MSIL2A_20180421T114349_N9999_R123_T29UPU_75_62,Marine waters,3.0,3.0
S2B_MSIL2A_20180421T114349_N9999_R123_T29UPU_75_82,Marine waters,3.0,3.0
S2B_MSIL2A_20180421T114349_N9999_R123_T29UPU_76_43,Pastures,7.0,0.0
S2B_MSIL2A_20180421T114349_N9999_R123_T29UPU_76_76,Marine waters,3.0,3.0
S2B_MSIL2A_20180421T114349_N9999_R123_T29UPU_76_79,Marine waters,3.0,3.0
S2B_MSIL2A_20180421T114349_N9999_R123_T29UPU_77_04,Arable land,0.0,0.0
S2B_MSIL2A_20180421T114349_N9999_R123_T29UPU_77_81,Marine waters,3.0,3.0
S2B_MSIL2A_20180421T114349_N9999_R123_T29UPU_79_48,Marine waters,3.0,3.0
S2B_MSIL2A_20180421T114349_N9999_R123_T29UPU_79_51,Marine waters,3.0,3.0
S2B_MSIL2A_20180421T114349_N9999_R123_T29UPU_80_23,Arable land,0.0,0.0
S2B_MSIL2A_20180421T114349_N9999_R123_T29UPU_80_51,Marine waters,3.0,3.0
S2B_MSIL2A_20180421T114349_N9999_R123_T29UPU_80_90,Marine waters,3.0,3.0
S2B_MSIL2A_20180421T114349_N9999_R123_T29UPU_81_20,Arable land,0.0,0.0
S2B_MSIL2A_20180421T114349_N9999_R123_T29UPU_81_72,Marine waters,3.0,3.0
S2B_MSIL2A_20180421T114349_N9999_R123_T29UPU_82_75,Marine waters,3.0,3.0
S2B_MSIL2A_20180421T114349_N9999_R123_T29UPU_83_16,Marine waters,3.0,3.0
S2B_MSIL2A_20180421T114349_N9999_R123_T29UPU_83_19,Marine waters,3.0,3.0
S2B_MSIL2A_20180421T114349_N9999_R123_T29UPU_83_33,Marine waters,3.0,3.0
S2B_MSIL2A_20180421T114349_N9999_R123_T29UPU_83_35,Marine waters,3.0,3.0
S2B_MSIL2A_20180421T114349_N9999_R123_T29UPU_83_38,Marine waters,3.0,3.0
S2B_MSIL2A_20180421T114349_N9999_R123_T29UPU_83_42,Marine waters,3.0,3.0
S2B_MSIL2A_20180421T114349_N9999_R123_T29UPU_84_18,Marine waters,3.0,3.0
S2B_MSIL2A_20180421T114349_N9999_R123_T29UPU_84_28,Marine waters,3.0,3.0
S2B_MSIL2A_20180421T114349_N9999_R123_T29UPU_84_69,Marine waters,3.0,3.0
S2B_MSIL2A_20180421T114349_N9999_R123_T29UPU_85_41,Marine waters,3.0,3.0
S2B_MSIL2A_20180421T114349_N9999_R123_T29UPU_85_88,Marine waters,3.0,3.0
S2B_MSIL2A_20180421T114349_N9999_R123_T29UPU_87_27,Marine waters,3.0,3.0
S2B_MSIL2A_20180421T114349_N9999_R123_T29UPU_88_04,Marine waters,3.0,3.0
S2B_MSIL2A_20180421T114349_N9999_R123_T29UPU_88_30,Marine waters,3.0,3.0
S2B_MSIL2A_20180421T114349_N9999_R123_T29UPU_90_15,Marine waters,3.0,3.0
S2B_MSIL2A_20180421T114349_N9999_R123_T29UPU_90_37,Marine waters,3.0,3.0
S2B_MSIL2A_20180421T114349_N9999_R123_T29UPU_90_52,Marine waters,3.0,3.0
S2B_MSIL2A_20180422T093029_N9999_R136_T34TEQ_00_64,Arable land,0.0,0.0
S2B_MSIL2A_20180422T093029_N9999_R136_T34TEQ_01_27,Arable land,0.0,0.0
S2B_MSIL2A_20180422T093029_N9999_R136_T34TEQ_01_60,Arable land,0.0,0.0
S2B_MSIL2A_20180422T093029_N9999_R136_T34TEQ_01_75,Arable land,0.0,0.0
S2B_MSIL2A_20180422T093029_N9999_R136_T34TEQ_02_70,Arable land,0.0,0.0
S2B_MSIL2A_20180422T093029_N9999_R136_T34TEQ_02_71,Arable land,0.0,0.0
S2B_MSIL2A_20180422T093029_N9999_R136_T34TEQ_03_43,Arable land,0.0,0.0
S2B_MSIL2A_20180422T093029_N9999_R136_T34TEQ_03_65,Arable land,0.0,0.0
S2B_MSIL2A_20180422T093029_N9999_R136_T34TEQ_04_66,Arable land,0.0,0.0
S2B_MSIL2A_20180422T093029_N9999_R136_T34TEQ_04_76,"Land principally occupied by agriculture, with significant areas of natural vegetation",8.0,0.0
S2B_MSIL2A_20180422T093029_N9999_R136_T34TEQ_04_77,Complex cultivation patterns,5.0,0.0
S2B_MSIL2A_20180422T093029_N9999_R136_T34TEQ_05_30,Arable land,0.0,0.0
S2B_MSIL2A_20180422T093029_N9999_R136_T34TEQ_05_40,Arable land,0.0,0.0
S2B_MSIL2A_20180422T093029_N9999_R136_T34TEQ_05_68,Arable land,0.0,0.0
S2B_MSIL2A_20180422T093029_N9999_R136_T34TEQ_06_54,Arable land,0.0,0.0
S2B_MSIL2A_20180422T093029_N9999_R136_T34TEQ_06_79,Complex cultivation patterns,5.0,0.0
S2B_MSIL2A_20180422T093029_N9999_R136_T34TEQ_07_66,Arable land,0.0,0.0
S2B_MSIL2A_20180422T093029_N9999_R136_T34TEQ_08_28,Broad-leaved forest,2.0,2.0
S2B_MSIL2A_20180422T093029_N9999_R136_T34TEQ_08_82,Arable land,0.0,0.0
S2B_MSIL2A_20180422T093029_N9999_R136_T34TEQ_09_49,Arable land,0.0,0.0
S2B_MSIL2A_20180422T093029_N9999_R136_T34TEQ_09_53,Arable land,0.0,0.0
S2B_MSIL2A_20180422T093029_N9999_R136_T34TEQ_11_56,Arable land,0.0,0.0
S2B_MSIL2A_20180422T093029_N9999_R136_T34TEQ_11_81,Arable land,0.0,0.0
S2B_MSIL2A_20180422T093029_N9999_R136_T34TEQ_11_90,Arable land,0.0,0.0
S2B_MSIL2A_20180422T093029_N9999_R136_T34TEQ_12_10,Arable land,0.0,0.0
S2B_MSIL2A_20180422T093029_N9999_R136_T34TEQ_12_27,Broad-leaved forest,2.0,2.0
S2B_MSIL2A_20180422T093029_N9999_R136_T34TEQ_12_45,Arable land,0.0,0.0
S2B_MSIL2A_20180422T093029_N9999_R136_T34TEQ_12_85,Arable land,0.0,0.0
S2B_MSIL2A_20180422T093029_N9999_R136_T34TEQ_12_90,Broad-leaved forest,2.0,2.0
S2B_MSIL2A_20180422T093029_N9999_R136_T34TEQ_13_04,Arable land,0.0,0.0
S2B_MSIL2A_20180422T093029_N9999_R136_T34TEQ_13_21,Arable land,0.0,0.0
S2B_MSIL2A_20180422T093029_N9999_R136_T34TEQ_13_25,Broad-leaved forest,2.0,2.0
S2B_MSIL2A_20180422T093029_N9999_R136_T34TEQ_13_36,Arable land,0.0,0.0
S2B_MSIL2A_20180422T093029_N9999_R136_T34TEQ_13_80,Arable land,0.0,0.0
S2B_MSIL2A_20180422T093029_N9999_R136_T34TEQ_14_16,Arable land,0.0,0.0
S2B_MSIL2A_20180422T093029_N9999_R136_T34TEQ_14_55,Arable land,0.0,0.0
S2B_MSIL2A_20180422T093029_N9999_R136_T34TEQ_14_59,Arable land,0.0,0.0
S2B_MSIL2A_20180422T093029_N9999_R136_T34TEQ_14_85,Arable land,0.0,0.0
S2B_MSIL2A_20180422T093029_N9999_R136_T34TEQ_15_20,Arable land,0.0,0.0
S2B_MSIL2A_20180422T093029_N9999_R136_T34TEQ_15_22,Arable land,0.0,0.0
S2B_MSIL2A_20180422T093029_N9999_R136_T34TEQ_15_70,Arable land,0.0,0.0
S2B_MSIL2A_20180422T093029_N9999_R136_T34TEQ_16_30,Broad-leaved forest,2.0,1.0
S2B_MSIL2A_20180422T093029_N9999_R136_T34TEQ_17_24,Broad-leaved forest,2.0,0.0
S2B_MSIL2A_20180422T093029_N9999_R136_T34TEQ_17_29,Broad-leaved forest,2.0,0.0
S2B_MSIL2A_20180422T093029_N9999_R136_T34TEQ_18_13,Arable land,0.0,0.0
S2B_MSIL2A_20180422T093029_N9999_R136_T34TEQ_19_06,Arable land,0.0,0.0
S2B_MSIL2A_20180422T093029_N9999_R136_T34TEQ_19_35,Arable land,0.0,0.0
S2B_MSIL2A_20180422T093029_N9999_R136_T34TEQ_20_43,Arable land,0.0,0.0
S2B_MSIL2A_20180422T093029_N9999_R136_T34TEQ_20_80,Broad-leaved forest,2.0,0.0
S2B_MSIL2A_20180422T093029_N9999_R136_T34TEQ_21_08,Arable land,0.0,0.0
S2B_MSIL2A_20180422T093029_N9999_R136_T34TEQ_21_88,Arable land,0.0,0.0
S2B_MSIL2A_20180422T093029_N9999_R136_T34TEQ_22_16,Arable land,0.0,0.0
S2B_MSIL2A_20180422T093029_N9999_R136_T34TEQ_22_31,Broad-leaved forest,2.0,0.0
S2B_MSIL2A_20180422T093029_N9999_R136_T34TEQ_23_36,Arable land,0.0,0.0
S2B_MSIL2A_20180422T093029_N9999_R136_T34TEQ_24_33,Arable land,0.0,0.0
S2B_MSIL2A_20180422T093029_N9999_R136_T34TEQ_24_46,Arable land,0.0,0.0
S2B_MSIL2A_20180422T093029_N9999_R136_T34TEQ_24_61,Arable land,0.0,0.0
S2B_MSIL2A_20180422T093029_N9999_R136_T34TEQ_25_24,Arable land,0.0,0.0
S2B_MSIL2A_20180422T093029_N9999_R136_T34TEQ_25_37,Arable land,0.0,0.0
S2B_MSIL2A_20180422T093029_N9999_R136_T34TEQ_25_89,Broad-leaved forest,2.0,2.0
S2B_MSIL2A_20180422T093029_N9999_R136_T34TEQ_26_17,Arable land,0.0,0.0
S2B_MSIL2A_20180422T093029_N9999_R136_T34TEQ_26_24,Arable land,0.0,0.0
S2B_MSIL2A_20180422T093029_N9999_R136_T34TEQ_28_41,Arable land,0.0,2.0
S2B_MSIL2A_20180422T093029_N9999_R136_T34TEQ_28_46,Arable land,0.0,0.0
S2B_MSIL2A_20180422T093029_N9999_R136_T34TEQ_29_09,Arable land,0.0,0.0
S2B_MSIL2A_20180422T093029_N9999_R136_T34TEQ_29_77,Complex cultivation patterns,5.0,0.0
S2B_MSIL2A_20180422T093029_N9999_R136_T34TEQ_29_78,Arable land,0.0,0.0
S2B_MSIL2A_20180422T093029_N9999_R136_T34TEQ_33_53,Arable land,0.0,0.0
S2B_MSIL2A_20180422T093029_N9999_R136_T34TEQ_33_60,Broad-leaved forest,2.0,2.0
S2B_MSIL2A_20180422T093029_N9999_R136_T34TEQ_34_81,Broad-leaved forest,2.0,2.0
S2B_MSIL2A_20180422T093029_N9999_R136_T34TEQ_35_63,Arable land,0.0,2.0
S2B_MSIL2A_20180422T093029_N9999_R136_T34TEQ_35_71,Arable land,0.0,0.0
S2B_MSIL2A_20180422T093029_N9999_R136_T34TEQ_36_50,Broad-leaved forest,2.0,2.0
S2B_MSIL2A_20180422T093029_N9999_R136_T34TEQ_36_79,Broad-leaved forest,2.0,2.0
S2B_MSIL2A_20180422T093029_N9999_R136_T34TEQ_37_80,Broad-leaved forest,2.0,2.0
S2B_MSIL2A_20180422T093029_N9999_R136_T34TEQ_39_75,Broad-leaved forest,2.0,2.0
S2B_MSIL2A_20180422T093029_N9999_R136_T34TEQ_39_83,Broad-leaved forest,2.0,0.0
S2B_MSIL2A_20180422T093029_N9999_R136_T34TEQ_40_47,Arable land,0.0,0.0
S2B_MSIL2A_20180422T093029_N9999_R136_T34TEQ_40_71,Broad-leaved forest,2.0,2.0
S2B_MSIL2A_20180422T093029_N9999_R136_T34TEQ_40_79,Broad-leaved forest,2.0,2.0
S2B_MSIL2A_20180422T093029_N9999_R136_T34TEQ_41_89,Broad-leaved forest,2.0,2.0
S2B_MSIL2A_20180422T093029_N9999_R136_T34TEQ_42_59,Broad-leaved forest,2.0,2.0
S2B_MSIL2A_20180422T093029_N9999_R136_T34TEQ_42_60,Broad-leaved forest,2.0,2.0
S2B_MSIL2A_20180422T093029_N9999_R136_T34TEQ_42_64,Broad-leaved forest,2.0,0.0
S2B_MSIL2A_20180422T093029_N9999_R136_T34TEQ_47_58,Broad-leaved forest,2.0,0.0
S2B_MSIL2A_20180422T093029_N9999_R136_T34TEQ_47_90,Broad-leaved forest,2.0,2.0
S2B_MSIL2A_20180422T093029_N9999_R136_T34TEQ_50_59,Broad-leaved forest,2.0,0.0
S2B_MSIL2A_20180422T093029_N9999_R136_T34TEQ_51_56,Broad-leaved forest,2.0,2.0
S2B_MSIL2A_20180422T093029_N9999_R136_T34TEQ_52_47,Broad-leaved forest,2.0,2.0
S2B_MSIL2A_20180422T093029_N9999_R136_T34TEQ_56_55,Broad-leaved forest,2.0,2.0
S2B_MSIL2A_20180422T093029_N9999_R136_T34TEQ_56_59,Broad-leaved forest,2.0,2.0
S2B_MSIL2A_20180422T093029_N9999_R136_T34TEQ_56_62,Broad-leaved forest,2.0,2.0
S2B_MSIL2A_20180422T093029_N9999_R136_T34TEQ_57_53,Broad-leaved forest,2.0,2.0
S2B_MSIL2A_20180422T093029_N9999_R136_T34TEQ_58_55,Broad-leaved forest,2.0,2.0
S2B_MSIL2A_20180422T093029_N9999_R136_T34TEQ_58_71,Broad-leaved forest,2.0,2.0
S2B_MSIL2A_20180422T093029_N9999_R136_T34TEQ_60_48,Broad-leaved forest,2.0,2.0
S2B_MSIL2A_20180422T093029_N9999_R136_T34TEQ_60_63,Broad-leaved forest,2.0,2.0
S2B_MSIL2A_20180422T093029_N9999_R136_T34TEQ_62_53,Broad-leaved forest,2.0,2.0
S2B_MSIL2A_20180422T093029_N9999_R136_T34TEQ_63_55,Broad-leaved forest,2.0,2.0
S2B_MSIL2A_20180422T093029_N9999_R136_T34TEQ_68_60,Broad-leaved forest,2.0,2.0
S2B_MSIL2A_20180422T093029_N9999_R136_T34TEQ_70_88,Broad-leaved forest,2.0,0.0
S2B_MSIL2A_20180422T093029_N9999_R136_T34TEQ_70_90,Broad-leaved forest,2.0,2.0
S2B_MSIL2A_20180422T093029_N9999_R136_T34TEQ_71_63,Broad-leaved forest,2.0,2.0
S2B_MSIL2A_20180422T093029_N9999_R136_T34TEQ_73_74,Broad-leaved forest,2.0,2.0
S2B_MSIL2A_20180422T093029_N9999_R136_T34TEQ_75_73,Broad-leaved forest,2.0,2.0
S2B_MSIL2A_20180422T093029_N9999_R136_T34TEQ_75_84,Broad-leaved forest,2.0,2.0
S2B_MSIL2A_20180422T093029_N9999_R136_T34TEQ_76_83,Broad-leaved forest,2.0,2.0
S2B_MSIL2A_20180422T093029_N9999_R136_T34TEQ_77_71,Broad-leaved forest,2.0,2.0
S2B_MSIL2A_20180422T093029_N9999_R136_T34TEQ_80_83,Broad-leaved forest,2.0,4.0
S2B_MSIL2A_20180422T093029_N9999_R136_T34TEQ_83_69,Broad-leaved forest,2.0,2.0
S2B_MSIL2A_20180422T093029_N9999_R136_T34TEQ_84_77,Broad-leaved forest,2.0,2.0
S2B_MSIL2A_20180422T093029_N9999_R136_T34TEQ_84_88,Broad-leaved forest,2.0,2.0
S2B_MSIL2A_20180422T093029_N9999_R136_T34TEQ_85_49,Broad-leaved forest,2.0,2.0
S2B_MSIL2A_20180422T093029_N9999_R136_T34TEQ_85_77,Broad-leaved forest,2.0,2.0
S2B_MSIL2A_20180422T093029_N9999_R136_T34TEQ_87_54,Broad-leaved forest,2.0,2.0
S2B_MSIL2A_20180422T093029_N9999_R136_T34TEQ_88_62,Broad-leaved forest,2.0,2.0
S2B_MSIL2A_20180422T093029_N9999_R136_T34TEQ_88_64,Broad-leaved forest,2.0,2.0
S2B_MSIL2A_20180422T093029_N9999_R136_T34TEQ_88_66,Broad-leaved forest,2.0,2.0
S2B_MSIL2A_20180422T093029_N9999_R136_T34TEQ_88_80,Complex cultivation patterns,5.0,2.0
S2B_MSIL2A_20180422T093029_N9999_R136_T34TEQ_89_54,Broad-leaved forest,2.0,2.0
S2B_MSIL2A_20180422T093029_N9999_R136_T34TEQ_89_69,Broad-leaved forest,2.0,2.0
S2B_MSIL2A_20180422T093029_N9999_R136_T34TEQ_90_63,Broad-leaved forest,2.0,2.0
S2B_MSIL2A_20180422T093029_N9999_R136_T34TEQ_90_64,Broad-leaved forest,2.0,2.0
S2B_MSIL2A_20180428T095029_N9999_R079_T33TXN_02_35,Arable land,0.0,0.0
S2B_MSIL2A_20180428T095029_N9999_R079_T33TXN_02_77,Arable land,0.0,0.0
S2B_MSIL2A_20180428T095029_N9999_R079_T33TXN_03_39,Arable land,0.0,0.0
S2B_MSIL2A_20180428T095029_N9999_R079_T33TXN_06_76,Arable land,0.0,0.0
S2B_MSIL2A_20180428T095029_N9999_R079_T33TXN_08_42,Broad-leaved forest,2.0,2.0
S2B_MSIL2A_20180428T095029_N9999_R079_T33TXN_08_65,Arable land,0.0,0.0
S2B_MSIL2A_20180428T095029_N9999_R079_T33TXN_09_34,Broad-leaved forest,2.0,0.0
S2B_MSIL2A_20180428T095029_N9999_R079_T33TXN_10_33,Arable land,0.0,0.0
S2B_MSIL2A_20180428T095029_N9999_R079_T33TXN_10_36,Arable land,0.0,0.0
S2B_MSIL2A_20180428T095029_N9999_R079_T33TXN_11_26,Arable land,0.0,0.0
S2B_MSIL2A_20180428T095029_N9999_R079_T33TXN_14_27,Arable land,0.0,0.0
S2B_MSIL2A_20180428T095029_N9999_R079_T33TXN_15_05,Arable land,0.0,0.0
S2B_MSIL2A_20180428T095029_N9999_R079_T33TXN_16_26,Arable land,0.0,0.0
S2B_MSIL2A_20180428T095029_N9999_R079_T33TXN_17_01,Arable land,0.0,0.0
S2B_MSIL2A_20180428T095029_N9999_R079_T33TXN_23_06,Inland waters,6.0,6.0
S2B_MSIL2A_20180428T095029_N9999_R079_T33TXN_28_12,Inland waters,6.0,6.0
S2B_MSIL2A_20180428T095029_N9999_R079_T33TXN_30_04,Arable land,0.0,0.0
S2B_MSIL2A_20180502T093039_N9999_R136_T34TEP_00_28,Broad-leaved forest,2.0,0.0
S2B_MSIL2A_20180502T093039_N9999_R136_T34TEP_00_58,Arable land,0.0,0.0
S2B_MSIL2A_20180502T093039_N9999_R136_T34TEP_00_78,Broad-leaved forest,2.0,2.0
S2B_MSIL2A_20180502T093039_N9999_R136_T34TEP_01_37,Broad-leaved forest,2.0,2.0
S2B_MSIL2A_20180502T093039_N9999_R136_T34TEP_02_06,Arable land,0.0,0.0
S2B_MSIL2A_20180502T093039_N9999_R136_T34TEP_02_73,Broad-leaved forest,2.0,0.0
S2B_MSIL2A_20180502T093039_N9999_R136_T34TEP_03_69,Broad-leaved forest,2.0,2.0
S2B_MSIL2A_20180502T093039_N9999_R136_T34TEP_04_16,Broad-leaved forest,2.0,2.0
S2B_MSIL2A_20180502T093039_N9999_R136_T34TEP_04_36,Broad-leaved forest,2.0,2.0
S2B_MSIL2A_20180502T093039_N9999_R136_T34TEP_05_18,Broad-leaved forest,2.0,2.0
S2B_MSIL2A_20180502T093039_N9999_R136_T34TEP_05_64,Arable land,0.0,0.0
S2B_MSIL2A_20180502T093039_N9999_R136_T34TEP_06_21,Broad-leaved forest,2.0,2.0
S2B_MSIL2A_20180502T093039_N9999_R136_T34TEP_06_47,Broad-leaved forest,2.0,0.0
S2B_MSIL2A_20180502T093039_N9999_R136_T34TEP_07_69,Broad-leaved forest,2.0,0.0
S2B_MSIL2A_20180502T093039_N9999_R136_T34TEP_08_07,Complex cultivation patterns,5.0,0.0
S2B_MSIL2A_20180502T093039_N9999_R136_T34TEP_08_38,Arable land,0.0,0.0
S2B_MSIL2A_20180502T093039_N9999_R136_T34TEP_08_48,Broad-leaved forest,2.0,2.0
S2B_MSIL2A_20180502T093039_N9999_R136_T34TEP_08_60,Arable land,0.0,0.0
S2B_MSIL2A_20180502T093039_N9999_R136_T34TEP_09_04,Arable land,0.0,0.0
S2B_MSIL2A_20180502T093039_N9999_R136_T34TEP_09_44,Broad-leaved forest,2.0,0.0
S2B_MSIL2A_20180502T093039_N9999_R136_T34TEP_10_07,Broad-leaved forest,2.0,0.0
S2B_MSIL2A_20180502T093039_N9999_R136_T34TEP_10_51,Broad-leaved forest,2.0,0.0
S2B_MSIL2A_20180502T093039_N9999_R136_T34TEP_10_70,Arable land,0.0,0.0
S2B_MSIL2A_20180502T093039_N9999_R136_T34TEP_10_74,Arable land,0.0,0.0
S2B_MSIL2A_20180502T093039_N9999_R136_T34TEP_10_79,Broad-leaved forest,2.0,0.0
S2B_MSIL2A_20180502T093039_N9999_R136_T34TEP_11_77,Arable land,0.0,0.0
S2B_MSIL2A_20180502T093039_N9999_R136_T34TEP_13_42,Broad-leaved forest,2.0,2.0
S2B_MSIL2A_20180502T093039_N9999_R136_T34TEP_13_43,Broad-leaved forest,2.0,2.0
S2B_MSIL2A_20180502T093039_N9999_R136_T34TEP_13_60,Arable land,0.0,0.0
S2B_MSIL2A_20180502T093039_N9999_R136_T34TEP_14_05,Arable land,0.0,2.0
S2B_MSIL2A_20180502T093039_N9999_R136_T34TEP_14_12,Broad-leaved forest,2.0,0.0
S2B_MSIL2A_20180502T093039_N9999_R136_T34TEP_14_17,Arable land,0.0,0.0
S2B_MSIL2A_20180502T093039_N9999_R136_T34TEP_14_55,Arable land,0.0,0.0
S2B_MSIL2A_20180502T093039_N9999_R136_T34TEP_15_64,Arable land,0.0,0.0
S2B_MSIL2A_20180502T093039_N9999_R136_T34TEP_15_69,Arable land,0.0,0.0
S2B_MSIL2A_20180502T093039_N9999_R136_T34TEP_16_32,Arable land,0.0,0.0
S2B_MSIL2A_20180502T093039_N9999_R136_T34TEP_16_75,Arable land,0.0,0.0
S2B_MSIL2A_20180502T093039_N9999_R136_T34TEP_17_21,Arable land,0.0,0.0
S2B_MSIL2A_20180502T093039_N9999_R136_T34TEP_17_30,Broad-leaved forest,2.0,2.0
S2B_MSIL2A_20180502T093039_N9999_R136_T34TEP_17_82,Broad-leaved forest,2.0,2.0
S2B_MSIL2A_20180502T093039_N9999_R136_T34TEP_17_89,Complex cultivation patterns,5.0,0.0
S2B_MSIL2A_20180502T093039_N9999_R136_T34TEP_18_29,Broad-leaved forest,2.0,2.0
S2B_MSIL2A_20180502T093039_N9999_R136_T34TEP_18_47,Arable land,0.0,0.0
S2B_MSIL2A_20180502T093039_N9999_R136_T34TEP_21_67,Arable land,0.0,0.0
S2B_MSIL2A_20180502T093039_N9999_R136_T34TEP_22_02,Arable land,0.0,0.0
S2B_MSIL2A_20180502T093039_N9999_R136_T34TEP_22_11,Arable land,0.0,0.0
S2B_MSIL2A_20180502T093039_N9999_R136_T34TEP_22_58,Arable land,0.0,0.0
S2B_MSIL2A_20180502T093039_N9999_R136_T34TEP_23_07,Broad-leaved forest,2.0,0.0
S2B_MSIL2A_20180502T093039_N9999_R136_T34TEP_23_16,Broad-leaved forest,2.0,0.0
S2B_MSIL2A_20180502T093039_N9999_R136_T34TEP_23_53,Arable land,0.0,0.0
S2B_MSIL2A_20180502T093039_N9999_R136_T34TEP_24_75,Broad-leaved forest,2.0,2.0
S2B_MSIL2A_20180502T093039_N9999_R136_T34TEP_24_87,Broad-leaved forest,2.0,0.0
S2B_MSIL2A_20180502T093039_N9999_R136_T34TEP_26_02,Broad-leaved forest,2.0,0.0
S2B_MSIL2A_20180502T093039_N9999_R136_T34TEP_28_26,Arable land,0.0,0.0
S2B_MSIL2A_20180502T093039_N9999_R136_T34TEP_28_56,Broad-leaved forest,2.0,2.0
S2B_MSIL2A_20180502T093039_N9999_R136_T34TEP_28_61,Broad-leaved forest,2.0,0.0
S2B_MSIL2A_20180502T093039_N9999_R136_T34TEP_30_85,Broad-leaved forest,2.0,0.0
S2B_MSIL2A_20180502T093039_N9999_R136_T34TEP_31_27,Arable land,0.0,0.0
S2B_MSIL2A_20180502T093039_N9999_R136_T34TEP_32_43,Arable land,0.0,0.0
S2B_MSIL2A_20180502T093039_N9999_R136_T34TEP_32_60,Broad-leaved forest,2.0,2.0
S2B_MSIL2A_20180502T093039_N9999_R136_T34TEP_32_74,Broad-leaved forest,2.0,2.0
S2B_MSIL2A_20180502T093039_N9999_R136_T34TEP_33_83,Broad-leaved forest,2.0,2.0
S2B_MSIL2A_20180502T093039_N9999_R136_T34TEP_34_16,Broad-leaved forest,2.0,2.0
S2B_MSIL2A_20180502T093039_N9999_R136_T34TEP_34_54,Broad-leaved forest,2.0,2.0
S2B_MSIL2A_20180502T093039_N9999_R136_T34TEP_35_05,Broad-leaved forest,2.0,2.0
S2B_MSIL2A_20180502T093039_N9999_R136_T34TEP_35_14,Broad-leaved forest,2.0,2.0
S2B_MSIL2A_20180502T093039_N9999_R136_T34TEP_35_21,Broad-leaved forest,2.0,2.0
S2B_MSIL2A_20180502T093039_N9999_R136_T34TEP_37_38,Broad-leaved forest,2.0,2.0
S2B_MSIL2A_20180502T093039_N9999_R136_T34TEP_37_51,Arable land,0.0,0.0
S2B_MSIL2A_20180502T093039_N9999_R136_T34TEP_37_58,Arable land,0.0,0.0
S2B_MSIL2A_20180502T093039_N9999_R136_T34TEP_38_11,Broad-leaved forest,2.0,0.0
S2B_MSIL2A_20180502T093039_N9999_R136_T34TEP_39_48,Arable land,0.0,0.0
S2B_MSIL2A_20180502T093039_N9999_R136_T34TEP_40_27,Broad-leaved forest,2.0,2.0
S2B_MSIL2A_20180502T093039_N9999_R136_T34TEP_40_28,Broad-leaved forest,2.0,2.0
S2B_MSIL2A_20180502T093039_N9999_R136_T34TEP_40_33,Broad-leaved forest,2.0,2.0
S2B_MSIL2A_20180502T093039_N9999_R136_T34TEP_40_41,Broad-leaved forest,2.0,2.0
S2B_MSIL2A_20180502T093039_N9999_R136_T34TEP_40_63,Arable land,0.0,0.0
S2B_MSIL2A_20180502T093039_N9999_R136_T34TEP_40_64,Arable land,0.0,0.0
S2B_MSIL2A_20180502T093039_N9999_R136_T34TEP_41_43,Broad-leaved forest,2.0,0.0
S2B_MSIL2A_20180502T093039_N9999_R136_T34TEP_42_06,Broad-leaved forest,2.0,2.0
S2B_MSIL2A_20180502T093039_N9999_R136_T34TEP_42_45,Broad-leaved forest,2.0,2.0
S2B_MSIL2A_20180502T093039_N9999_R136_T34TEP_42_72,Arable land,0.0,2.0
S2B_MSIL2A_20180502T093039_N9999_R136_T34TEP_43_02,Broad-leaved forest,2.0,2.0
S2B_MSIL2A_20180502T093039_N9999_R136_T34TEP_43_43,Broad-leaved forest,2.0,2.0
S2B_MSIL2A_20180502T093039_N9999_R136_T34TEP_44_71,Arable land,0.0,0.0
S2B_MSIL2A_20180502T093039_N9999_R136_T34TEP_44_77,Broad-leaved forest,2.0,2.0
S2B_MSIL2A_20180502T093039_N9999_R136_T34TEP_45_42,Broad-leaved forest,2.0,2.0
S2B_MSIL2A_20180502T093039_N9999_R136_T34TEP_45_70,Arable land,0.0,2.0
S2B_MSIL2A_20180502T093039_N9999_R136_T34TEP_46_11,Broad-leaved forest,2.0,2.0
S2B_MSIL2A_20180502T093039_N9999_R136_T34TEP_46_85,Complex cultivation patterns,5.0,0.0
S2B_MSIL2A_20180502T093039_N9999_R136_T34TEP_47_07,Broad-leaved forest,2.0,2.0
S2B_MSIL2A_20180502T093039_N9999_R136_T34TEP_47_28,Broad-leaved forest,2.0,2.0
S2B_MSIL2A_20180502T093039_N9999_R136_T34TEP_47_34,Broad-leaved forest,2.0,2.0
S2B_MSIL2A_20180502T093039_N9999_R136_T34TEP_47_54,Broad-leaved forest,2.0,2.0
S2B_MSIL2A_20180502T093039_N9999_R136_T34TEP_47_90,Arable land,0.0,0.0
S2B_MSIL2A_20180502T093039_N9999_R136_T34TEP_48_50,Broad-leaved forest,2.0,2.0
S2B_MSIL2A_20180502T093039_N9999_R136_T34TEP_48_52,Broad-leaved forest,2.0,2.0
S2B_MSIL2A_20180502T093039_N9999_R136_T34TEP_50_43,Broad-leaved forest,2.0,2.0
S2B_MSIL2A_20180502T093039_N9999_R136_T34TEP_50_44,Broad-leaved forest,2.0,2.0
S2B_MSIL2A_20180502T093039_N9999_R136_T34TEP_50_48,Broad-leaved forest,2.0,2.0
S2B_MSIL2A_20180502T093039_N9999_R136_T34TEP_53_39,Broad-leaved forest,2.0,2.0
S2B_MSIL2A_20180502T093039_N9999_R136_T34TEP_53_71,Arable land,0.0,0.0
S2B_MSIL2A_20180502T093039_N9999_R136_T34TEP_54_03,Broad-leaved forest,2.0,0.0
S2B_MSIL2A_20180502T093039_N9999_R136_T34TEP_54_26,Broad-leaved forest,2.0,2.0
S2B_MSIL2A_20180502T093039_N9999_R136_T34TEP_54_28,Broad-leaved forest,2.0,2.0
S2B_MSIL2A_20180502T093039_N9999_R136_T34TEP_54_54,Arable land,0.0,0.0
S2B_MSIL2A_20180502T093039_N9999_R136_T34TEP_56_14,Broad-leaved forest,2.0,2.0
S2B_MSIL2A_20180502T093039_N9999_R136_T34TEP_57_18,Broad-leaved forest,2.0,2.0
S2B_MSIL2A_20180502T093039_N9999_R136_T34TEP_57_32,Broad-leaved forest,2.0,2.0
S2B_MSIL2A_20180502T093039_N9999_R136_T34TEP_57_69,Arable land,0.0,0.0
S2B_MSIL2A_20180502T093039_N9999_R136_T34TEP_57_74,Arable land,0.0,0.0
S2B_MSIL2A_20180502T093039_N9999_R136_T34TEP_57_76,Arable land,0.0,2.0
S2B_MSIL2A_20180502T093039_N9999_R136_T34TEP_57_81,Arable land,0.0,0.0
S2B_MSIL2A_20180502T093039_N9999_R136_T34TEP_58_43,Broad-leaved forest,2.0,0.0
S2B_MSIL2A_20180502T093039_N9999_R136_T34TEP_58_47,Broad-leaved forest,2.0,0.0
S2B_MSIL2A_20180502T093039_N9999_R136_T34TEP_58_62,Broad-leaved forest,2.0,2.0
S2B_MSIL2A_20180502T093039_N9999_R136_T34TEP_59_53,Arable land,0.0,2.0
S2B_MSIL2A_20180502T093039_N9999_R136_T34TEP_59_63,Broad-leaved forest,2.0,2.0
S2B_MSIL2A_20180502T093039_N9999_R136_T34TEP_59_81,Arable land,0.0,0.0
S2B_MSIL2A_20180502T093039_N9999_R136_T34TEP_59_86,Industrial or commercial units,11.0,0.0
S2B_MSIL2A_20180502T093039_N9999_R136_T34TEP_60_03,Broad-leaved forest,2.0,2.0
S2B_MSIL2A_20180502T093039_N9999_R136_T34TEP_61_07,Broad-leaved forest,2.0,0.0
S2B_MSIL2A_20180502T093039_N9999_R136_T34TEP_61_24,Broad-leaved forest,2.0,2.0
S2B_MSIL2A_20180502T093039_N9999_R136_T34TEP_61_85,Inland waters,6.0,0.0
S2B_MSIL2A_20180502T093039_N9999_R136_T34TEP_63_04,Broad-leaved forest,2.0,2.0
S2B_MSIL2A_20180502T093039_N9999_R136_T34TEP_63_35,Arable land,0.0,0.0
S2B_MSIL2A_20180502T093039_N9999_R136_T34TEP_64_37,Arable land,0.0,0.0
S2B_MSIL2A_20180502T093039_N9999_R136_T34TEP_64_79,Broad-leaved forest,2.0,2.0
S2B_MSIL2A_20180502T093039_N9999_R136_T34TEP_65_42,Arable land,0.0,2.0
S2B_MSIL2A_20180502T093039_N9999_R136_T34TEP_65_64,Broad-leaved forest,2.0,2.0
S2B_MSIL2A_20180502T093039_N9999_R136_T34TEP_66_20,Broad-leaved forest,2.0,2.0
S2B_MSIL2A_20180502T093039_N9999_R136_T34TEP_66_80,Broad-leaved forest,2.0,2.0
S2B_MSIL2A_20180502T093039_N9999_R136_T34TEP_67_69,Complex cultivation patterns,5.0,0.0
S2B_MSIL2A_20180502T093039_N9999_R136_T34TEP_68_28,Broad-leaved forest,2.0,0.0
S2B_MSIL2A_20180502T093039_N9999_R136_T34TEP_69_05,Broad-leaved forest,2.0,2.0
S2B_MSIL2A_20180502T093039_N9999_R136_T34TEP_70_22,Broad-leaved forest,2.0,2.0
S2B_MSIL2A_20180502T093039_N9999_R136_T34TEP_71_04,Broad-leaved forest,2.0,2.0
S2B_MSIL2A_20180502T093039_N9999_R136_T34TEP_71_08,Broad-leaved forest,2.0,2.0
S2B_MSIL2A_20180502T093039_N9999_R136_T34TEP_71_74,Arable land,0.0,0.0
S2B_MSIL2A_20180502T093039_N9999_R136_T34TEP_72_84,Arable land,0.0,0.0
S2B_MSIL2A_20180502T093039_N9999_R136_T34TEP_73_28,Broad-leaved forest,2.0,0.0
S2B_MSIL2A_20180502T093039_N9999_R136_T34TEP_74_01,Broad-leaved forest,2.0,2.0
S2B_MSIL2A_20180502T093039_N9999_R136_T34TEP_74_26,Broad-leaved forest,2.0,0.0
S2B_MSIL2A_20180502T093039_N9999_R136_T34TEP_74_27,Complex cultivation patterns,5.0,2.0
S2B_MSIL2A_20180502T093039_N9999_R136_T34TEP_74_63,Broad-leaved forest,2.0,2.0
S2B_MSIL2A_20180502T093039_N9999_R136_T34TEP_74_69,Broad-leaved forest,2.0,2.0
S2B_MSIL2A_20180502T093039_N9999_R136_T34TEP_74_78,Complex cultivation patterns,5.0,0.0
S2B_MSIL2A_20180502T093039_N9999_R136_T34TEP_74_89,Arable land,0.0,2.0
S2B_MSIL2A_20180502T093039_N9999_R136_T34TEP_75_27,Broad-leaved forest,2.0,0.0
S2B_MSIL2A_20180502T093039_N9999_R136_T34TEP_76_20,Broad-leaved forest,2.0,0.0
S2B_MSIL2A_20180502T093039_N9999_R136_T34TEP_76_68,Broad-leaved forest,2.0,2.0
S2B_MSIL2A_20180502T093039_N9999_R136_T34TEP_77_16,Broad-leaved forest,2.0,0.0
S2B_MSIL2A_20180502T093039_N9999_R136_T34TEP_77_31,Arable land,0.0,2.0
S2B_MSIL2A_20180502T093039_N9999_R136_T34TEP_78_13,Broad-leaved forest,2.0,0.0
S2B_MSIL2A_20180502T093039_N9999_R136_T34TEP_78_38,Broad-leaved forest,2.0,2.0
S2B_MSIL2A_20180502T093039_N9999_R136_T34TEP_79_16,Broad-leaved forest,2.0,0.0
S2B_MSIL2A_20180502T093039_N9999_R136_T34TEP_79_22,Broad-leaved forest,2.0,2.0
S2B_MSIL2A_20180502T093039_N9999_R136_T34TEP_79_36,Broad-leaved forest,2.0,0.0
S2B_MSIL2A_20180502T093039_N9999_R136_T34TEP_79_84,Broad-leaved forest,2.0,2.0
S2B_MSIL2A_20180502T093039_N9999_R136_T34TEP_80_44,Broad-leaved forest,2.0,2.0
S2B_MSIL2A_20180502T093039_N9999_R136_T34TEP_80_69,Broad-leaved forest,2.0,2.0
S2B_MSIL2A_20180502T093039_N9999_R136_T34TEP_80_71,Broad-leaved forest,2.0,2.0
S2B_MSIL2A_20180502T093039_N9999_R136_T34TEP_81_63,Complex cultivation patterns,5.0,0.0
S2B_MSIL2A_20180502T093039_N9999_R136_T34TEP_81_83,Broad-leaved forest,2.0,2.0
S2B_MSIL2A_20180502T093039_N9999_R136_T34TEP_82_51,Broad-leaved forest,2.0,0.0
S2B_MSIL2A_20180502T093039_N9999_R136_T34TEP_83_55,Broad-leaved forest,2.0,2.0
S2B_MSIL2A_20180502T093039_N9999_R136_T34TEP_84_41,Broad-leaved forest,2.0,0.0
S2B_MSIL2A_20180502T093039_N9999_R136_T34TEP_85_07,Broad-leaved forest,2.0,2.0
S2B_MSIL2A_20180502T093039_N9999_R136_T34TEP_85_14,Arable land,0.0,0.0
S2B_MSIL2A_20180502T093039_N9999_R136_T34TEP_85_75,Broad-leaved forest,2.0,2.0
S2B_MSIL2A_20180502T093039_N9999_R136_T34TEP_86_06,Complex cultivation patterns,5.0,0.0
S2B_MSIL2A_20180502T093039_N9999_R136_T34TEP_86_19,Broad-leaved forest,2.0,2.0
S2B_MSIL2A_20180502T093039_N9999_R136_T34TEP_87_25,Complex cultivation patterns,5.0,0.0
S2B_MSIL2A_20180502T093039_N9999_R136_T34TEP_87_36,Arable land,0.0,0.0
S2B_MSIL2A_20180502T093039_N9999_R136_T34TEP_88_00,Broad-leaved forest,2.0,2.0
S2B_MSIL2A_20180502T093039_N9999_R136_T34TEP_88_12,Arable land,0.0,0.0
S2B_MSIL2A_20180502T093039_N9999_R136_T34TEP_88_18,Broad-leaved forest,2.0,0.0
S2B_MSIL2A_20180502T093039_N9999_R136_T34TEP_88_46,Arable land,0.0,2.0
S2B_MSIL2A_20180502T093039_N9999_R136_T34TEP_88_47,Broad-leaved forest,2.0,2.0
S2B_MSIL2A_20180502T093039_N9999_R136_T34TEP_88_73,Broad-leaved forest,2.0,2.0
S2B_MSIL2A_20180502T093039_N9999_R136_T34TEP_88_80,Arable land,0.0,2.0
S2B_MSIL2A_20180502T093039_N9999_R136_T34TEP_89_09,Arable land,0.0,0.0
S2B_MSIL2A_20180502T093039_N9999_R136_T34TEP_89_22,Arable land,0.0,0.0
S2B_MSIL2A_20180502T093039_N9999_R136_T34TEP_89_33,Arable land,0.0,2.0
S2B_MSIL2A_20180502T093039_N9999_R136_T34TEP_90_19,Broad-leaved forest,2.0,2.0
S2B_MSIL2A_20180502T093039_N9999_R136_T34TEP_90_57,Broad-leaved forest,2.0,2.0
S2B_MSIL2A_20180506T105029_N9999_R051_T31UER_23_02,Arable land,0.0,0.0
S2B_MSIL2A_20180506T105029_N9999_R051_T31UER_27_00,Arable land,0.0,0.0
S2B_MSIL2A_20180506T105029_N9999_R051_T31UER_33_00,Arable land,0.0,0.0
S2B_MSIL2A_20180506T105029_N9999_R051_T31UER_38_05,Broad-leaved forest,2.0,0.0
S2B_MSIL2A_20180506T105029_N9999_R051_T31UER_40_06,Arable land,0.0,0.0
S2B_MSIL2A_20180506T105029_N9999_R051_T31UER_43_04,Broad-leaved forest,2.0,1.0
S2B_MSIL2A_20180506T105029_N9999_R051_T31UER_45_08,Arable land,0.0,0.0
S2B_MSIL2A_20180506T105029_N9999_R051_T31UER_45_13,Complex cultivation patterns,5.0,0.0
S2B_MSIL2A_20180506T105029_N9999_R051_T31UER_48_05,Broad-leaved forest,2.0,0.0
S2B_MSIL2A_20180506T105029_N9999_R051_T31UER_53_08,Complex cultivation patterns,5.0,0.0
S2B_MSIL2A_20180506T105029_N9999_R051_T31UER_58_00,Arable land,0.0,0.0
S2B_MSIL2A_20180506T105029_N9999_R051_T31UER_58_05,Arable land,0.0,0.0
S2B_MSIL2A_20180506T105029_N9999_R051_T31UER_58_17,Arable land,0.0,0.0
S2B_MSIL2A_20180506T105029_N9999_R051_T31UER_59_05,Arable land,0.0,0.0
S2B_MSIL2A_20180506T105029_N9999_R051_T31UER_63_08,Arable land,0.0,0.0
S2B_MSIL2A_20180506T105029_N9999_R051_T31UER_63_15,Arable land,0.0,0.0
S2B_MSIL2A_20180506T105029_N9999_R051_T31UER_66_19,Arable land,0.0,0.0
S2B_MSIL2A_20180506T105029_N9999_R051_T31UER_67_25,Broad-leaved forest,2.0,0.0
S2B_MSIL2A_20180506T105029_N9999_R051_T31UER_69_18,Arable land,0.0,0.0
S2B_MSIL2A_20180506T105029_N9999_R051_T31UER_69_33,Broad-leaved forest,2.0,0.0
S2B_MSIL2A_20180506T105029_N9999_R051_T31UER_70_32,Broad-leaved forest,2.0,0.0
S2B_MSIL2A_20180506T105029_N9999_R051_T31UER_72_50,Arable land,0.0,0.0
S2B_MSIL2A_20180506T105029_N9999_R051_T31UER_73_36,Broad-leaved forest,2.0,2.0
S2B_MSIL2A_20180506T105029_N9999_R051_T31UER_74_12,Arable land,0.0,0.0
S2B_MSIL2A_20180506T105029_N9999_R051_T31UER_74_29,Arable land,0.0,0.0
S2B_MSIL2A_20180506T105029_N9999_R051_T31UER_74_40,Broad-leaved forest,2.0,2.0
S2B_MSIL2A_20180506T105029_N9999_R051_T31UER_75_11,Arable land,0.0,0.0
S2B_MSIL2A_20180506T105029_N9999_R051_T31UER_76_04,Arable land,0.0,0.0
S2B_MSIL2A_20180506T105029_N9999_R051_T31UER_76_10,Arable land,0.0,0.0
S2B_MSIL2A_20180506T105029_N9999_R051_T31UER_77_36,Complex cultivation patterns,5.0,0.0
S2B_MSIL2A_20180506T105029_N9999_R051_T31UER_79_27,Arable land,0.0,0.0
S2B_MSIL2A_20180506T105029_N9999_R051_T31UER_79_52,Arable land,0.0,0.0
S2B_MSIL2A_20180506T105029_N9999_R051_T31UER_82_42,Broad-leaved forest,2.0,2.0
S2B_MSIL2A_20180506T105029_N9999_R051_T31UER_83_36,Broad-leaved forest,2.0,0.0
S2B_MSIL2A_20180506T105029_N9999_R051_T31UER_83_47,Broad-leaved forest,2.0,0.0
S2B_MSIL2A_20180506T105029_N9999_R051_T31UER_84_01,Arable land,0.0,0.0
S2B_MSIL2A_20180506T105029_N9999_R051_T31UER_85_44,Complex cultivation patterns,5.0,0.0
S2B_MSIL2A_20180506T105029_N9999_R051_T31UER_86_15,Broad-leaved forest,2.0,0.0
S2B_MSIL2A_20180506T105029_N9999_R051_T31UER_86_49,Broad-leaved forest,2.0,2.0
S2B_MSIL2A_20180506T105029_N9999_R051_T31UER_88_07,Arable land,0.0,0.0
S2B_MSIL2A_20180506T105029_N9999_R051_T31UER_88_16,Arable land,0.0,0.0
S2B_MSIL2A_20180506T105029_N9999_R051_T31UER_88_37,Broad-leaved forest,2.0,2.0
S2B_MSIL2A_20180509T092029_N9999_R093_T34TFN_00_56,Broad-leaved forest,2.0,2.0
S2B_MSIL2A_20180509T092029_N9999_R093_T34TFN_00_61,Broad-leaved forest,2.0,2.0
S2B_MSIL2A_20180509T092029_N9999_R093_T34TFN_00_85,Broad-leaved forest,2.0,7.0
S2B_MSIL2A_20180509T092029_N9999_R093_T34TFN_01_30,Broad-leaved forest,2.0,2.0
S2B_MSIL2A_20180509T092029_N9999_R093_T34TFN_02_19,Broad-leaved forest,2.0,2.0
S2B_MSIL2A_20180509T092029_N9999_R093_T34TFN_02_71,Broad-leaved forest,2.0,4.0
S2B_MSIL2A_20180509T092029_N9999_R093_T34TFN_03_69,Broad-leaved forest,2.0,0.0
S2B_MSIL2A_20180509T092029_N9999_R093_T34TFN_04_12,Complex cultivation patterns,5.0,0.0
S2B_MSIL2A_20180509T092029_N9999_R093_T34TFN_04_20,Broad-leaved forest,2.0,2.0
S2B_MSIL2A_20180509T092029_N9999_R093_T34TFN_04_81,Broad-leaved forest,2.0,2.0
S2B_MSIL2A_20180509T092029_N9999_R093_T34TFN_06_03,Broad-leaved forest,2.0,2.0
S2B_MSIL2A_20180509T092029_N9999_R093_T34TFN_06_44,Broad-leaved forest,2.0,2.0
S2B_MSIL2A_20180509T092029_N9999_R093_T34TFN_07_32,Broad-leaved forest,2.0,2.0
S2B_MSIL2A_20180509T092029_N9999_R093_T34TFN_08_09,Arable land,0.0,0.0
S2B_MSIL2A_20180509T092029_N9999_R093_T34TFN_08_13,Broad-leaved forest,2.0,2.0
S2B_MSIL2A_20180509T092029_N9999_R093_T34TFN_09_70,Complex cultivation patterns,5.0,2.0
S2B_MSIL2A_20180509T092029_N9999_R093_T34TFN_10_65,Broad-leaved forest,2.0,2.0
S2B_MSIL2A_20180509T092029_N9999_R093_T34TFN_10_83,Broad-leaved forest,2.0,2.0
S2B_MSIL2A_20180509T092029_N9999_R093_T34TFN_11_44,Broad-leaved forest,2.0,2.0
S2B_MSIL2A_20180509T092029_N9999_R093_T34TFN_12_17,Broad-leaved forest,2.0,0.0
S2B_MSIL2A_20180509T092029_N9999_R093_T34TFN_13_40,Broad-leaved forest,2.0,2.0
S2B_MSIL2A_20180509T092029_N9999_R093_T34TFN_14_06,Broad-leaved forest,2.0,2.0
S2B_MSIL2A_20180509T092029_N9999_R093_T34TFN_14_08,Broad-leaved forest,2.0,2.0
S2B_MSIL2A_20180509T092029_N9999_R093_T34TFN_14_36,Broad-leaved forest,2.0,0.0
S2B_MSIL2A_20180509T092029_N9999_R093_T34TFN_14_57,Broad-leaved forest,2.0,2.0
S2B_MSIL2A_20180509T092029_N9999_R093_T34TFN_15_03,Broad-leaved forest,2.0,2.0
S2B_MSIL2A_20180509T092029_N9999_R093_T34TFN_15_39,Broad-leaved forest,2.0,2.0
S2B_MSIL2A_20180509T092029_N9999_R093_T34TFN_15_75,Broad-leaved forest,2.0,2.0
S2B_MSIL2A_20180509T092029_N9999_R093_T34TFN_18_00,Broad-leaved forest,2.0,2.0
S2B_MSIL2A_20180509T092029_N9999_R093_T34TFN_18_74,Arable land,0.0,2.0
S2B_MSIL2A_20180509T092029_N9999_R093_T34TFN_19_81,Broad-leaved forest,2.0,2.0
S2B_MSIL2A_20180509T092029_N9999_R093_T34TFN_21_76,Broad-leaved forest,2.0,4.0
S2B_MSIL2A_20180509T092029_N9999_R093_T34TFN_21_84,Broad-leaved forest,2.0,2.0
S2B_MSIL2A_20180509T092029_N9999_R093_T34TFN_22_40,Broad-leaved forest,2.0,2.0
S2B_MSIL2A_20180509T092029_N9999_R093_T34TFN_24_25,Broad-leaved forest,2.0,2.0
S2B_MSIL2A_20180509T092029_N9999_R093_T34TFN_24_30,Broad-leaved forest,2.0,2.0
S2B_MSIL2A_20180509T092029_N9999_R093_T34TFN_25_16,Arable land,0.0,0.0
S2B_MSIL2A_20180509T092029_N9999_R093_T34TFN_26_03,Broad-leaved forest,2.0,7.0
S2B_MSIL2A_20180509T092029_N9999_R093_T34TFN_28_20,Arable land,0.0,0.0
S2B_MSIL2A_20180509T092029_N9999_R093_T34TFN_29_40,Broad-leaved forest,2.0,2.0
S2B_MSIL2A_20180509T092029_N9999_R093_T34TFN_31_03,Broad-leaved forest,2.0,2.0
S2B_MSIL2A_20180509T092029_N9999_R093_T34TFN_33_33,Broad-leaved forest,2.0,2.0
S2B_MSIL2A_20180509T092029_N9999_R093_T34TFN_36_27,Broad-leaved forest,2.0,7.0
S2B_MSIL2A_20180509T092029_N9999_R093_T34TFN_36_32,Broad-leaved forest,2.0,2.0
S2B_MSIL2A_20180509T092029_N9999_R093_T34TFN_38_02,Broad-leaved forest,2.0,1.0
S2B_MSIL2A_20180509T092029_N9999_R093_T34TFN_38_06,Broad-leaved forest,2.0,2.0
S2B_MSIL2A_20180509T092029_N9999_R093_T34TFN_38_08,Broad-leaved forest,2.0,0.0
S2B_MSIL2A_20180509T092029_N9999_R093_T34TFN_40_05,Broad-leaved forest,2.0,2.0
S2B_MSIL2A_20180509T092029_N9999_R093_T34TFN_41_04,Broad-leaved forest,2.0,2.0
S2B_MSIL2A_20180509T092029_N9999_R093_T34TFN_42_08,Broad-leaved forest,2.0,2.0
S2B_MSIL2A_20180509T092029_N9999_R093_T34TFN_42_19,Broad-leaved forest,2.0,2.0
S2B_MSIL2A_20180509T092029_N9999_R093_T34TFN_45_24,Complex cultivation patterns,5.0,0.0
S2B_MSIL2A_20180511T100029_N9999_R122_T34VDM_00_02,Marine waters,3.0,3.0
S2B_MSIL2A_20180511T100029_N9999_R122_T34VDM_00_06,Marine waters,3.0,3.0
S2B_MSIL2A_20180511T100029_N9999_R122_T34VDM_00_24,Marine waters,3.0,3.0
S2B_MSIL2A_20180511T100029_N9999_R122_T34VDM_04_15,Marine waters,3.0,3.0
S2B_MSIL2A_20180511T100029_N9999_R122_T34VDM_05_16,Marine waters,3.0,3.0
S2B_MSIL2A_20180511T100029_N9999_R122_T34VDM_07_01,Marine waters,3.0,3.0
S2B_MSIL2A_20180511T100029_N9999_R122_T34VDM_07_29,Marine waters,3.0,3.0
S2B_MSIL2A_20180511T100029_N9999_R122_T34VDM_07_40,Marine waters,3.0,3.0
S2B_MSIL2A_20180511T100029_N9999_R122_T34VDM_08_05,Marine waters,3.0,3.0
S2B_MSIL2A_20180511T100029_N9999_R122_T34VDM_08_25,Marine waters,3.0,3.0
S2B_MSIL2A_20180511T100029_N9999_R122_T34VDM_09_14,Marine waters,3.0,3.0
S2B_MSIL2A_20180511T100029_N9999_R122_T34VDM_10_26,Marine waters,3.0,3.0
S2B_MSIL2A_20180511T100029_N9999_R122_T34VDM_10_34,Marine waters,3.0,3.0
S2B_MSIL2A_20180511T100029_N9999_R122_T34VDM_12_26,Marine waters,3.0,3.0
S2B_MSIL2A_20180511T100029_N9999_R122_T34VDM_17_18,Arable land,0.0,0.0
S2B_MSIL2A_20180511T100029_N9999_R122_T34VDM_18_29,Marine waters,3.0,3.0
S2B_MSIL2A_20180511T100029_N9999_R122_T34VDM_19_36,Marine waters,3.0,3.0
S2B_MSIL2A_20180511T100029_N9999_R122_T34VDM_21_03,Marine waters,3.0,3.0
S2B_MSIL2A_20180511T100029_N9999_R122_T34VDM_21_08,Marine waters,3.0,3.0
S2B_MSIL2A_20180511T100029_N9999_R122_T34VDM_22_25,Marine waters,3.0,3.0
S2B_MSIL2A_20180511T100029_N9999_R122_T34VDM_23_44,Marine waters,3.0,3.0
S2B_MSIL2A_20180511T100029_N9999_R122_T34VDM_24_15,Coniferous forest,1.0,0.0
S2B_MSIL2A_20180511T100029_N9999_R122_T34VDM_24_64,Marine waters,3.0,3.0
S2B_MSIL2A_20180511T100029_N9999_R122_T34VDM_25_19,Arable land,0.0,0.0
S2B_MSIL2A_20180511T100029_N9999_R122_T34VDM_25_32,Marine waters,3.0,3.0
S2B_MSIL2A_20180511T100029_N9999_R122_T34VDM_25_44,Marine waters,3.0,3.0
S2B_MSIL2A_20180511T100029_N9999_R122_T34VDM_25_53,Marine waters,3.0,3.0
S2B_MSIL2A_20180511T100029_N9999_R122_T34VDM_26_44,Marine waters,3.0,3.0
S2B_MSIL2A_20180511T100029_N9999_R122_T34VDM_27_68,Marine waters,3.0,3.0
S2B_MSIL2A_20180511T100029_N9999_R122_T34VDM_28_03,Coniferous forest,1.0,0.0
S2B_MSIL2A_20180511T100029_N9999_R122_T34VDM_28_46,Marine waters,3.0,3.0
S2B_MSIL2A_20180511T100029_N9999_R122_T34VDM_31_53,Marine waters,3.0,3.0
S2B_MSIL2A_20180511T100029_N9999_R122_T34VDM_32_24,Arable land,0.0,0.0
S2B_MSIL2A_20180511T100029_N9999_R122_T34VDM_32_42,Marine waters,3.0,3.0
S2B_MSIL2A_20180511T100029_N9999_R122_T34VDM_33_10,Coniferous forest,1.0,0.0
S2B_MSIL2A_20180511T100029_N9999_R122_T34VDM_34_06,Coniferous forest,1.0,0.0
S2B_MSIL2A_20180511T100029_N9999_R122_T34VDM_34_72,Marine waters,3.0,3.0
S2B_MSIL2A_20180511T100029_N9999_R122_T34VDM_36_04,Marine waters,3.0,1.0
S2B_MSIL2A_20180511T100029_N9999_R122_T34VDM_36_66,Marine waters,3.0,3.0
S2B_MSIL2A_20180511T100029_N9999_R122_T34VDM_36_67,Marine waters,3.0,3.0
S2B_MSIL2A_20180511T100029_N9999_R122_T34VDM_37_16,"Land principally occupied by agriculture, with significant areas of natural vegetation",8.0,0.0
S2B_MSIL2A_20180511T100029_N9999_R122_T34VDM_37_47,Marine waters,3.0,3.0
S2B_MSIL2A_20180511T100029_N9999_R122_T34VDM_37_65,Marine waters,3.0,3.0
S2B_MSIL2A_20180511T100029_N9999_R122_T34VDM_38_36,Marine waters,3.0,3.0
S2B_MSIL2A_20180511T100029_N9999_R122_T34VDM_38_39,Marine waters,3.0,3.0
S2B_MSIL2A_20180511T100029_N9999_R122_T34VDM_39_20,Coniferous forest,1.0,0.0
S2B_MSIL2A_20180511T100029_N9999_R122_T34VDM_40_17,Arable land,0.0,0.0
S2B_MSIL2A_20180511T100029_N9999_R122_T34VDM_40_22,Coniferous forest,1.0,3.0
S2B_MSIL2A_20180511T100029_N9999_R122_T34VDM_40_38,Marine waters,3.0,3.0
S2B_MSIL2A_20180511T100029_N9999_R122_T34VDM_40_74,Marine waters,3.0,3.0
S2B_MSIL2A_20180511T100029_N9999_R122_T34VDM_41_31,Coniferous forest,1.0,1.0
S2B_MSIL2A_20180511T100029_N9999_R122_T34VDM_41_39,Marine waters,3.0,3.0
S2B_MSIL2A_20180511T100029_N9999_R122_T34VDM_41_72,Marine waters,3.0,3.0
S2B_MSIL2A_20180511T100029_N9999_R122_T34VDM_42_25,Marine waters,3.0,3.0
S2B_MSIL2A_20180511T100029_N9999_R122_T34VDM_44_01,Marine waters,3.0,3.0
S2B_MSIL2A_20180511T100029_N9999_R122_T34VDM_44_27,Marine waters,3.0,3.0
S2B_MSIL2A_20180511T100029_N9999_R122_T34VDM_45_27,Marine waters,3.0,3.0
S2B_MSIL2A_20180511T100029_N9999_R122_T34VDM_46_31,Marine waters,3.0,3.0
S2B_MSIL2A_20180511T100029_N9999_R122_T34VDM_47_39,Marine waters,3.0,1.0
S2B_MSIL2A_20180511T100029_N9999_R122_T34VDM_48_17,"Land principally occupied by agriculture, with significant areas of natural vegetation",8.0,0.0
S2B_MSIL2A_20180511T100029_N9999_R122_T34VDM_48_29,"Land principally occupied by agriculture, with significant areas of natural vegetation",8.0,0.0
S2B_MSIL2A_20180511T100029_N9999_R122_T34VDM_48_34,Marine waters,3.0,3.0
S2B_MSIL2A_20180511T100029_N9999_R122_T34VDM_48_58,Marine waters,3.0,3.0
S2B_MSIL2A_20180511T100029_N9999_R122_T34VDM_49_60,Marine waters,3.0,3.0
S2B_MSIL2A_20180511T100029_N9999_R122_T34VDM_50_42,Coniferous forest,1.0,0.0
S2B_MSIL2A_20180511T100029_N9999_R122_T34VDM_51_15,Coniferous forest,1.0,3.0
S2B_MSIL2A_20180511T100029_N9999_R122_T34VDM_51_31,Coniferous forest,1.0,3.0
S2B_MSIL2A_20180511T100029_N9999_R122_T34VDM_52_61,Marine waters,3.0,3.0
S2B_MSIL2A_20180511T100029_N9999_R122_T34VDM_53_26,Marine waters,3.0,3.0
S2B_MSIL2A_20180511T100029_N9999_R122_T34VDM_53_52,Marine waters,3.0,3.0
S2B_MSIL2A_20180511T100029_N9999_R122_T34VDM_54_12,Coniferous forest,1.0,1.0
S2B_MSIL2A_20180511T100029_N9999_R122_T34VDM_54_51,Marine waters,3.0,3.0
S2B_MSIL2A_20180511T100029_N9999_R122_T34VDM_55_22,Marine waters,3.0,3.0
S2B_MSIL2A_20180511T100029_N9999_R122_T34VDM_58_19,Marine waters,3.0,3.0
S2B_MSIL2A_20180511T100029_N9999_R122_T34VDM_58_60,Marine waters,3.0,3.0
S2B_MSIL2A_20180511T100029_N9999_R122_T34VDM_59_27,Marine waters,3.0,3.0
S2B_MSIL2A_20180511T100029_N9999_R122_T34VDM_59_51,Marine waters,3.0,3.0
S2B_MSIL2A_20180511T100029_N9999_R122_T34VDM_60_33,Coniferous forest,1.0,2.0
S2B_MSIL2A_20180511T100029_N9999_R122_T34VDM_60_46,Marine waters,3.0,3.0
S2B_MSIL2A_20180511T100029_N9999_R122_T34VDM_60_56,Marine waters,3.0,3.0
S2B_MSIL2A_20180511T100029_N9999_R122_T34VDM_61_11,Marine waters,3.0,3.0
S2B_MSIL2A_20180511T100029_N9999_R122_T34VDM_61_65,Marine waters,3.0,3.0
S2B_MSIL2A_20180511T100029_N9999_R122_T34VDM_63_27,Marine waters,3.0,3.0
S2B_MSIL2A_20180511T100029_N9999_R122_T34VDM_64_17,Marine waters,3.0,3.0
S2B_MSIL2A_20180511T100029_N9999_R122_T34VDM_64_24,Broad-leaved forest,2.0,3.0
S2B_MSIL2A_20180511T100029_N9999_R122_T34VDM_64_28,Marine waters,3.0,3.0
S2B_MSIL2A_20180511T100029_N9999_R122_T34VDM_64_49,Marine waters,3.0,3.0
S2B_MSIL2A_20180511T100029_N9999_R122_T34VDM_65_59,Marine waters,3.0,3.0
S2B_MSIL2A_20180511T100029_N9999_R122_T34VDM_66_28,Coniferous forest,1.0,1.0
S2B_MSIL2A_20180511T100029_N9999_R122_T34VDM_66_68,Marine waters,3.0,3.0
S2B_MSIL2A_20180511T100029_N9999_R122_T34VDM_67_26,Coniferous forest,1.0,2.0
S2B_MSIL2A_20180511T100029_N9999_R122_T34VDM_67_42,Marine waters,3.0,3.0
S2B_MSIL2A_20180511T100029_N9999_R122_T34VDM_67_62,Marine waters,3.0,3.0
S2B_MSIL2A_20180511T100029_N9999_R122_T34VDM_68_25,Marine waters,3.0,3.0
S2B_MSIL2A_20180511T100029_N9999_R122_T34VDM_70_11,Marine waters,3.0,3.0
S2B_MSIL2A_20180511T100029_N9999_R122_T34VDM_70_18,Broad-leaved forest,2.0,3.0
S2B_MSIL2A_20180511T100029_N9999_R122_T34VDM_70_31,Arable land,0.0,3.0
S2B_MSIL2A_20180511T100029_N9999_R122_T34VDM_70_73,Marine waters,3.0,3.0
S2B_MSIL2A_20180511T100029_N9999_R122_T34VDM_71_59,Marine waters,3.0,3.0
S2B_MSIL2A_20180511T100029_N9999_R122_T34VDM_73_33,"Land principally occupied by agriculture, with significant areas of natural vegetation",8.0,3.0
S2B_MSIL2A_20180511T100029_N9999_R122_T34VDM_74_74,Marine waters,3.0,3.0
S2B_MSIL2A_20180511T100029_N9999_R122_T34VDM_75_27,Marine waters,3.0,3.0
S2B_MSIL2A_20180511T100029_N9999_R122_T34VDM_75_33,Broad-leaved forest,2.0,3.0
S2B_MSIL2A_20180511T100029_N9999_R122_T34VDM_75_65,Marine waters,3.0,3.0
S2B_MSIL2A_20180511T100029_N9999_R122_T34VDM_76_49,Marine waters,3.0,3.0
S2B_MSIL2A_20180511T100029_N9999_R122_T34VDM_76_52,Marine waters,3.0,3.0
S2B_MSIL2A_20180511T100029_N9999_R122_T34VDM_76_67,Marine waters,3.0,3.0
S2B_MSIL2A_20180511T100029_N9999_R122_T34VDM_77_24,Marine waters,3.0,3.0
S2B_MSIL2A_20180511T100029_N9999_R122_T34VDM_78_11,Marine waters,3.0,3.0
S2B_MSIL2A_20180511T100029_N9999_R122_T34VDM_79_74,Marine waters,3.0,3.0
S2B_MSIL2A_20180511T100029_N9999_R122_T34VDM_80_13,Marine waters,3.0,3.0
S2B_MSIL2A_20180511T100029_N9999_R122_T34VDM_81_72,Marine waters,3.0,3.0
S2B_MSIL2A_20180511T100029_N9999_R122_T34VDM_83_48,Marine waters,3.0,3.0
S2B_MSIL2A_20180511T100029_N9999_R122_T34VDM_84_18,Marine waters,3.0,3.0
S2B_MSIL2A_20180511T100029_N9999_R122_T34VDM_84_26,Marine waters,3.0,3.0
S2B_MSIL2A_20180511T100029_N9999_R122_T34VDM_84_50,Marine waters,3.0,3.0
S2B_MSIL2A_20180511T100029_N9999_R122_T34VDM_85_23,Marine waters,3.0,3.0
S2B_MSIL2A_20180511T100029_N9999_R122_T34VDM_85_39,Marine waters,3.0,3.0
S2B_MSIL2A_20180511T100029_N9999_R122_T34VDM_86_70,Marine waters,3.0,3.0
S2B_MSIL2A_20180511T100029_N9999_R122_T34VDM_87_25,Marine waters,3.0,3.0
S2B_MSIL2A_20180511T100029_N9999_R122_T34VDM_88_57,Marine waters,3.0,3.0
S2B_MSIL2A_20180511T100029_N9999_R122_T34VDM_89_21,Marine waters,3.0,3.0
S2B_MSIL2A_20180511T100029_N9999_R122_T34VDM_89_68,Marine waters,3.0,3.0
S2B_MSIL2A_20180511T100029_N9999_R122_T34VDM_90_09,Coniferous forest,1.0,3.0
S2B_MSIL2A_20180511T100029_N9999_R122_T34VDM_90_31,Marine waters,3.0,3.0
S2B_MSIL2A_20180515T094029_N9999_R036_T35VNJ_00_35,Coniferous forest,1.0,1.0
S2B_MSIL2A_20180515T094029_N9999_R036_T35VNJ_00_78,Coniferous forest,1.0,1.0
S2B_MSIL2A_20180515T094029_N9999_R036_T35VNJ_01_40,Coniferous forest,1.0,1.0
S2B_MSIL2A_20180515T094029_N9999_R036_T35VNJ_02_86,Coniferous forest,1.0,1.0
S2B_MSIL2A_20180515T094029_N9999_R036_T35VNJ_03_00,Broad-leaved forest,2.0,1.0
S2B_MSIL2A_20180515T094029_N9999_R036_T35VNJ_03_05,Coniferous forest,1.0,0.0
S2B_MSIL2A_20180515T094029_N9999_R036_T35VNJ_03_40,Coniferous forest,1.0,0.0
S2B_MSIL2A_20180515T094029_N9999_R036_T35VNJ_04_04,Coniferous forest,1.0,1.0
S2B_MSIL2A_20180515T094029_N9999_R036_T35VNJ_04_51,Coniferous forest,1.0,1.0
S2B_MSIL2A_20180515T094029_N9999_R036_T35VNJ_04_79,Coniferous forest,1.0,1.0
S2B_MSIL2A_20180515T094029_N9999_R036_T35VNJ_04_86,Coniferous forest,1.0,1.0
S2B_MSIL2A_20180515T094029_N9999_R036_T35VNJ_05_61,Coniferous forest,1.0,0.0
S2B_MSIL2A_20180515T094029_N9999_R036_T35VNJ_06_57,Coniferous forest,1.0,1.0
S2B_MSIL2A_20180515T094029_N9999_R036_T35VNJ_06_61,Coniferous forest,1.0,1.0
S2B_MSIL2A_20180515T094029_N9999_R036_T35VNJ_06_76,Coniferous forest,1.0,1.0
S2B_MSIL2A_20180515T094029_N9999_R036_T35VNJ_07_04,Inland waters,6.0,6.0
S2B_MSIL2A_20180515T094029_N9999_R036_T35VNJ_07_50,Arable land,0.0,1.0
S2B_MSIL2A_20180515T094029_N9999_R036_T35VNJ_07_55,Coniferous forest,1.0,1.0
S2B_MSIL2A_20180515T094029_N9999_R036_T35VNJ_08_63,Coniferous forest,1.0,1.0
S2B_MSIL2A_20180515T094029_N9999_R036_T35VNJ_09_10,Broad-leaved forest,2.0,0.0
S2B_MSIL2A_20180515T094029_N9999_R036_T35VNJ_10_37,Coniferous forest,1.0,1.0
S2B_MSIL2A_20180515T094029_N9999_R036_T35VNJ_11_72,Coniferous forest,1.0,1.0
S2B_MSIL2A_20180515T094029_N9999_R036_T35VNJ_12_78,Coniferous forest,1.0,1.0
S2B_MSIL2A_20180515T094029_N9999_R036_T35VNJ_13_54,Coniferous forest,1.0,1.0
S2B_MSIL2A_20180515T094029_N9999_R036_T35VNJ_14_32,Coniferous forest,1.0,1.0
S2B_MSIL2A_20180515T094029_N9999_R036_T35VNJ_15_09,Coniferous forest,1.0,1.0
S2B_MSIL2A_20180515T094029_N9999_R036_T35VNJ_15_31,Coniferous forest,1.0,0.0
S2B_MSIL2A_20180515T094029_N9999_R036_T35VNJ_16_07,Arable land,0.0,0.0
S2B_MSIL2A_20180515T094029_N9999_R036_T35VNJ_16_13,Coniferous forest,1.0,1.0
S2B_MSIL2A_20180515T094029_N9999_R036_T35VNJ_17_14,Broad-leaved forest,2.0,0.0
S2B_MSIL2A_20180515T094029_N9999_R036_T35VNJ_17_64,Arable land,0.0,0.0
S2B_MSIL2A_20180515T094029_N9999_R036_T35VNJ_17_85,Coniferous forest,1.0,1.0
S2B_MSIL2A_20180515T094029_N9999_R036_T35VNJ_18_21,Coniferous forest,1.0,1.0
S2B_MSIL2A_20180515T094029_N9999_R036_T35VNJ_20_37,Coniferous forest,1.0,1.0
S2B_MSIL2A_20180515T094029_N9999_R036_T35VNJ_20_41,Inland waters,6.0,1.0
S2B_MSIL2A_20180515T094029_N9999_R036_T35VNJ_20_69,Coniferous forest,1.0,1.0
S2B_MSIL2A_20180515T094029_N9999_R036_T35VNJ_20_83,Coniferous forest,1.0,1.0
S2B_MSIL2A_20180515T094029_N9999_R036_T35VNJ_22_69,Coniferous forest,1.0,1.0
S2B_MSIL2A_20180515T094029_N9999_R036_T35VNJ_23_02,Broad-leaved forest,2.0,1.0
S2B_MSIL2A_20180515T094029_N9999_R036_T35VNJ_23_53,Coniferous forest,1.0,1.0
S2B_MSIL2A_20180515T094029_N9999_R036_T35VNJ_23_59,Coniferous forest,1.0,1.0
S2B_MSIL2A_20180515T094029_N9999_R036_T35VNJ_25_20,Arable land,0.0,0.0
S2B_MSIL2A_20180515T094029_N9999_R036_T35VNJ_25_41,Arable land,0.0,1.0
S2B_MSIL2A_20180515T094029_N9999_R036_T35VNJ_25_46,Coniferous forest,1.0,1.0
S2B_MSIL2A_20180515T094029_N9999_R036_T35VNJ_25_69,Coniferous forest,1.0,1.0
S2B_MSIL2A_20180515T094029_N9999_R036_T35VNJ_26_13,Broad-leaved forest,2.0,1.0
S2B_MSIL2A_20180515T094029_N9999_R036_T35VNJ_26_55,Coniferous forest,1.0,1.0
S2B_MSIL2A_20180515T094029_N9999_R036_T35VNJ_26_69,Coniferous forest,1.0,1.0
S2B_MSIL2A_20180515T094029_N9999_R036_T35VNJ_27_56,Coniferous forest,1.0,1.0
S2B_MSIL2A_20180515T094029_N9999_R036_T35VNJ_28_09,Arable land,0.0,0.0
S2B_MSIL2A_20180515T094029_N9999_R036_T35VNJ_28_52,Coniferous forest,1.0,1.0
S2B_MSIL2A_20180515T094029_N9999_R036_T35VNJ_31_40,Coniferous forest,1.0,0.0
S2B_MSIL2A_20180515T094029_N9999_R036_T35VNJ_31_42,Coniferous forest,1.0,1.0
S2B_MSIL2A_20180515T094029_N9999_R036_T35VNJ_31_82,Coniferous forest,1.0,1.0
S2B_MSIL2A_20180515T094029_N9999_R036_T35VNJ_31_86,Arable land,0.0,0.0
S2B_MSIL2A_20180515T094029_N9999_R036_T35VNJ_33_30,Coniferous forest,1.0,1.0
S2B_MSIL2A_20180515T094029_N9999_R036_T35VNJ_33_71,Coniferous forest,1.0,1.0
S2B_MSIL2A_20180515T094029_N9999_R036_T35VNJ_36_36,Coniferous forest,1.0,0.0
S2B_MSIL2A_20180515T094029_N9999_R036_T35VNJ_36_64,Coniferous forest,1.0,1.0
S2B_MSIL2A_20180515T094029_N9999_R036_T35VNJ_36_73,Coniferous forest,1.0,1.0
S2B_MSIL2A_20180515T094029_N9999_R036_T35VNJ_38_03,Arable land,0.0,1.0
S2B_MSIL2A_20180515T094029_N9999_R036_T35VNJ_39_20,Coniferous forest,1.0,1.0
S2B_MSIL2A_20180515T094029_N9999_R036_T35VNJ_39_41,Coniferous forest,1.0,1.0
S2B_MSIL2A_20180515T094029_N9999_R036_T35VNJ_40_06,Inland waters,6.0,1.0
S2B_MSIL2A_20180515T094029_N9999_R036_T35VNJ_40_14,Coniferous forest,1.0,1.0
S2B_MSIL2A_20180515T094029_N9999_R036_T35VNJ_40_69,Coniferous forest,1.0,1.0
S2B_MSIL2A_20180515T094029_N9999_R036_T35VNJ_41_09,Inland waters,6.0,1.0
S2B_MSIL2A_20180515T094029_N9999_R036_T35VNJ_41_11,Arable land,0.0,0.0
S2B_MSIL2A_20180515T094029_N9999_R036_T35VNJ_41_48,Coniferous forest,1.0,1.0
S2B_MSIL2A_20180515T094029_N9999_R036_T35VNJ_42_05,Coniferous forest,1.0,1.0
S2B_MSIL2A_20180515T094029_N9999_R036_T35VNJ_42_40,Coniferous forest,1.0,1.0
S2B_MSIL2A_20180515T094029_N9999_R036_T35VNJ_43_01,Inland waters,6.0,1.0
S2B_MSIL2A_20180515T094029_N9999_R036_T35VNJ_44_24,Arable land,0.0,1.0
S2B_MSIL2A_20180515T094029_N9999_R036_T35VNJ_44_39,Coniferous forest,1.0,1.0
S2B_MSIL2A_20180515T094029_N9999_R036_T35VNJ_45_03,Coniferous forest,1.0,1.0
S2B_MSIL2A_20180515T094029_N9999_R036_T35VNJ_45_49,Coniferous forest,1.0,1.0
S2B_MSIL2A_20180515T094029_N9999_R036_T35VNJ_45_80,Coniferous forest,1.0,6.0
S2B_MSIL2A_20180515T094029_N9999_R036_T35VNJ_46_05,Coniferous forest,1.0,1.0
S2B_MSIL2A_20180515T094029_N9999_R036_T35VNJ_46_83,Inland waters,6.0,6.0
S2B_MSIL2A_20180515T094029_N9999_R036_T35VNJ_47_32,Coniferous forest,1.0,1.0
S2B_MSIL2A_20180515T094029_N9999_R036_T35VNJ_48_04,Coniferous forest,1.0,0.0
S2B_MSIL2A_20180515T094029_N9999_R036_T35VNJ_49_00,Inland waters,6.0,6.0
S2B_MSIL2A_20180515T094029_N9999_R036_T35VNJ_49_01,Inland waters,6.0,6.0
S2B_MSIL2A_20180515T094029_N9999_R036_T35VNJ_49_82,Inland waters,6.0,6.0
S2B_MSIL2A_20180515T094029_N9999_R036_T35VNJ_49_86,Coniferous forest,1.0,1.0
S2B_MSIL2A_20180515T094029_N9999_R036_T35VNJ_50_68,Coniferous forest,1.0,1.0
S2B_MSIL2A_20180515T094029_N9999_R036_T35VNJ_50_86,Coniferous forest,1.0,1.0
S2B_MSIL2A_20180515T094029_N9999_R036_T35VNJ_50_89,Inland waters,6.0,6.0
S2B_MSIL2A_20180515T094029_N9999_R036_T35VNJ_51_77,Coniferous forest,1.0,1.0
S2B_MSIL2A_20180515T094029_N9999_R036_T35VNJ_52_48,Coniferous forest,1.0,1.0
S2B_MSIL2A_20180515T094029_N9999_R036_T35VNJ_54_46,Coniferous forest,1.0,1.0
S2B_MSIL2A_20180515T094029_N9999_R036_T35VNJ_54_57,Coniferous forest,1.0,1.0
S2B_MSIL2A_20180515T094029_N9999_R036_T35VNJ_54_89,Inland waters,6.0,6.0
S2B_MSIL2A_20180515T094029_N9999_R036_T35VNJ_55_34,Arable land,0.0,0.0
S2B_MSIL2A_20180515T094029_N9999_R036_T35VNJ_56_34,Arable land,0.0,1.0
S2B_MSIL2A_20180515T094029_N9999_R036_T35VNJ_56_74,Coniferous forest,1.0,1.0
S2B_MSIL2A_20180515T094029_N9999_R036_T35VNJ_56_90,Coniferous forest,1.0,1.0
S2B_MSIL2A_20180515T094029_N9999_R036_T35VNJ_57_32,Coniferous forest,1.0,0.0
S2B_MSIL2A_20180515T094029_N9999_R036_T35VNJ_58_28,Coniferous forest,1.0,1.0
S2B_MSIL2A_20180515T094029_N9999_R036_T35VNJ_58_45,Coniferous forest,1.0,1.0
S2B_MSIL2A_20180515T094029_N9999_R036_T35VNJ_59_16,Inland waters,6.0,1.0
S2B_MSIL2A_20180515T094029_N9999_R036_T35VNJ_61_74,Coniferous forest,1.0,1.0
S2B_MSIL2A_20180515T094029_N9999_R036_T35VNJ_62_10,Inland waters,6.0,6.0
S2B_MSIL2A_20180515T094029_N9999_R036_T35VNJ_62_17,Coniferous forest,1.0,1.0
S2B_MSIL2A_20180515T094029_N9999_R036_T35VNJ_63_55,Coniferous forest,1.0,1.0
S2B_MSIL2A_20180515T094029_N9999_R036_T35VNJ_64_87,Coniferous forest,1.0,1.0
S2B_MSIL2A_20180515T094029_N9999_R036_T35VNJ_64_88,Coniferous forest,1.0,6.0
S2B_MSIL2A_20180515T094029_N9999_R036_T35VNJ_65_14,Coniferous forest,1.0,6.0
S2B_MSIL2A_20180515T094029_N9999_R036_T35VNJ_65_16,Broad-leaved forest,2.0,1.0
S2B_MSIL2A_20180515T094029_N9999_R036_T35VNJ_65_55,Coniferous forest,1.0,1.0
S2B_MSIL2A_20180515T094029_N9999_R036_T35VNJ_67_07,Broad-leaved forest,2.0,1.0
S2B_MSIL2A_20180515T094029_N9999_R036_T35VNJ_67_15,Inland waters,6.0,1.0
S2B_MSIL2A_20180515T094029_N9999_R036_T35VNJ_67_41,Coniferous forest,1.0,1.0
S2B_MSIL2A_20180515T094029_N9999_R036_T35VNJ_68_32,Coniferous forest,1.0,1.0
S2B_MSIL2A_20180515T094029_N9999_R036_T35VNJ_69_26,Arable land,0.0,0.0
S2B_MSIL2A_20180515T094029_N9999_R036_T35VNJ_70_19,Inland waters,6.0,6.0
S2B_MSIL2A_20180515T094029_N9999_R036_T35VNJ_70_63,Coniferous forest,1.0,6.0
S2B_MSIL2A_20180515T094029_N9999_R036_T35VNJ_72_45,Coniferous forest,1.0,1.0
S2B_MSIL2A_20180515T094029_N9999_R036_T35VNJ_72_49,Inland waters,6.0,1.0
S2B_MSIL2A_20180515T094029_N9999_R036_T35VNJ_72_75,Coniferous forest,1.0,1.0
S2B_MSIL2A_20180515T094029_N9999_R036_T35VNJ_73_43,Coniferous forest,1.0,1.0
S2B_MSIL2A_20180515T094029_N9999_R036_T35VNJ_75_15,Coniferous forest,1.0,1.0
S2B_MSIL2A_20180515T094029_N9999_R036_T35VNJ_75_30,Coniferous forest,1.0,1.0
S2B_MSIL2A_20180515T094029_N9999_R036_T35VNJ_75_38,Broad-leaved forest,2.0,1.0
S2B_MSIL2A_20180515T094029_N9999_R036_T35VNJ_76_13,Coniferous forest,1.0,0.0
S2B_MSIL2A_20180515T094029_N9999_R036_T35VNJ_76_65,Coniferous forest,1.0,1.0
S2B_MSIL2A_20180515T094029_N9999_R036_T35VNJ_76_74,Coniferous forest,1.0,1.0
S2B_MSIL2A_20180515T094029_N9999_R036_T35VNJ_77_26,Coniferous forest,1.0,6.0
S2B_MSIL2A_20180515T094029_N9999_R036_T35VNJ_77_63,Coniferous forest,1.0,1.0
S2B_MSIL2A_20180515T094029_N9999_R036_T35VNJ_78_02,Coniferous forest,1.0,1.0
S2B_MSIL2A_20180515T094029_N9999_R036_T35VNJ_78_19,Coniferous forest,1.0,1.0
S2B_MSIL2A_20180515T094029_N9999_R036_T35VNJ_78_75,Coniferous forest,1.0,1.0
S2B_MSIL2A_20180515T094029_N9999_R036_T35VNJ_79_04,Coniferous forest,1.0,1.0
S2B_MSIL2A_20180515T094029_N9999_R036_T35VNJ_79_63,Coniferous forest,1.0,1.0
S2B_MSIL2A_20180515T094029_N9999_R036_T35VNJ_80_59,Coniferous forest,1.0,1.0
S2B_MSIL2A_20180515T094029_N9999_R036_T35VNJ_81_68,Coniferous forest,1.0,1.0
S2B_MSIL2A_20180515T094029_N9999_R036_T35VNJ_81_87,Broad-leaved forest,2.0,1.0
S2B_MSIL2A_20180515T094029_N9999_R036_T35VNJ_82_67,Coniferous forest,1.0,1.0
S2B_MSIL2A_20180515T094029_N9999_R036_T35VNJ_83_04,Coniferous forest,1.0,1.0
S2B_MSIL2A_20180515T094029_N9999_R036_T35VNJ_83_81,Coniferous forest,1.0,1.0
S2B_MSIL2A_20180515T094029_N9999_R036_T35VNJ_83_90,Coniferous forest,1.0,0.0
S2B_MSIL2A_20180515T094029_N9999_R036_T35VNJ_85_45,Coniferous forest,1.0,1.0
S2B_MSIL2A_20180515T094029_N9999_R036_T35VNJ_87_09,Coniferous forest,1.0,1.0
S2B_MSIL2A_20180515T094029_N9999_R036_T35VNJ_87_52,Broad-leaved forest,2.0,1.0
S2B_MSIL2A_20180515T094029_N9999_R036_T35VNJ_87_84,Coniferous forest,1.0,1.0
S2B_MSIL2A_20180515T094029_N9999_R036_T35VNJ_88_62,Broad-leaved forest,2.0,0.0
S2B_MSIL2A_20180515T094029_N9999_R036_T35VNJ_89_19,Arable land,0.0,0.0
S2B_MSIL2A_20180515T094029_N9999_R036_T35VNJ_89_58,Coniferous forest,1.0,0.0
S2B_MSIL2A_20180515T094029_N9999_R036_T35VNJ_90_12,Broad-leaved forest,2.0,0.0
S2B_MSIL2A_20180515T094029_N9999_R036_T35VNJ_90_37,Broad-leaved forest,2.0,1.0
S2B_MSIL2A_20180515T094029_N9999_R036_T35VNJ_90_66,Coniferous forest,1.0,1.0
S2B_MSIL2A_20180515T112109_N9999_R037_T29SNC_00_05,Marine waters,3.0,3.0
S2B_MSIL2A_20180515T112109_N9999_R037_T29SNC_00_16,Arable land,0.0,0.0
S2B_MSIL2A_20180515T112109_N9999_R037_T29SNC_00_63,Marine waters,3.0,3.0
S2B_MSIL2A_20180515T112109_N9999_R037_T29SNC_00_78,Marine waters,3.0,3.0
S2B_MSIL2A_20180515T112109_N9999_R037_T29SNC_01_58,Marine waters,3.0,3.0
S2B_MSIL2A_20180515T112109_N9999_R037_T29SNC_01_89,Marine waters,3.0,3.0
S2B_MSIL2A_20180515T112109_N9999_R037_T29SNC_02_40,Marine waters,3.0,3.0
S2B_MSIL2A_20180515T112109_N9999_R037_T29SNC_05_18,Complex cultivation patterns,5.0,0.0
S2B_MSIL2A_20180515T112109_N9999_R037_T29SNC_05_26,Arable land,0.0,0.0
S2B_MSIL2A_20180515T112109_N9999_R037_T29SNC_05_49,Marine waters,3.0,3.0
S2B_MSIL2A_20180515T112109_N9999_R037_T29SNC_05_72,Marine waters,3.0,3.0
S2B_MSIL2A_20180515T112109_N9999_R037_T29SNC_05_87,Marine waters,3.0,3.0
S2B_MSIL2A_20180515T112109_N9999_R037_T29SNC_06_07,Arable land,0.0,0.0
S2B_MSIL2A_20180515T112109_N9999_R037_T29SNC_06_79,Marine waters,3.0,3.0
S2B_MSIL2A_20180515T112109_N9999_R037_T29SNC_08_52,Marine waters,3.0,3.0
S2B_MSIL2A_20180515T112109_N9999_R037_T29SNC_10_13,Agro-forestry areas,4.0,0.0
S2B_MSIL2A_20180515T112109_N9999_R037_T29SNC_11_87,Marine waters,3.0,3.0
S2B_MSIL2A_20180515T112109_N9999_R037_T29SNC_12_07,"Land principally occupied by agriculture, with significant areas of natural vegetation",8.0,4.0
S2B_MSIL2A_20180515T112109_N9999_R037_T29SNC_12_38,"Beaches, dunes, sands",13.0,1.0
S2B_MSIL2A_20180515T112109_N9999_R037_T29SNC_13_01,Agro-forestry areas,4.0,0.0
S2B_MSIL2A_20180515T112109_N9999_R037_T29SNC_13_43,Marine waters,3.0,3.0
S2B_MSIL2A_20180515T112109_N9999_R037_T29SNC_14_59,Marine waters,3.0,3.0
S2B_MSIL2A_20180515T112109_N9999_R037_T29SNC_15_08,Arable land,0.0,0.0
S2B_MSIL2A_20180515T112109_N9999_R037_T29SNC_15_11,Agro-forestry areas,4.0,4.0
S2B_MSIL2A_20180515T112109_N9999_R037_T29SNC_15_42,Arable land,0.0,0.0
S2B_MSIL2A_20180515T112109_N9999_R037_T29SNC_15_46,Arable land,0.0,0.0
S2B_MSIL2A_20180515T112109_N9999_R037_T29SNC_16_84,Arable land,0.0,4.0
S2B_MSIL2A_20180515T112109_N9999_R037_T29SNC_17_05,Broad-leaved forest,2.0,0.0
S2B_MSIL2A_20180515T112109_N9999_R037_T29SNC_18_13,Complex cultivation patterns,5.0,0.0
S2B_MSIL2A_20180515T112109_N9999_R037_T29SNC_18_20,Natural grassland and sparsely vegetated areas,18.0,0.0
S2B_MSIL2A_20180515T112109_N9999_R037_T29SNC_18_80,Broad-leaved forest,2.0,0.0
S2B_MSIL2A_20180515T112109_N9999_R037_T29SNC_19_25,Agro-forestry areas,4.0,0.0
S2B_MSIL2A_20180515T112109_N9999_R037_T29SNC_19_53,Arable land,0.0,0.0
S2B_MSIL2A_20180515T112109_N9999_R037_T29SNC_20_17,Arable land,0.0,0.0
S2B_MSIL2A_20180515T112109_N9999_R037_T29SNC_20_63,Complex cultivation patterns,5.0,0.0
S2B_MSIL2A_20180515T112109_N9999_R037_T29SNC_21_30,Broad-leaved forest,2.0,0.0
S2B_MSIL2A_20180515T112109_N9999_R037_T29SNC_21_66,Agro-forestry areas,4.0,0.0
S2B_MSIL2A_20180515T112109_N9999_R037_T29SNC_21_68,Arable land,0.0,4.0
S2B_MSIL2A_20180515T112109_N9999_R037_T29SNC_21_70,Agro-forestry areas,4.0,0.0
S2B_MSIL2A_20180515T112109_N9999_R037_T29SNC_21_76,Arable land,0.0,0.0
S2B_MSIL2A_20180515T112109_N9999_R037_T29SNC_21_88,Arable land,0.0,4.0
S2B_MSIL2A_20180515T112109_N9999_R037_T29SNC_22_28,Agro-forestry areas,4.0,0.0
S2B_MSIL2A_20180515T112109_N9999_R037_T29SNC_22_78,Arable land,0.0,0.0
S2B_MSIL2A_20180515T112109_N9999_R037_T29SNC_23_72,Arable land,0.0,4.0
S2B_MSIL2A_20180515T112109_N9999_R037_T29SNC_24_15,Complex cultivation patterns,5.0,0.0
S2B_MSIL2A_20180515T112109_N9999_R037_T29SNC_24_19,Broad-leaved forest,2.0,2.0
S2B_MSIL2A_20180515T112109_N9999_R037_T29SNC_25_17,Arable land,0.0,0.0
S2B_MSIL2A_20180515T112109_N9999_R037_T29SNC_25_18,Arable land,0.0,0.0
S2B_MSIL2A_20180515T112109_N9999_R037_T29SNC_25_51,Complex cultivation patterns,5.0,0.0
S2B_MSIL2A_20180515T112109_N9999_R037_T29SNC_25_81,Agro-forestry areas,4.0,4.0
S2B_MSIL2A_20180515T112109_N9999_R037_T29SNC_26_74,Agro-forestry areas,4.0,4.0
S2B_MSIL2A_20180515T112109_N9999_R037_T29SNC_26_87,Agro-forestry areas,4.0,0.0
S2B_MSIL2A_20180515T112109_N9999_R037_T29SNC_27_64,Broad-leaved forest,2.0,0.0
S2B_MSIL2A_20180515T112109_N9999_R037_T29SNC_28_82,Agro-forestry areas,4.0,0.0
S2B_MSIL2A_20180515T112109_N9999_R037_T29SNC_29_66,Agro-forestry areas,4.0,4.0
S2B_MSIL2A_20180515T112109_N9999_R037_T29SNC_29_76,Agro-forestry areas,4.0,4.0
S2B_MSIL2A_20180515T112109_N9999_R037_T29SNC_30_06,Broad-leaved forest,2.0,0.0
S2B_MSIL2A_20180515T112109_N9999_R037_T29SNC_30_82,Agro-forestry areas,4.0,4.0
S2B_MSIL2A_20180515T112109_N9999_R037_T29SNC_31_26,Broad-leaved forest,2.0,0.0
S2B_MSIL2A_20180515T112109_N9999_R037_T29SNC_31_50,Arable land,0.0,0.0
S2B_MSIL2A_20180515T112109_N9999_R037_T29SNC_31_83,Agro-forestry areas,4.0,4.0
S2B_MSIL2A_20180515T112109_N9999_R037_T29SNC_33_47,Broad-leaved forest,2.0,0.0
S2B_MSIL2A_20180515T112109_N9999_R037_T29SNC_33_67,Agro-forestry areas,4.0,4.0
S2B_MSIL2A_20180515T112109_N9999_R037_T29SNC_34_23,Agro-forestry areas,4.0,4.0
S2B_MSIL2A_20180515T112109_N9999_R037_T29SNC_34_49,Coniferous forest,1.0,0.0
S2B_MSIL2A_20180515T112109_N9999_R037_T29SNC_34_75,Agro-forestry areas,4.0,4.0
S2B_MSIL2A_20180515T112109_N9999_R037_T29SNC_34_86,Agro-forestry areas,4.0,0.0
S2B_MSIL2A_20180515T112109_N9999_R037_T29SNC_35_03,Agro-forestry areas,4.0,0.0
S2B_MSIL2A_20180515T112109_N9999_R037_T29SNC_35_13,Coniferous forest,1.0,0.0
S2B_MSIL2A_20180515T112109_N9999_R037_T29SNC_35_27,Broad-leaved forest,2.0,0.0
S2B_MSIL2A_20180515T112109_N9999_R037_T29SNC_35_80,Agro-forestry areas,4.0,0.0
S2B_MSIL2A_20180515T112109_N9999_R037_T29SNC_35_87,Agro-forestry areas,4.0,0.0
S2B_MSIL2A_20180515T112109_N9999_R037_T29SNC_36_54,Agro-forestry areas,4.0,0.0
S2B_MSIL2A_20180515T112109_N9999_R037_T29SNC_36_72,Agro-forestry areas,4.0,4.0
S2B_MSIL2A_20180515T112109_N9999_R037_T29SNC_37_05,Agro-forestry areas,4.0,0.0
S2B_MSIL2A_20180515T112109_N9999_R037_T29SNC_37_35,Agro-forestry areas,4.0,0.0
S2B_MSIL2A_20180515T112109_N9999_R037_T29SNC_37_53,Agro-forestry areas,4.0,4.0
S2B_MSIL2A_20180515T112109_N9999_R037_T29SNC_37_69,Agro-forestry areas,4.0,0.0
S2B_MSIL2A_20180515T112109_N9999_R037_T29SNC_38_09,Broad-leaved forest,2.0,4.0
S2B_MSIL2A_20180515T112109_N9999_R037_T29SNC_38_78,Agro-forestry areas,4.0,0.0
S2B_MSIL2A_20180515T112109_N9999_R037_T29SNC_38_79,Agro-forestry areas,4.0,4.0
S2B_MSIL2A_20180515T112109_N9999_R037_T29SNC_40_26,Agro-forestry areas,4.0,0.0
S2B_MSIL2A_20180515T112109_N9999_R037_T29SNC_40_41,Agro-forestry areas,4.0,0.0
S2B_MSIL2A_20180515T112109_N9999_R037_T29SNC_40_48,Broad-leaved forest,2.0,0.0
S2B_MSIL2A_20180515T112109_N9999_R037_T29SNC_40_60,Agro-forestry areas,4.0,4.0
S2B_MSIL2A_20180515T112109_N9999_R037_T29SNC_41_41,Arable land,0.0,0.0
S2B_MSIL2A_20180515T112109_N9999_R037_T29SNC_42_26,Agro-forestry areas,4.0,0.0
S2B_MSIL2A_20180515T112109_N9999_R037_T29SNC_42_62,Mixed forest,9.0,0.0
S2B_MSIL2A_20180515T112109_N9999_R037_T29SNC_43_40,Agro-forestry areas,4.0,0.0
S2B_MSIL2A_20180515T112109_N9999_R037_T29SNC_43_55,Broad-leaved forest,2.0,0.0
S2B_MSIL2A_20180515T112109_N9999_R037_T29SNC_43_61,Agro-forestry areas,4.0,0.0
S2B_MSIL2A_20180515T112109_N9999_R037_T29SNC_43_74,Arable land,0.0,0.0
S2B_MSIL2A_20180515T112109_N9999_R037_T29SNC_44_28,Agro-forestry areas,4.0,4.0
S2B_MSIL2A_20180515T112109_N9999_R037_T29SNC_44_52,Arable land,0.0,0.0
S2B_MSIL2A_20180515T112109_N9999_R037_T29SNC_45_61,Agro-forestry areas,4.0,0.0
S2B_MSIL2A_20180515T112109_N9999_R037_T29SNC_46_00,Agro-forestry areas,4.0,0.0
S2B_MSIL2A_20180515T112109_N9999_R037_T29SNC_46_56,Coniferous forest,1.0,4.0
S2B_MSIL2A_20180515T112109_N9999_R037_T29SNC_46_79,Agro-forestry areas,4.0,0.0
S2B_MSIL2A_20180515T112109_N9999_R037_T29SNC_47_72,Agro-forestry areas,4.0,0.0
S2B_MSIL2A_20180515T112109_N9999_R037_T29SNC_48_02,Agro-forestry areas,4.0,4.0
S2B_MSIL2A_20180515T112109_N9999_R037_T29SNC_48_75,Agro-forestry areas,4.0,4.0
S2B_MSIL2A_20180515T112109_N9999_R037_T29SNC_49_35,Agro-forestry areas,4.0,4.0
S2B_MSIL2A_20180515T112109_N9999_R037_T29SNC_49_88,Arable land,0.0,4.0
S2B_MSIL2A_20180515T112109_N9999_R037_T29SNC_50_14,Agro-forestry areas,4.0,5.0
S2B_MSIL2A_20180515T112109_N9999_R037_T29SNC_50_40,Agro-forestry areas,4.0,4.0
S2B_MSIL2A_20180515T112109_N9999_R037_T29SNC_50_50,Agro-forestry areas,4.0,0.0
S2B_MSIL2A_20180515T112109_N9999_R037_T29SNC_50_56,Agro-forestry areas,4.0,4.0
S2B_MSIL2A_20180515T112109_N9999_R037_T29SNC_50_62,Agro-forestry areas,4.0,4.0
S2B_MSIL2A_20180515T112109_N9999_R037_T29SNC_51_26,Agro-forestry areas,4.0,4.0
S2B_MSIL2A_20180515T112109_N9999_R037_T29SNC_52_39,Arable land,0.0,0.0
S2B_MSIL2A_20180515T112109_N9999_R037_T29SNC_53_01,Agro-forestry areas,4.0,4.0
S2B_MSIL2A_20180515T112109_N9999_R037_T29SNC_53_57,Agro-forestry areas,4.0,4.0
S2B_MSIL2A_20180515T112109_N9999_R037_T29SNC_53_85,Agro-forestry areas,4.0,4.0
S2B_MSIL2A_20180515T112109_N9999_R037_T29SNC_54_13,Agro-forestry areas,4.0,0.0
S2B_MSIL2A_20180515T112109_N9999_R037_T29SNC_54_60,Broad-leaved forest,2.0,0.0
S2B_MSIL2A_20180515T112109_N9999_R037_T29SNC_54_67,Arable land,0.0,0.0
S2B_MSIL2A_20180515T112109_N9999_R037_T29SNC_54_81,Agro-forestry areas,4.0,0.0
S2B_MSIL2A_20180515T112109_N9999_R037_T29SNC_55_04,Agro-forestry areas,4.0,0.0
S2B_MSIL2A_20180515T112109_N9999_R037_T29SNC_55_29,Agro-forestry areas,4.0,4.0
S2B_MSIL2A_20180515T112109_N9999_R037_T29SNC_56_50,Agro-forestry areas,4.0,0.0
S2B_MSIL2A_20180515T112109_N9999_R037_T29SNC_56_52,Agro-forestry areas,4.0,0.0
S2B_MSIL2A_20180515T112109_N9999_R037_T29SNC_56_69,Agro-forestry areas,4.0,0.0
S2B_MSIL2A_20180515T112109_N9999_R037_T29SNC_57_11,Agro-forestry areas,4.0,4.0
S2B_MSIL2A_20180515T112109_N9999_R037_T29SNC_57_39,Agro-forestry areas,4.0,2.0
S2B_MSIL2A_20180515T112109_N9999_R037_T29SNC_57_43,Agro-forestry areas,4.0,4.0
S2B_MSIL2A_20180515T112109_N9999_R037_T29SNC_58_81,Arable land,0.0,0.0
S2B_MSIL2A_20180515T112109_N9999_R037_T29SNC_59_12,Agro-forestry areas,4.0,4.0
S2B_MSIL2A_20180515T112109_N9999_R037_T29SNC_59_31,Agro-forestry areas,4.0,2.0
S2B_MSIL2A_20180515T112109_N9999_R037_T29SNC_60_22,Agro-forestry areas,4.0,0.0
S2B_MSIL2A_20180515T112109_N9999_R037_T29SNC_61_02,Agro-forestry areas,4.0,4.0
S2B_MSIL2A_20180515T112109_N9999_R037_T29SNC_61_18,Arable land,0.0,0.0
S2B_MSIL2A_20180515T112109_N9999_R037_T29SNC_62_13,Agro-forestry areas,4.0,4.0
S2B_MSIL2A_20180515T112109_N9999_R037_T29SNC_62_76,Arable land,0.0,0.0
S2B_MSIL2A_20180515T112109_N9999_R037_T29SNC_62_89,Arable land,0.0,0.0
S2B_MSIL2A_20180515T112109_N9999_R037_T29SNC_63_29,Agro-forestry areas,4.0,4.0
S2B_MSIL2A_20180515T112109_N9999_R037_T29SNC_63_48,Agro-forestry areas,4.0,4.0
S2B_MSIL2A_20180515T112109_N9999_R037_T29SNC_65_14,Agro-forestry areas,4.0,4.0
S2B_MSIL2A_20180515T112109_N9999_R037_T29SNC_65_30,Agro-forestry areas,4.0,4.0
S2B_MSIL2A_20180515T112109_N9999_R037_T29SNC_65_74,Arable land,0.0,0.0
S2B_MSIL2A_20180515T112109_N9999_R037_T29SNC_66_24,Agro-forestry areas,4.0,0.0
S2B_MSIL2A_20180515T112109_N9999_R037_T29SNC_66_45,Agro-forestry areas,4.0,4.0
S2B_MSIL2A_20180515T112109_N9999_R037_T29SNC_66_65,Arable land,0.0,0.0
S2B_MSIL2A_20180515T112109_N9999_R037_T29SNC_66_78,Arable land,0.0,4.0
S2B_MSIL2A_20180515T112109_N9999_R037_T29SNC_67_43,Arable land,0.0,0.0
S2B_MSIL2A_20180515T112109_N9999_R037_T29SNC_68_17,Agro-forestry areas,4.0,4.0
S2B_MSIL2A_20180515T112109_N9999_R037_T29SNC_68_18,Agro-forestry areas,4.0,2.0
S2B_MSIL2A_20180515T112109_N9999_R037_T29SNC_68_37,Arable land,0.0,4.0
S2B_MSIL2A_20180515T112109_N9999_R037_T29SNC_69_13,Arable land,0.0,0.0
S2B_MSIL2A_20180515T112109_N9999_R037_T29SNC_69_64,Agro-forestry areas,4.0,0.0
S2B_MSIL2A_20180515T112109_N9999_R037_T29SNC_69_75,Arable land,0.0,0.0
S2B_MSIL2A_20180515T112109_N9999_R037_T29SNC_70_86,Arable land,0.0,0.0
S2B_MSIL2A_20180515T112109_N9999_R037_T29SNC_71_15,Pastures,7.0,0.0
S2B_MSIL2A_20180515T112109_N9999_R037_T29SNC_72_45,Agro-forestry areas,4.0,4.0
S2B_MSIL2A_20180515T112109_N9999_R037_T29SNC_72_79,Agro-forestry areas,4.0,0.0
S2B_MSIL2A_20180515T112109_N9999_R037_T29SNC_73_08,Agro-forestry areas,4.0,4.0
S2B_MSIL2A_20180515T112109_N9999_R037_T29SNC_74_59,Agro-forestry areas,4.0,4.0
S2B_MSIL2A_20180515T112109_N9999_R037_T29SNC_74_75,Arable land,0.0,0.0
S2B_MSIL2A_20180515T112109_N9999_R037_T29SNC_75_89,Agro-forestry areas,4.0,0.0
S2B_MSIL2A_20180515T112109_N9999_R037_T29SNC_77_20,Agro-forestry areas,4.0,0.0
S2B_MSIL2A_20180515T112109_N9999_R037_T29SNC_77_25,Agro-forestry areas,4.0,0.0
S2B_MSIL2A_20180515T112109_N9999_R037_T29SNC_77_64,Agro-forestry areas,4.0,0.0
S2B_MSIL2A_20180515T112109_N9999_R037_T29SNC_78_22,Agro-forestry areas,4.0,0.0
S2B_MSIL2A_20180515T112109_N9999_R037_T29SNC_78_24,Arable land,0.0,0.0
S2B_MSIL2A_20180515T112109_N9999_R037_T29SNC_78_48,Agro-forestry areas,4.0,0.0
S2B_MSIL2A_20180515T112109_N9999_R037_T29SNC_78_52,Agro-forestry areas,4.0,4.0
S2B_MSIL2A_20180515T112109_N9999_R037_T29SNC_79_03,Agro-forestry areas,4.0,0.0
S2B_MSIL2A_20180515T112109_N9999_R037_T29SNC_79_08,Agro-forestry areas,4.0,0.0
S2B_MSIL2A_20180515T112109_N9999_R037_T29SNC_79_13,Agro-forestry areas,4.0,4.0
S2B_MSIL2A_20180515T112109_N9999_R037_T29SNC_79_19,Agro-forestry areas,4.0,4.0
S2B_MSIL2A_20180515T112109_N9999_R037_T29SNC_79_81,Agro-forestry areas,4.0,0.0
S2B_MSIL2A_20180515T112109_N9999_R037_T29SNC_80_02,Agro-forestry areas,4.0,0.0
S2B_MSIL2A_20180515T112109_N9999_R037_T29SNC_80_07,Arable land,0.0,4.0
S2B_MSIL2A_20180515T112109_N9999_R037_T29SNC_80_25,Arable land,0.0,0.0
S2B_MSIL2A_20180515T112109_N9999_R037_T29SNC_80_76,Arable land,0.0,0.0
S2B_MSIL2A_20180515T112109_N9999_R037_T29SNC_80_85,Arable land,0.0,4.0
S2B_MSIL2A_20180515T112109_N9999_R037_T29SNC_81_18,Agro-forestry areas,4.0,0.0
S2B_MSIL2A_20180515T112109_N9999_R037_T29SNC_81_36,Agro-forestry areas,4.0,4.0
S2B_MSIL2A_20180515T112109_N9999_R037_T29SNC_81_81,Agro-forestry areas,4.0,4.0
S2B_MSIL2A_20180515T112109_N9999_R037_T29SNC_82_64,Arable land,0.0,0.0
S2B_MSIL2A_20180515T112109_N9999_R037_T29SNC_82_80,Arable land,0.0,0.0
S2B_MSIL2A_20180515T112109_N9999_R037_T29SNC_82_85,Agro-forestry areas,4.0,0.0
S2B_MSIL2A_20180515T112109_N9999_R037_T29SNC_83_72,Arable land,0.0,0.0
S2B_MSIL2A_20180515T112109_N9999_R037_T29SNC_83_76,Arable land,0.0,0.0
S2B_MSIL2A_20180515T112109_N9999_R037_T29SNC_85_22,Agro-forestry areas,4.0,0.0
S2B_MSIL2A_20180515T112109_N9999_R037_T29SNC_85_54,Broad-leaved forest,2.0,0.0
S2B_MSIL2A_20180515T112109_N9999_R037_T29SNC_85_79,Arable land,0.0,0.0
S2B_MSIL2A_20180515T112109_N9999_R037_T29SNC_85_83,Agro-forestry areas,4.0,0.0
S2B_MSIL2A_20180515T112109_N9999_R037_T29SNC_87_21,Arable land,0.0,4.0
S2B_MSIL2A_20180515T112109_N9999_R037_T29SNC_89_54,Broad-leaved forest,2.0,4.0
S2B_MSIL2A_20180515T112109_N9999_R037_T29SNC_89_75,Complex cultivation patterns,5.0,0.0
S2B_MSIL2A_20180515T112109_N9999_R037_T29SNC_89_79,Arable land,0.0,0.0
S2B_MSIL2A_20180515T112109_N9999_R037_T29SNC_90_14,Agro-forestry areas,4.0,4.0
S2B_MSIL2A_20180515T112109_N9999_R037_T29SND_01_18,Broad-leaved forest,2.0,0.0
S2B_MSIL2A_20180515T112109_N9999_R037_T29SND_02_23,Complex cultivation patterns,5.0,0.0
S2B_MSIL2A_20180515T112109_N9999_R037_T29SND_02_27,Complex cultivation patterns,5.0,0.0
S2B_MSIL2A_20180515T112109_N9999_R037_T29SND_02_30,Broad-leaved forest,2.0,0.0
S2B_MSIL2A_20180515T112109_N9999_R037_T29SND_02_49,Arable land,0.0,0.0
S2B_MSIL2A_20180515T112109_N9999_R037_T29SND_03_41,Broad-leaved forest,2.0,0.0
S2B_MSIL2A_20180515T112109_N9999_R037_T29SND_03_50,Complex cultivation patterns,5.0,0.0
S2B_MSIL2A_20180515T112109_N9999_R037_T29SND_04_79,Arable land,0.0,0.0
S2B_MSIL2A_20180515T112109_N9999_R037_T29SND_05_54,Complex cultivation patterns,5.0,5.0
S2B_MSIL2A_20180515T112109_N9999_R037_T29SND_06_34,Broad-leaved forest,2.0,0.0
S2B_MSIL2A_20180515T112109_N9999_R037_T29SND_07_12,Complex cultivation patterns,5.0,0.0
S2B_MSIL2A_20180515T112109_N9999_R037_T29SND_09_42,Broad-leaved forest,2.0,0.0
S2B_MSIL2A_20180515T112109_N9999_R037_T29SND_10_17,"Land principally occupied by agriculture, with significant areas of natural vegetation",8.0,0.0
S2B_MSIL2A_20180515T112109_N9999_R037_T29SND_10_51,Complex cultivation patterns,5.0,0.0
S2B_MSIL2A_20180515T112109_N9999_R037_T29SND_10_86,Arable land,0.0,0.0
S2B_MSIL2A_20180515T112109_N9999_R037_T29SND_11_49,Complex cultivation patterns,5.0,0.0
S2B_MSIL2A_20180515T112109_N9999_R037_T29SND_11_82,Agro-forestry areas,4.0,0.0
S2B_MSIL2A_20180515T112109_N9999_R037_T29SND_12_48,Broad-leaved forest,2.0,0.0
S2B_MSIL2A_20180515T112109_N9999_R037_T29SND_12_58,Broad-leaved forest,2.0,5.0
S2B_MSIL2A_20180515T112109_N9999_R037_T29SND_13_79,Agro-forestry areas,4.0,0.0
S2B_MSIL2A_20180515T112109_N9999_R037_T29SND_14_14,"Land principally occupied by agriculture, with significant areas of natural vegetation",8.0,0.0
S2B_MSIL2A_20180515T112109_N9999_R037_T29SND_14_41,Complex cultivation patterns,5.0,0.0
S2B_MSIL2A_20180515T112109_N9999_R037_T29SND_14_60,Arable land,0.0,0.0
S2B_MSIL2A_20180515T112109_N9999_R037_T29SND_15_78,Agro-forestry areas,4.0,0.0
S2B_MSIL2A_20180515T112109_N9999_R037_T29SND_16_00,Arable land,0.0,0.0
S2B_MSIL2A_20180515T112109_N9999_R037_T29SND_16_45,Arable land,0.0,0.0
S2B_MSIL2A_20180515T112109_N9999_R037_T29SND_17_30,Coniferous forest,1.0,2.0
S2B_MSIL2A_20180515T112109_N9999_R037_T29SND_17_31,Broad-leaved forest,2.0,2.0
S2B_MSIL2A_20180515T112109_N9999_R037_T29SND_17_50,Broad-leaved forest,2.0,0.0
S2B_MSIL2A_20180515T112109_N9999_R037_T29SND_17_64,Arable land,0.0,0.0
S2B_MSIL2A_20180515T112109_N9999_R037_T29SND_18_42,Arable land,0.0,0.0
S2B_MSIL2A_20180515T112109_N9999_R037_T29SND_19_11,Mixed forest,9.0,0.0
S2B_MSIL2A_20180515T112109_N9999_R037_T29SND_19_20,Complex cultivation patterns,5.0,0.0
S2B_MSIL2A_20180515T112109_N9999_R037_T29SND_20_68,Arable land,0.0,0.0
S2B_MSIL2A_20180515T112109_N9999_R037_T29SND_20_72,Agro-forestry areas,4.0,0.0
S2B_MSIL2A_20180515T112109_N9999_R037_T29SND_21_46,Industrial or commercial units,11.0,0.0
S2B_MSIL2A_20180515T112109_N9999_R037_T29SND_22_40,Complex cultivation patterns,5.0,0.0
S2B_MSIL2A_20180515T112109_N9999_R037_T29SND_23_01,Complex cultivation patterns,5.0,0.0
S2B_MSIL2A_20180515T112109_N9999_R037_T29SND_23_21,"Land principally occupied by agriculture, with significant areas of natural vegetation",8.0,0.0
S2B_MSIL2A_20180515T112109_N9999_R037_T29SND_23_59,Agro-forestry areas,4.0,0.0
S2B_MSIL2A_20180515T112109_N9999_R037_T29SND_24_32,Arable land,0.0,0.0
S2B_MSIL2A_20180515T112109_N9999_R037_T29SND_24_53,Arable land,0.0,0.0
S2B_MSIL2A_20180515T112109_N9999_R037_T29SND_24_56,Arable land,0.0,0.0
S2B_MSIL2A_20180515T112109_N9999_R037_T29SND_24_58,Agro-forestry areas,4.0,0.0
S2B_MSIL2A_20180515T112109_N9999_R037_T29SND_25_31,"Land principally occupied by agriculture, with significant areas of natural vegetation",8.0,0.0
S2B_MSIL2A_20180515T112109_N9999_R037_T29SND_25_52,Arable land,0.0,0.0
S2B_MSIL2A_20180515T112109_N9999_R037_T29SND_25_67,Broad-leaved forest,2.0,0.0
S2B_MSIL2A_20180515T112109_N9999_R037_T29SND_26_36,Arable land,0.0,0.0
S2B_MSIL2A_20180515T112109_N9999_R037_T29SND_26_59,Agro-forestry areas,4.0,0.0
S2B_MSIL2A_20180515T112109_N9999_R037_T29SND_26_73,Agro-forestry areas,4.0,0.0
S2B_MSIL2A_20180515T112109_N9999_R037_T29SND_27_76,Broad-leaved forest,2.0,0.0
S2B_MSIL2A_20180515T112109_N9999_R037_T29SND_27_81,Broad-leaved forest,2.0,0.0
S2B_MSIL2A_20180515T112109_N9999_R037_T29SND_27_87,Arable land,0.0,4.0
S2B_MSIL2A_20180515T112109_N9999_R037_T29SND_28_15,"Land principally occupied by agriculture, with significant areas of natural vegetation",8.0,0.0
S2B_MSIL2A_20180515T112109_N9999_R037_T29SND_28_54,Broad-leaved forest,2.0,0.0
S2B_MSIL2A_20180515T112109_N9999_R037_T29SND_28_60,Broad-leaved forest,2.0,0.0
S2B_MSIL2A_20180515T112109_N9999_R037_T29SND_29_86,Agro-forestry areas,4.0,0.0
S2B_MSIL2A_20180515T112109_N9999_R037_T29SND_30_51,Complex cultivation patterns,5.0,0.0
S2B_MSIL2A_20180515T112109_N9999_R037_T29SND_30_72,Agro-forestry areas,4.0,0.0
S2B_MSIL2A_20180515T112109_N9999_R037_T29SND_31_36,Agro-forestry areas,4.0,4.0
S2B_MSIL2A_20180515T112109_N9999_R037_T29SND_31_41,Arable land,0.0,0.0
S2B_MSIL2A_20180515T112109_N9999_R037_T29SND_32_27,Arable land,0.0,0.0
S2B_MSIL2A_20180515T112109_N9999_R037_T29SND_34_12,"Moors, heathland and sclerophyllous vegetation",12.0,2.0
S2B_MSIL2A_20180515T112109_N9999_R037_T29SND_34_26,Arable land,0.0,0.0
S2B_MSIL2A_20180515T112109_N9999_R037_T29SND_34_34,Arable land,0.0,0.0
S2B_MSIL2A_20180515T112109_N9999_R037_T29SND_35_52,Broad-leaved forest,2.0,0.0
S2B_MSIL2A_20180515T112109_N9999_R037_T29SND_36_19,Complex cultivation patterns,5.0,0.0
S2B_MSIL2A_20180515T112109_N9999_R037_T29SND_37_21,Permanent crops,15.0,0.0
S2B_MSIL2A_20180515T112109_N9999_R037_T29SND_37_47,Agro-forestry areas,4.0,0.0
S2B_MSIL2A_20180515T112109_N9999_R037_T29SND_37_69,Arable land,0.0,0.0
S2B_MSIL2A_20180515T112109_N9999_R037_T29SND_39_85,Broad-leaved forest,2.0,0.0
S2B_MSIL2A_20180515T112109_N9999_R037_T29SND_41_59,Agro-forestry areas,4.0,4.0
S2B_MSIL2A_20180515T112109_N9999_R037_T29SND_41_63,Agro-forestry areas,4.0,0.0
S2B_MSIL2A_20180515T112109_N9999_R037_T29SND_41_86,Agro-forestry areas,4.0,0.0
S2B_MSIL2A_20180515T112109_N9999_R037_T29SND_41_89,Agro-forestry areas,4.0,4.0
S2B_MSIL2A_20180515T112109_N9999_R037_T29SND_42_13,Complex cultivation patterns,5.0,0.0
S2B_MSIL2A_20180515T112109_N9999_R037_T29SND_42_14,Complex cultivation patterns,5.0,0.0
S2B_MSIL2A_20180515T112109_N9999_R037_T29SND_42_88,Broad-leaved forest,2.0,0.0
S2B_MSIL2A_20180515T112109_N9999_R037_T29SND_43_23,Broad-leaved forest,2.0,0.0
S2B_MSIL2A_20180515T112109_N9999_R037_T29SND_43_27,Arable land,0.0,0.0
S2B_MSIL2A_20180515T112109_N9999_R037_T29SND_43_29,Coniferous forest,1.0,0.0
S2B_MSIL2A_20180515T112109_N9999_R037_T29SND_43_39,Arable land,0.0,0.0
S2B_MSIL2A_20180515T112109_N9999_R037_T29SND_43_51,Agro-forestry areas,4.0,0.0
S2B_MSIL2A_20180515T112109_N9999_R037_T29SND_44_66,Broad-leaved forest,2.0,0.0
S2B_MSIL2A_20180515T112109_N9999_R037_T29SND_44_90,Broad-leaved forest,2.0,0.0
S2B_MSIL2A_20180515T112109_N9999_R037_T29SND_45_39,Arable land,0.0,0.0
S2B_MSIL2A_20180515T112109_N9999_R037_T29SND_45_51,Broad-leaved forest,2.0,4.0
S2B_MSIL2A_20180515T112109_N9999_R037_T29SND_46_40,Broad-leaved forest,2.0,0.0
S2B_MSIL2A_20180515T112109_N9999_R037_T29SND_46_58,Arable land,0.0,0.0
S2B_MSIL2A_20180515T112109_N9999_R037_T29SND_46_78,Broad-leaved forest,2.0,4.0
S2B_MSIL2A_20180515T112109_N9999_R037_T29SND_48_12,Broad-leaved forest,2.0,0.0
S2B_MSIL2A_20180515T112109_N9999_R037_T29SND_48_25,Arable land,0.0,0.0
S2B_MSIL2A_20180515T112109_N9999_R037_T29SND_48_55,Agro-forestry areas,4.0,4.0
S2B_MSIL2A_20180515T112109_N9999_R037_T29SND_48_84,Agro-forestry areas,4.0,4.0
S2B_MSIL2A_20180515T112109_N9999_R037_T29SND_50_26,Arable land,0.0,0.0
S2B_MSIL2A_20180515T112109_N9999_R037_T29SND_50_45,Arable land,0.0,0.0
S2B_MSIL2A_20180515T112109_N9999_R037_T29SND_50_89,Agro-forestry areas,4.0,0.0
S2B_MSIL2A_20180515T112109_N9999_R037_T29SND_51_16,Inland waters,6.0,1.0
S2B_MSIL2A_20180515T112109_N9999_R037_T29SND_51_57,Agro-forestry areas,4.0,0.0
S2B_MSIL2A_20180515T112109_N9999_R037_T29SND_52_04,Broad-leaved forest,2.0,0.0
S2B_MSIL2A_20180515T112109_N9999_R037_T29SND_52_57,Agro-forestry areas,4.0,4.0
S2B_MSIL2A_20180515T112109_N9999_R037_T29SND_52_59,Broad-leaved forest,2.0,0.0
S2B_MSIL2A_20180515T112109_N9999_R037_T29SND_52_76,Mixed forest,9.0,4.0
S2B_MSIL2A_20180515T112109_N9999_R037_T29SND_54_66,Arable land,0.0,0.0
S2B_MSIL2A_20180515T112109_N9999_R037_T29SND_54_89,Agro-forestry areas,4.0,4.0
S2B_MSIL2A_20180515T112109_N9999_R037_T29SND_56_79,Arable land,0.0,4.0
S2B_MSIL2A_20180515T112109_N9999_R037_T29SND_57_11,Broad-leaved forest,2.0,1.0
S2B_MSIL2A_20180515T112109_N9999_R037_T29SND_57_21,Broad-leaved forest,2.0,0.0
S2B_MSIL2A_20180515T112109_N9999_R037_T29SND_57_36,Broad-leaved forest,2.0,0.0
S2B_MSIL2A_20180515T112109_N9999_R037_T29SND_57_52,Agro-forestry areas,4.0,0.0
S2B_MSIL2A_20180515T112109_N9999_R037_T29SND_57_74,Agro-forestry areas,4.0,0.0
S2B_MSIL2A_20180515T112109_N9999_R037_T29SND_58_65,Arable land,0.0,0.0
S2B_MSIL2A_20180515T112109_N9999_R037_T29SND_59_15,Broad-leaved forest,2.0,0.0
S2B_MSIL2A_20180515T112109_N9999_R037_T29SND_59_56,Broad-leaved forest,2.0,2.0
S2B_MSIL2A_20180515T112109_N9999_R037_T29SND_59_57,Broad-leaved forest,2.0,0.0
S2B_MSIL2A_20180515T112109_N9999_R037_T29SND_60_08,"Moors, heathland and sclerophyllous vegetation",12.0,0.0
S2B_MSIL2A_20180515T112109_N9999_R037_T29SND_60_46,Agro-forestry areas,4.0,0.0
S2B_MSIL2A_20180515T112109_N9999_R037_T29SND_62_01,"Land principally occupied by agriculture, with significant areas of natural vegetation",8.0,1.0
S2B_MSIL2A_20180515T112109_N9999_R037_T29SND_62_04,Coniferous forest,1.0,0.0
S2B_MSIL2A_20180515T112109_N9999_R037_T29SND_62_56,Agro-forestry areas,4.0,0.0
S2B_MSIL2A_20180515T112109_N9999_R037_T29SND_62_64,Agro-forestry areas,4.0,0.0
S2B_MSIL2A_20180515T112109_N9999_R037_T29SND_63_66,Agro-forestry areas,4.0,4.0
S2B_MSIL2A_20180515T112109_N9999_R037_T29SND_64_72,Arable land,0.0,0.0
S2B_MSIL2A_20180515T112109_N9999_R037_T29SND_65_01,"Moors, heathland and sclerophyllous vegetation",12.0,2.0
S2B_MSIL2A_20180515T112109_N9999_R037_T29SND_65_22,Complex cultivation patterns,5.0,0.0
S2B_MSIL2A_20180515T112109_N9999_R037_T29SND_65_64,Agro-forestry areas,4.0,4.0
S2B_MSIL2A_20180515T112109_N9999_R037_T29SND_66_28,Broad-leaved forest,2.0,0.0
S2B_MSIL2A_20180515T112109_N9999_R037_T29SND_66_79,Agro-forestry areas,4.0,4.0
S2B_MSIL2A_20180515T112109_N9999_R037_T29SND_67_75,Agro-forestry areas,4.0,0.0
S2B_MSIL2A_20180515T112109_N9999_R037_T29SND_67_76,Agro-forestry areas,4.0,4.0
S2B_MSIL2A_20180515T112109_N9999_R037_T29SND_68_13,Broad-leaved forest,2.0,0.0
S2B_MSIL2A_20180515T112109_N9999_R037_T29SND_68_57,Broad-leaved forest,2.0,4.0
S2B_MSIL2A_20180515T112109_N9999_R037_T29SND_68_86,Agro-forestry areas,4.0,4.0
S2B_MSIL2A_20180515T112109_N9999_R037_T29SND_69_55,Arable land,0.0,0.0
S2B_MSIL2A_20180515T112109_N9999_R037_T29SND_69_88,Agro-forestry areas,4.0,4.0
S2B_MSIL2A_20180515T112109_N9999_R037_T29SND_70_15,Coniferous forest,1.0,0.0
S2B_MSIL2A_20180515T112109_N9999_R037_T29SND_71_07,"Land principally occupied by agriculture, with significant areas of natural vegetation",8.0,2.0
S2B_MSIL2A_20180515T112109_N9999_R037_T29SND_71_11,"Transitional woodland, shrub",14.0,0.0
S2B_MSIL2A_20180515T112109_N9999_R037_T29SND_73_67,Agro-forestry areas,4.0,0.0
S2B_MSIL2A_20180515T112109_N9999_R037_T29SND_74_00,Broad-leaved forest,2.0,0.0
S2B_MSIL2A_20180515T112109_N9999_R037_T29SND_74_04,Broad-leaved forest,2.0,0.0
S2B_MSIL2A_20180515T112109_N9999_R037_T29SND_74_35,Broad-leaved forest,2.0,0.0
S2B_MSIL2A_20180515T112109_N9999_R037_T29SND_74_47,Broad-leaved forest,2.0,4.0
S2B_MSIL2A_20180515T112109_N9999_R037_T29SND_75_70,Agro-forestry areas,4.0,4.0
S2B_MSIL2A_20180515T112109_N9999_R037_T29SND_75_90,Agro-forestry areas,4.0,0.0
S2B_MSIL2A_20180515T112109_N9999_R037_T29SND_77_41,Agro-forestry areas,4.0,0.0
S2B_MSIL2A_20180515T112109_N9999_R037_T29SND_77_88,Agro-forestry areas,4.0,4.0
S2B_MSIL2A_20180515T112109_N9999_R037_T29SND_78_30,Broad-leaved forest,2.0,0.0
S2B_MSIL2A_20180515T112109_N9999_R037_T29SND_79_06,Complex cultivation patterns,5.0,0.0
S2B_MSIL2A_20180515T112109_N9999_R037_T29SND_80_41,Arable land,0.0,0.0
S2B_MSIL2A_20180515T112109_N9999_R037_T29SND_81_73,Agro-forestry areas,4.0,0.0
S2B_MSIL2A_20180515T112109_N9999_R037_T29SND_82_01,Coniferous forest,1.0,0.0
S2B_MSIL2A_20180515T112109_N9999_R037_T29SND_82_14,Coniferous forest,1.0,0.0
S2B_MSIL2A_20180515T112109_N9999_R037_T29SND_82_17,Complex cultivation patterns,5.0,0.0
S2B_MSIL2A_20180515T112109_N9999_R037_T29SND_82_47,Agro-forestry areas,4.0,0.0
S2B_MSIL2A_20180515T112109_N9999_R037_T29SND_83_75,Agro-forestry areas,4.0,4.0
S2B_MSIL2A_20180515T112109_N9999_R037_T29SND_83_90,Agro-forestry areas,4.0,0.0
S2B_MSIL2A_20180515T112109_N9999_R037_T29SND_84_03,Arable land,0.0,0.0
S2B_MSIL2A_20180515T112109_N9999_R037_T29SND_84_66,Agro-forestry areas,4.0,4.0
S2B_MSIL2A_20180515T112109_N9999_R037_T29SND_85_03,Arable land,0.0,0.0
S2B_MSIL2A_20180515T112109_N9999_R037_T29SND_86_58,Agro-forestry areas,4.0,0.0
S2B_MSIL2A_20180515T112109_N9999_R037_T29SND_87_11,Broad-leaved forest,2.0,0.0
S2B_MSIL2A_20180515T112109_N9999_R037_T29SND_87_13,Broad-leaved forest,2.0,0.0
S2B_MSIL2A_20180515T112109_N9999_R037_T29SND_88_23,Broad-leaved forest,2.0,0.0
S2B_MSIL2A_20180515T112109_N9999_R037_T29SND_88_36,Agro-forestry areas,4.0,4.0
S2B_MSIL2A_20180515T112109_N9999_R037_T29SND_88_51,Agro-forestry areas,4.0,4.0
S2B_MSIL2A_20180515T112109_N9999_R037_T29SND_88_83,Agro-forestry areas,4.0,0.0
S2B_MSIL2A_20180515T112109_N9999_R037_T29SND_88_85,Agro-forestry areas,4.0,4.0
S2B_MSIL2A_20180515T112109_N9999_R037_T29SND_89_02,"Transitional woodland, shrub",14.0,1.0
S2B_MSIL2A_20180515T112109_N9999_R037_T29SND_89_21,Arable land,0.0,0.0
S2B_MSIL2A_20180515T112109_N9999_R037_T29SND_90_03,Complex cultivation patterns,5.0,1.0
S2B_MSIL2A_20180521T100029_N9999_R122_T34WFS_00_61,Marine waters,3.0,3.0
S2B_MSIL2A_20180521T100029_N9999_R122_T34WFS_00_64,Marine waters,3.0,3.0
S2B_MSIL2A_20180521T100029_N9999_R122_T34WFS_00_69,Marine waters,3.0,3.0
S2B_MSIL2A_20180521T100029_N9999_R122_T34WFS_00_76,Marine waters,3.0,3.0
S2B_MSIL2A_20180521T100029_N9999_R122_T34WFS_02_57,Marine waters,3.0,3.0
S2B_MSIL2A_20180521T100029_N9999_R122_T34WFS_04_70,Marine waters,3.0,3.0
S2B_MSIL2A_20180521T100029_N9999_R122_T34WFS_05_79,Marine waters,3.0,3.0
S2B_MSIL2A_20180521T100029_N9999_R122_T34WFS_07_56,Marine waters,3.0,3.0
S2B_MSIL2A_20180521T100029_N9999_R122_T34WFS_09_50,Marine waters,3.0,3.0
S2B_MSIL2A_20180521T100029_N9999_R122_T34WFS_09_87,Marine waters,3.0,3.0
S2B_MSIL2A_20180521T100029_N9999_R122_T34WFS_11_73,Marine waters,3.0,3.0
S2B_MSIL2A_20180521T100029_N9999_R122_T34WFS_13_72,Marine waters,3.0,3.0
S2B_MSIL2A_20180521T100029_N9999_R122_T34WFS_13_82,Marine waters,3.0,3.0
S2B_MSIL2A_20180521T100029_N9999_R122_T34WFS_15_85,Arable land,0.0,0.0
S2B_MSIL2A_20180521T100029_N9999_R122_T34WFS_16_75,Marine waters,3.0,3.0
S2B_MSIL2A_20180521T100029_N9999_R122_T34WFS_17_66,Marine waters,3.0,3.0
S2B_MSIL2A_20180521T100029_N9999_R122_T34WFS_19_89,Arable land,0.0,0.0
S2B_MSIL2A_20180521T100029_N9999_R122_T34WFS_21_39,Marine waters,3.0,3.0
S2B_MSIL2A_20180521T100029_N9999_R122_T34WFS_24_48,Marine waters,3.0,3.0
S2B_MSIL2A_20180521T100029_N9999_R122_T34WFS_25_84,Arable land,0.0,0.0
S2B_MSIL2A_20180521T100029_N9999_R122_T34WFS_28_23,Marine waters,3.0,3.0
S2B_MSIL2A_20180521T100029_N9999_R122_T34WFS_29_29,Marine waters,3.0,3.0
S2B_MSIL2A_20180521T100029_N9999_R122_T34WFS_29_45,Marine waters,3.0,3.0
S2B_MSIL2A_20180521T100029_N9999_R122_T34WFS_30_41,Marine waters,3.0,3.0
S2B_MSIL2A_20180521T100029_N9999_R122_T34WFS_30_49,Marine waters,3.0,3.0
S2B_MSIL2A_20180521T100029_N9999_R122_T34WFS_30_76,Arable land,0.0,1.0
S2B_MSIL2A_20180521T100029_N9999_R122_T34WFS_30_87,Coniferous forest,1.0,1.0
S2B_MSIL2A_20180521T100029_N9999_R122_T34WFS_32_79,Coniferous forest,1.0,1.0
S2B_MSIL2A_20180521T100029_N9999_R122_T34WFS_33_11,Marine waters,3.0,3.0
S2B_MSIL2A_20180521T100029_N9999_R122_T34WFS_33_44,Marine waters,3.0,3.0
S2B_MSIL2A_20180521T100029_N9999_R122_T34WFS_34_33,Marine waters,3.0,3.0
S2B_MSIL2A_20180521T100029_N9999_R122_T34WFS_34_71,Arable land,0.0,0.0
S2B_MSIL2A_20180521T100029_N9999_R122_T34WFS_36_07,Marine waters,3.0,3.0
S2B_MSIL2A_20180521T100029_N9999_R122_T34WFS_36_64,Arable land,0.0,0.0
S2B_MSIL2A_20180521T100029_N9999_R122_T34WFS_36_72,Arable land,0.0,1.0
S2B_MSIL2A_20180521T100029_N9999_R122_T34WFS_36_84,Arable land,0.0,0.0
S2B_MSIL2A_20180521T100029_N9999_R122_T34WFS_37_05,Marine waters,3.0,3.0
S2B_MSIL2A_20180521T100029_N9999_R122_T34WFS_37_39,Marine waters,3.0,3.0
S2B_MSIL2A_20180521T100029_N9999_R122_T34WFS_38_22,Marine waters,3.0,3.0
S2B_MSIL2A_20180521T100029_N9999_R122_T34WFS_38_27,Marine waters,3.0,3.0
S2B_MSIL2A_20180521T100029_N9999_R122_T34WFS_38_90,Coniferous forest,1.0,1.0
S2B_MSIL2A_20180521T100029_N9999_R122_T34WFS_39_25,Marine waters,3.0,3.0
S2B_MSIL2A_20180521T100029_N9999_R122_T34WFS_39_40,Marine waters,3.0,3.0
S2B_MSIL2A_20180521T100029_N9999_R122_T34WFS_39_61,Arable land,0.0,0.0
S2B_MSIL2A_20180521T100029_N9999_R122_T34WFS_39_76,Coniferous forest,1.0,1.0
S2B_MSIL2A_20180521T100029_N9999_R122_T34WFS_39_78,Arable land,0.0,0.0
S2B_MSIL2A_20180521T100029_N9999_R122_T34WFS_40_39,Marine waters,3.0,3.0
S2B_MSIL2A_20180521T100029_N9999_R122_T34WFS_40_46,Arable land,0.0,0.0
S2B_MSIL2A_20180521T100029_N9999_R122_T34WFS_40_72,Arable land,0.0,1.0
S2B_MSIL2A_20180521T100029_N9999_R122_T34WFS_41_19,Marine waters,3.0,3.0
S2B_MSIL2A_20180521T100029_N9999_R122_T34WFS_43_59,Coniferous forest,1.0,1.0
S2B_MSIL2A_20180521T100029_N9999_R122_T34WFS_44_03,Marine waters,3.0,3.0
S2B_MSIL2A_20180521T100029_N9999_R122_T34WFS_44_85,Coniferous forest,1.0,1.0
S2B_MSIL2A_20180521T100029_N9999_R122_T34WFS_45_59,Arable land,0.0,1.0
S2B_MSIL2A_20180521T100029_N9999_R122_T34WFS_45_63,Arable land,0.0,0.0
S2B_MSIL2A_20180521T100029_N9999_R122_T34WFS_45_81,Coniferous forest,1.0,1.0
S2B_MSIL2A_20180521T100029_N9999_R122_T34WFS_46_48,Coniferous forest,1.0,1.0
S2B_MSIL2A_20180521T100029_N9999_R122_T34WFS_47_02,Marine waters,3.0,3.0
S2B_MSIL2A_20180521T100029_N9999_R122_T34WFS_47_05,Marine waters,3.0,3.0
S2B_MSIL2A_20180521T100029_N9999_R122_T34WFS_47_37,Coniferous forest,1.0,1.0
S2B_MSIL2A_20180521T100029_N9999_R122_T34WFS_47_42,Coniferous forest,1.0,1.0
S2B_MSIL2A_20180521T100029_N9999_R122_T34WFS_48_14,Marine waters,3.0,3.0
S2B_MSIL2A_20180521T100029_N9999_R122_T34WFS_48_18,Marine waters,3.0,3.0
S2B_MSIL2A_20180521T100029_N9999_R122_T34WFS_48_41,Arable land,0.0,0.0
S2B_MSIL2A_20180521T100029_N9999_R122_T34WFS_48_51,Coniferous forest,1.0,1.0
S2B_MSIL2A_20180521T100029_N9999_R122_T34WFS_49_47,Arable land,0.0,1.0
S2B_MSIL2A_20180521T100029_N9999_R122_T34WFS_49_58,Arable land,0.0,0.0
S2B_MSIL2A_20180521T100029_N9999_R122_T34WFS_49_71,Coniferous forest,1.0,1.0
S2B_MSIL2A_20180521T100029_N9999_R122_T34WFS_50_10,Marine waters,3.0,3.0
S2B_MSIL2A_20180521T100029_N9999_R122_T34WFS_50_27,Broad-leaved forest,2.0,3.0
S2B_MSIL2A_20180521T100029_N9999_R122_T34WFS_50_30,Marine waters,3.0,3.0
S2B_MSIL2A_20180521T100029_N9999_R122_T34WFS_50_46,Arable land,0.0,0.0
S2B_MSIL2A_20180521T100029_N9999_R122_T34WFS_50_66,Arable land,0.0,0.0
S2B_MSIL2A_20180521T100029_N9999_R122_T34WFS_50_84,Arable land,0.0,0.0
S2B_MSIL2A_20180521T100029_N9999_R122_T34WFS_51_89,Arable land,0.0,0.0
S2B_MSIL2A_20180521T100029_N9999_R122_T34WFS_52_49,Arable land,0.0,0.0
S2B_MSIL2A_20180521T100029_N9999_R122_T34WFS_52_58,Coniferous forest,1.0,1.0
S2B_MSIL2A_20180521T100029_N9999_R122_T34WFS_54_39,Coniferous forest,1.0,1.0
S2B_MSIL2A_20180521T100029_N9999_R122_T34WFS_55_69,Arable land,0.0,0.0
S2B_MSIL2A_20180521T100029_N9999_R122_T34WFS_55_79,Coniferous forest,1.0,1.0
S2B_MSIL2A_20180521T100029_N9999_R122_T34WFS_56_72,Arable land,0.0,0.0
S2B_MSIL2A_20180521T100029_N9999_R122_T34WFS_57_23,Broad-leaved forest,2.0,1.0
S2B_MSIL2A_20180521T100029_N9999_R122_T34WFS_57_63,Arable land,0.0,0.0
S2B_MSIL2A_20180521T100029_N9999_R122_T34WFS_57_68,Coniferous forest,1.0,1.0
S2B_MSIL2A_20180521T100029_N9999_R122_T34WFS_57_79,Arable land,0.0,0.0
S2B_MSIL2A_20180521T100029_N9999_R122_T34WFS_57_86,Arable land,0.0,1.0
S2B_MSIL2A_20180521T100029_N9999_R122_T34WFS_58_05,Arable land,0.0,0.0
S2B_MSIL2A_20180521T100029_N9999_R122_T34WFS_58_06,Coniferous forest,1.0,0.0
S2B_MSIL2A_20180521T100029_N9999_R122_T34WFS_58_81,Coniferous forest,1.0,1.0
S2B_MSIL2A_20180521T100029_N9999_R122_T34WFS_59_47,Coniferous forest,1.0,1.0
S2B_MSIL2A_20180521T100029_N9999_R122_T34WFS_59_61,Arable land,0.0,1.0
S2B_MSIL2A_20180521T100029_N9999_R122_T34WFS_60_85,Arable land,0.0,1.0
S2B_MSIL2A_20180521T100029_N9999_R122_T34WFS_61_39,Coniferous forest,1.0,1.0
S2B_MSIL2A_20180521T100029_N9999_R122_T34WFS_63_50,Coniferous forest,1.0,1.0
S2B_MSIL2A_20180521T100029_N9999_R122_T34WFS_64_59,Arable land,0.0,0.0
S2B_MSIL2A_20180521T100029_N9999_R122_T34WFS_65_54,Coniferous forest,1.0,1.0
S2B_MSIL2A_20180521T100029_N9999_R122_T34WFS_66_06,Arable land,0.0,0.0
S2B_MSIL2A_20180521T100029_N9999_R122_T34WFS_66_54,Arable land,0.0,0.0
S2B_MSIL2A_20180521T100029_N9999_R122_T34WFS_66_82,Coniferous forest,1.0,1.0
S2B_MSIL2A_20180521T100029_N9999_R122_T34WFS_67_45,Coniferous forest,1.0,1.0
S2B_MSIL2A_20180521T100029_N9999_R122_T34WFS_67_52,Coniferous forest,1.0,1.0
S2B_MSIL2A_20180521T100029_N9999_R122_T34WFS_67_57,Coniferous forest,1.0,0.0
S2B_MSIL2A_20180521T100029_N9999_R122_T34WFS_67_86,Arable land,0.0,0.0
S2B_MSIL2A_20180521T100029_N9999_R122_T34WFS_69_18,Coniferous forest,1.0,1.0
S2B_MSIL2A_20180521T100029_N9999_R122_T34WFS_69_79,Arable land,0.0,0.0
S2B_MSIL2A_20180521T100029_N9999_R122_T34WFS_70_18,Coniferous forest,1.0,1.0
S2B_MSIL2A_20180521T100029_N9999_R122_T34WFS_70_30,Arable land,0.0,1.0
S2B_MSIL2A_20180521T100029_N9999_R122_T34WFS_70_43,Coniferous forest,1.0,1.0
S2B_MSIL2A_20180521T100029_N9999_R122_T34WFS_71_34,Coniferous forest,1.0,1.0
S2B_MSIL2A_20180521T100029_N9999_R122_T34WFS_72_56,Arable land,0.0,0.0
S2B_MSIL2A_20180521T100029_N9999_R122_T34WFS_72_86,Arable land,0.0,0.0
S2B_MSIL2A_20180521T100029_N9999_R122_T34WFS_73_32,Coniferous forest,1.0,1.0
S2B_MSIL2A_20180521T100029_N9999_R122_T34WFS_73_78,Coniferous forest,1.0,1.0
S2B_MSIL2A_20180521T100029_N9999_R122_T34WFS_74_08,Arable land,0.0,0.0
S2B_MSIL2A_20180521T100029_N9999_R122_T34WFS_74_53,Arable land,0.0,0.0
S2B_MSIL2A_20180521T100029_N9999_R122_T34WFS_74_74,Coniferous forest,1.0,1.0
S2B_MSIL2A_20180521T100029_N9999_R122_T34WFS_75_24,Arable land,0.0,1.0
S2B_MSIL2A_20180521T100029_N9999_R122_T34WFS_75_45,Coniferous forest,1.0,1.0
S2B_MSIL2A_20180521T100029_N9999_R122_T34WFS_75_69,Coniferous forest,1.0,1.0
S2B_MSIL2A_20180521T100029_N9999_R122_T34WFS_76_55,Arable land,0.0,0.0
S2B_MSIL2A_20180521T100029_N9999_R122_T34WFS_77_12,Coniferous forest,1.0,4.0
S2B_MSIL2A_20180521T100029_N9999_R122_T34WFS_77_89,Arable land,0.0,0.0
S2B_MSIL2A_20180521T100029_N9999_R122_T34WFS_78_33,Coniferous forest,1.0,1.0
S2B_MSIL2A_20180521T100029_N9999_R122_T34WFS_80_48,Arable land,0.0,1.0
S2B_MSIL2A_20180521T100029_N9999_R122_T34WFS_80_59,Arable land,0.0,0.0
S2B_MSIL2A_20180521T100029_N9999_R122_T34WFS_80_65,Arable land,0.0,0.0
S2B_MSIL2A_20180521T100029_N9999_R122_T34WFS_82_57,Coniferous forest,1.0,1.0
S2B_MSIL2A_20180521T100029_N9999_R122_T34WFS_83_40,Coniferous forest,1.0,0.0
S2B_MSIL2A_20180521T100029_N9999_R122_T34WFS_83_87,Arable land,0.0,0.0
S2B_MSIL2A_20180521T100029_N9999_R122_T34WFS_84_03,Arable land,0.0,0.0
S2B_MSIL2A_20180521T100029_N9999_R122_T34WFS_84_38,Coniferous forest,1.0,1.0
S2B_MSIL2A_20180521T100029_N9999_R122_T34WFS_86_75,Coniferous forest,1.0,1.0
S2B_MSIL2A_20180521T100029_N9999_R122_T34WFS_87_01,Arable land,0.0,3.0
S2B_MSIL2A_20180521T100029_N9999_R122_T34WFS_88_79,Arable land,0.0,0.0
S2B_MSIL2A_20180521T100029_N9999_R122_T34WFS_89_03,Arable land,0.0,0.0
S2B_MSIL2A_20180521T100029_N9999_R122_T34WFS_89_07,Arable land,0.0,0.0
S2B_MSIL2A_20180521T100029_N9999_R122_T34WFS_89_51,Coniferous forest,1.0,1.0
S2B_MSIL2A_20180521T100029_N9999_R122_T34WFS_89_59,Arable land,0.0,1.0
S2B_MSIL2A_20180521T100029_N9999_R122_T34WFS_90_12,Coniferous forest,1.0,1.0
S2B_MSIL2A_20180521T100029_N9999_R122_T34WFS_90_21,Arable land,0.0,0.0
S2B_MSIL2A_20180522T093029_N9999_R136_T35VPJ_00_77,Coniferous forest,1.0,1.0
S2B_MSIL2A_20180522T093029_N9999_R136_T35VPJ_01_46,Coniferous forest,1.0,1.0
S2B_MSIL2A_20180522T093029_N9999_R136_T35VPJ_02_55,Coniferous forest,1.0,1.0
S2B_MSIL2A_20180522T093029_N9999_R136_T35VPJ_04_17,Coniferous forest,1.0,1.0
S2B_MSIL2A_20180522T093029_N9999_R136_T35VPJ_05_54,Coniferous forest,1.0,1.0
S2B_MSIL2A_20180522T093029_N9999_R136_T35VPJ_06_28,Coniferous forest,1.0,1.0
S2B_MSIL2A_20180522T093029_N9999_R136_T35VPJ_06_30,Arable land,0.0,0.0
S2B_MSIL2A_20180522T093029_N9999_R136_T35VPJ_06_58,Coniferous forest,1.0,1.0
S2B_MSIL2A_20180522T093029_N9999_R136_T35VPJ_07_04,Coniferous forest,1.0,2.0
S2B_MSIL2A_20180522T093029_N9999_R136_T35VPJ_07_09,Arable land,0.0,0.0
S2B_MSIL2A_20180522T093029_N9999_R136_T35VPJ_07_32,Arable land,0.0,0.0
S2B_MSIL2A_20180522T093029_N9999_R136_T35VPJ_08_05,Coniferous forest,1.0,6.0
S2B_MSIL2A_20180522T093029_N9999_R136_T35VPJ_08_85,Coniferous forest,1.0,1.0
S2B_MSIL2A_20180522T093029_N9999_R136_T35VPJ_08_90,Coniferous forest,1.0,1.0
S2B_MSIL2A_20180522T093029_N9999_R136_T35VPJ_09_34,Broad-leaved forest,2.0,0.0
S2B_MSIL2A_20180522T093029_N9999_R136_T35VPJ_09_51,Coniferous forest,1.0,1.0
S2B_MSIL2A_20180522T093029_N9999_R136_T35VPJ_09_69,Inland waters,6.0,2.0
S2B_MSIL2A_20180522T093029_N9999_R136_T35VPJ_09_78,Coniferous forest,1.0,1.0
S2B_MSIL2A_20180522T093029_N9999_R136_T35VPJ_10_59,Broad-leaved forest,2.0,1.0
S2B_MSIL2A_20180522T093029_N9999_R136_T35VPJ_10_87,Arable land,0.0,0.0
S2B_MSIL2A_20180522T093029_N9999_R136_T35VPJ_11_24,Broad-leaved forest,2.0,1.0
S2B_MSIL2A_20180522T093029_N9999_R136_T35VPJ_14_70,Coniferous forest,1.0,0.0
S2B_MSIL2A_20180522T093029_N9999_R136_T35VPJ_15_13,Coniferous forest,1.0,1.0
S2B_MSIL2A_20180522T093029_N9999_R136_T35VPJ_15_80,Coniferous forest,1.0,1.0
S2B_MSIL2A_20180522T093029_N9999_R136_T35VPJ_15_85,Broad-leaved forest,2.0,0.0
S2B_MSIL2A_20180522T093029_N9999_R136_T35VPJ_16_04,Coniferous forest,1.0,1.0
S2B_MSIL2A_20180522T093029_N9999_R136_T35VPJ_16_85,Arable land,0.0,1.0
S2B_MSIL2A_20180522T093029_N9999_R136_T35VPJ_16_87,Arable land,0.0,0.0
S2B_MSIL2A_20180522T093029_N9999_R136_T35VPJ_17_14,Coniferous forest,1.0,1.0
S2B_MSIL2A_20180522T093029_N9999_R136_T35VPJ_17_65,Coniferous forest,1.0,1.0
S2B_MSIL2A_20180522T093029_N9999_R136_T35VPJ_18_06,Inland waters,6.0,6.0
S2B_MSIL2A_20180522T093029_N9999_R136_T35VPJ_18_33,Broad-leaved forest,2.0,1.0
S2B_MSIL2A_20180522T093029_N9999_R136_T35VPJ_18_42,Coniferous forest,1.0,1.0
S2B_MSIL2A_20180522T093029_N9999_R136_T35VPJ_18_74,Coniferous forest,1.0,0.0
S2B_MSIL2A_20180522T093029_N9999_R136_T35VPJ_19_01,Inland waters,6.0,6.0
S2B_MSIL2A_20180522T093029_N9999_R136_T35VPJ_19_79,Coniferous forest,1.0,2.0
S2B_MSIL2A_20180522T093029_N9999_R136_T35VPJ_20_26,Broad-leaved forest,2.0,1.0
S2B_MSIL2A_20180522T093029_N9999_R136_T35VPJ_20_70,Arable land,0.0,1.0
S2B_MSIL2A_20180522T093029_N9999_R136_T35VPJ_21_62,Coniferous forest,1.0,0.0
S2B_MSIL2A_20180522T093029_N9999_R136_T35VPJ_23_20,Inland waters,6.0,1.0
S2B_MSIL2A_20180522T093029_N9999_R136_T35VPJ_24_04,Inland waters,6.0,6.0
S2B_MSIL2A_20180522T093029_N9999_R136_T35VPJ_25_08,Coniferous forest,1.0,1.0
S2B_MSIL2A_20180522T093029_N9999_R136_T35VPJ_25_20,Inland waters,6.0,3.0
S2B_MSIL2A_20180522T093029_N9999_R136_T35VPJ_25_36,Coniferous forest,1.0,1.0
S2B_MSIL2A_20180522T093029_N9999_R136_T35VPJ_26_38,Coniferous forest,1.0,1.0
S2B_MSIL2A_20180522T093029_N9999_R136_T35VPJ_26_41,Broad-leaved forest,2.0,0.0
S2B_MSIL2A_20180522T093029_N9999_R136_T35VPJ_26_59,Inland waters,6.0,6.0
S2B_MSIL2A_20180522T093029_N9999_R136_T35VPJ_26_60,Inland waters,6.0,1.0
S2B_MSIL2A_20180522T093029_N9999_R136_T35VPJ_27_24,Broad-leaved forest,2.0,1.0
S2B_MSIL2A_20180522T093029_N9999_R136_T35VPJ_27_27,Broad-leaved forest,2.0,1.0
S2B_MSIL2A_20180522T093029_N9999_R136_T35VPJ_27_34,Inland waters,6.0,6.0
S2B_MSIL2A_20180522T093029_N9999_R136_T35VPJ_27_64,Arable land,0.0,0.0
S2B_MSIL2A_20180522T093029_N9999_R136_T35VPJ_28_10,Broad-leaved forest,2.0,1.0
S2B_MSIL2A_20180522T093029_N9999_R136_T35VPJ_28_59,Arable land,0.0,0.0
S2B_MSIL2A_20180522T093029_N9999_R136_T35VPJ_29_50,Broad-leaved forest,2.0,1.0
S2B_MSIL2A_20180522T093029_N9999_R136_T35VPJ_30_25,Inland waters,6.0,6.0
S2B_MSIL2A_20180522T093029_N9999_R136_T35VPJ_31_35,Coniferous forest,1.0,1.0
S2B_MSIL2A_20180522T093029_N9999_R136_T35VPJ_33_00,Broad-leaved forest,2.0,0.0
S2B_MSIL2A_20180522T093029_N9999_R136_T35VPJ_33_15,Coniferous forest,1.0,1.0
S2B_MSIL2A_20180522T093029_N9999_R136_T35VPJ_33_18,Coniferous forest,1.0,3.0
S2B_MSIL2A_20180522T093029_N9999_R136_T35VPJ_33_48,Coniferous forest,1.0,0.0
S2B_MSIL2A_20180522T093029_N9999_R136_T35VPJ_34_60,Arable land,0.0,0.0
S2B_MSIL2A_20180522T093029_N9999_R136_T35VPJ_36_26,Coniferous forest,1.0,1.0
S2B_MSIL2A_20180522T093029_N9999_R136_T35VPJ_37_23,Coniferous forest,1.0,1.0
S2B_MSIL2A_20180522T093029_N9999_R136_T35VPJ_38_03,Coniferous forest,1.0,6.0
S2B_MSIL2A_20180522T093029_N9999_R136_T35VPJ_39_00,Coniferous forest,1.0,1.0
S2B_MSIL2A_20180522T093029_N9999_R136_T35VPJ_44_03,Inland waters,6.0,1.0
S2B_MSIL2A_20180522T093029_N9999_R136_T35VPJ_46_19,Inland waters,6.0,1.0
S2B_MSIL2A_20180522T093029_N9999_R136_T35VPJ_47_13,Broad-leaved forest,2.0,2.0
S2B_MSIL2A_20180522T093029_N9999_R136_T35VPJ_47_40,Coniferous forest,1.0,1.0
S2B_MSIL2A_20180522T093029_N9999_R136_T35VPJ_51_25,Arable land,0.0,0.0
S2B_MSIL2A_20180522T093029_N9999_R136_T35VPJ_51_37,Coniferous forest,1.0,1.0
S2B_MSIL2A_20180522T093029_N9999_R136_T35VPJ_54_13,Arable land,0.0,0.0
S2B_MSIL2A_20180522T093029_N9999_R136_T35VPJ_55_09,Inland waters,6.0,6.0
S2B_MSIL2A_20180522T093029_N9999_R136_T35VPJ_58_04,Arable land,0.0,0.0
S2B_MSIL2A_20180522T093029_N9999_R136_T35VPJ_59_25,Coniferous forest,1.0,1.0
S2B_MSIL2A_20180522T093029_N9999_R136_T35VPJ_61_10,Broad-leaved forest,2.0,0.0
S2B_MSIL2A_20180522T093029_N9999_R136_T35VPJ_64_06,Arable land,0.0,0.0
S2B_MSIL2A_20180525T094029_N9999_R036_T35VNH_00_12,Coniferous forest,1.0,1.0
S2B_MSIL2A_20180525T094029_N9999_R036_T35VNH_00_68,Coniferous forest,1.0,1.0
S2B_MSIL2A_20180525T094029_N9999_R036_T35VNH_01_16,Coniferous forest,1.0,1.0
S2B_MSIL2A_20180525T094029_N9999_R036_T35VNH_01_52,Arable land,0.0,0.0
S2B_MSIL2A_20180525T094029_N9999_R036_T35VNH_01_53,Arable land,0.0,0.0
S2B_MSIL2A_20180525T094029_N9999_R036_T35VNH_02_42,Coniferous forest,1.0,1.0
S2B_MSIL2A_20180525T094029_N9999_R036_T35VNH_03_35,Coniferous forest,1.0,1.0
S2B_MSIL2A_20180525T094029_N9999_R036_T35VNH_04_27,Coniferous forest,1.0,1.0
S2B_MSIL2A_20180525T094029_N9999_R036_T35VNH_04_73,Coastal wetlands,16.0,1.0
S2B_MSIL2A_20180525T094029_N9999_R036_T35VNH_04_74,Coniferous forest,1.0,1.0
S2B_MSIL2A_20180525T094029_N9999_R036_T35VNH_05_04,Coniferous forest,1.0,1.0
S2B_MSIL2A_20180525T094029_N9999_R036_T35VNH_05_10,Coniferous forest,1.0,1.0
S2B_MSIL2A_20180525T094029_N9999_R036_T35VNH_05_53,Arable land,0.0,0.0
S2B_MSIL2A_20180525T094029_N9999_R036_T35VNH_05_64,Arable land,0.0,1.0
S2B_MSIL2A_20180525T094029_N9999_R036_T35VNH_05_75,Marine waters,3.0,3.0
S2B_MSIL2A_20180525T094029_N9999_R036_T35VNH_06_66,Arable land,0.0,0.0
S2B_MSIL2A_20180525T094029_N9999_R036_T35VNH_06_67,Arable land,0.0,0.0
S2B_MSIL2A_20180525T094029_N9999_R036_T35VNH_07_71,Coastal wetlands,16.0,0.0
S2B_MSIL2A_20180525T094029_N9999_R036_T35VNH_08_89,Marine waters,3.0,3.0
S2B_MSIL2A_20180525T094029_N9999_R036_T35VNH_09_07,Coniferous forest,1.0,6.0
S2B_MSIL2A_20180525T094029_N9999_R036_T35VNH_09_14,Coniferous forest,1.0,1.0
S2B_MSIL2A_20180525T094029_N9999_R036_T35VNH_09_38,Coniferous forest,1.0,1.0
S2B_MSIL2A_20180525T094029_N9999_R036_T35VNH_09_48,Coniferous forest,1.0,10.0
S2B_MSIL2A_20180525T094029_N9999_R036_T35VNH_09_78,Marine waters,3.0,3.0
S2B_MSIL2A_20180525T094029_N9999_R036_T35VNH_10_00,Coniferous forest,1.0,1.0
S2B_MSIL2A_20180525T094029_N9999_R036_T35VNH_10_62,Coniferous forest,1.0,0.0
S2B_MSIL2A_20180525T094029_N9999_R036_T35VNH_11_19,Coniferous forest,1.0,1.0
S2B_MSIL2A_20180525T094029_N9999_R036_T35VNH_11_34,Coniferous forest,1.0,0.0
S2B_MSIL2A_20180525T094029_N9999_R036_T35VNH_12_70,Arable land,0.0,0.0
S2B_MSIL2A_20180525T094029_N9999_R036_T35VNH_12_90,Marine waters,3.0,3.0
S2B_MSIL2A_20180525T094029_N9999_R036_T35VNH_13_48,Coniferous forest,1.0,1.0
S2B_MSIL2A_20180525T094029_N9999_R036_T35VNH_15_62,Coniferous forest,1.0,1.0
S2B_MSIL2A_20180525T094029_N9999_R036_T35VNH_15_90,Marine waters,3.0,3.0
S2B_MSIL2A_20180525T094029_N9999_R036_T35VNH_16_13,Coniferous forest,1.0,1.0
S2B_MSIL2A_20180525T094029_N9999_R036_T35VNH_16_77,Coniferous forest,1.0,1.0
S2B_MSIL2A_20180525T094029_N9999_R036_T35VNH_17_31,Coniferous forest,1.0,1.0
S2B_MSIL2A_20180525T094029_N9999_R036_T35VNH_17_53,Arable land,0.0,0.0
S2B_MSIL2A_20180525T094029_N9999_R036_T35VNH_17_78,Coniferous forest,1.0,1.0
S2B_MSIL2A_20180525T094029_N9999_R036_T35VNH_18_03,Coniferous forest,1.0,1.0
S2B_MSIL2A_20180525T094029_N9999_R036_T35VNH_18_17,Coniferous forest,1.0,1.0
S2B_MSIL2A_20180525T094029_N9999_R036_T35VNH_18_85,Coniferous forest,1.0,1.0
S2B_MSIL2A_20180525T094029_N9999_R036_T35VNH_19_04,Coniferous forest,1.0,1.0
S2B_MSIL2A_20180525T094029_N9999_R036_T35VNH_19_16,Coniferous forest,1.0,1.0
S2B_MSIL2A_20180525T094029_N9999_R036_T35VNH_21_23,Coniferous forest,1.0,1.0
S2B_MSIL2A_20180525T094029_N9999_R036_T35VNH_21_48,Coniferous forest,1.0,1.0
S2B_MSIL2A_20180525T094029_N9999_R036_T35VNH_21_85,Marine waters,3.0,3.0
S2B_MSIL2A_20180525T094029_N9999_R036_T35VNH_22_01,Coniferous forest,1.0,1.0
S2B_MSIL2A_20180525T094029_N9999_R036_T35VNH_22_48,Coniferous forest,1.0,1.0
S2B_MSIL2A_20180525T094029_N9999_R036_T35VNH_23_03,Coniferous forest,1.0,1.0
S2B_MSIL2A_20180525T094029_N9999_R036_T35VNH_23_41,Coniferous forest,1.0,1.0
S2B_MSIL2A_20180525T094029_N9999_R036_T35VNH_25_09,Coniferous forest,1.0,6.0
S2B_MSIL2A_20180525T094029_N9999_R036_T35VNH_25_70,Arable land,0.0,0.0
S2B_MSIL2A_20180525T094029_N9999_R036_T35VNH_26_72,Arable land,0.0,0.0
S2B_MSIL2A_20180525T094029_N9999_R036_T35VNH_26_89,Marine waters,3.0,3.0
S2B_MSIL2A_20180525T094029_N9999_R036_T35VNH_27_88,Marine waters,3.0,3.0
S2B_MSIL2A_20180525T094029_N9999_R036_T35VNH_28_15,Arable land,0.0,0.0
S2B_MSIL2A_20180525T094029_N9999_R036_T35VNH_29_21,Arable land,0.0,0.0
S2B_MSIL2A_20180525T094029_N9999_R036_T35VNH_29_71,Coniferous forest,1.0,1.0
S2B_MSIL2A_20180525T094029_N9999_R036_T35VNH_30_16,Broad-leaved forest,2.0,0.0
S2B_MSIL2A_20180525T094029_N9999_R036_T35VNH_31_20,Coniferous forest,1.0,1.0
S2B_MSIL2A_20180525T094029_N9999_R036_T35VNH_31_72,Coniferous forest,1.0,1.0
S2B_MSIL2A_20180525T094029_N9999_R036_T35VNH_31_76,Arable land,0.0,0.0
S2B_MSIL2A_20180525T094029_N9999_R036_T35VNH_32_40,Arable land,0.0,0.0
S2B_MSIL2A_20180525T094029_N9999_R036_T35VNH_32_88,Marine waters,3.0,3.0
S2B_MSIL2A_20180525T094029_N9999_R036_T35VNH_33_11,Arable land,0.0,0.0
S2B_MSIL2A_20180525T094029_N9999_R036_T35VNH_34_12,Arable land,0.0,0.0
S2B_MSIL2A_20180525T094029_N9999_R036_T35VNH_34_21,Arable land,0.0,0.0
S2B_MSIL2A_20180525T094029_N9999_R036_T35VNH_34_56,Coniferous forest,1.0,1.0
S2B_MSIL2A_20180525T094029_N9999_R036_T35VNH_35_02,Coniferous forest,1.0,1.0
S2B_MSIL2A_20180525T094029_N9999_R036_T35VNH_35_18,Coniferous forest,1.0,1.0
S2B_MSIL2A_20180525T094029_N9999_R036_T35VNH_35_58,Coniferous forest,1.0,1.0
S2B_MSIL2A_20180525T094029_N9999_R036_T35VNH_36_21,Coniferous forest,1.0,0.0
S2B_MSIL2A_20180525T094029_N9999_R036_T35VNH_36_39,Arable land,0.0,0.0
S2B_MSIL2A_20180525T094029_N9999_R036_T35VNH_38_41,Coniferous forest,1.0,1.0
S2B_MSIL2A_20180525T094029_N9999_R036_T35VNH_38_59,Coniferous forest,1.0,1.0
S2B_MSIL2A_20180525T094029_N9999_R036_T35VNH_41_09,Coniferous forest,1.0,1.0
S2B_MSIL2A_20180525T094029_N9999_R036_T35VNH_41_52,Coniferous forest,1.0,0.0
S2B_MSIL2A_20180525T094029_N9999_R036_T35VNH_41_63,Arable land,0.0,0.0
S2B_MSIL2A_20180525T094029_N9999_R036_T35VNH_42_54,Coniferous forest,1.0,1.0
S2B_MSIL2A_20180525T094029_N9999_R036_T35VNH_43_56,Coniferous forest,1.0,0.0
S2B_MSIL2A_20180525T094029_N9999_R036_T35VNH_44_22,Coniferous forest,1.0,1.0
S2B_MSIL2A_20180525T094029_N9999_R036_T35VNH_46_36,Coniferous forest,1.0,1.0
S2B_MSIL2A_20180525T094029_N9999_R036_T35VNH_47_27,Coniferous forest,1.0,0.0
S2B_MSIL2A_20180525T094029_N9999_R036_T35VNH_47_43,Coniferous forest,1.0,1.0
S2B_MSIL2A_20180525T094029_N9999_R036_T35VNH_48_43,Coniferous forest,1.0,1.0
S2B_MSIL2A_20180525T094029_N9999_R036_T35VNH_48_50,Coniferous forest,1.0,1.0
S2B_MSIL2A_20180525T094029_N9999_R036_T35VNH_50_06,Inland waters,6.0,1.0
S2B_MSIL2A_20180525T094029_N9999_R036_T35VNH_51_32,Arable land,0.0,0.0
S2B_MSIL2A_20180525T094029_N9999_R036_T35VNH_52_25,Industrial or commercial units,11.0,2.0
S2B_MSIL2A_20180525T094029_N9999_R036_T35VNH_53_18,Coniferous forest,1.0,0.0
S2B_MSIL2A_20180525T094029_N9999_R036_T35VNH_54_36,Coniferous forest,1.0,0.0
S2B_MSIL2A_20180525T094029_N9999_R036_T35VNH_55_18,Coniferous forest,1.0,1.0
S2B_MSIL2A_20180525T094029_N9999_R036_T35VNH_56_41,Coniferous forest,1.0,1.0
S2B_MSIL2A_20180525T094029_N9999_R036_T35VNH_56_43,Coniferous forest,1.0,0.0
S2B_MSIL2A_20180525T094029_N9999_R036_T35VNH_56_46,Arable land,0.0,0.0
S2B_MSIL2A_20180525T094029_N9999_R036_T35VNH_61_28,Arable land,0.0,0.0
S2B_MSIL2A_20180525T094029_N9999_R036_T35VNH_63_34,Arable land,0.0,0.0
S2B_MSIL2A_20180525T094029_N9999_R036_T35VNH_64_25,Arable land,0.0,0.0
S2B_MSIL2A_20180525T094029_N9999_R036_T35VNH_68_00,Coniferous forest,1.0,1.0
S2B_MSIL2A_20180525T094029_N9999_R036_T35VNH_72_16,Coniferous forest,1.0,0.0
S2B_MSIL2A_20180525T094029_N9999_R036_T35VNH_74_13,Coniferous forest,1.0,1.0
S2B_MSIL2A_20180525T094029_N9999_R036_T35VNH_76_06,Coniferous forest,1.0,1.0
S2B_MSIL2A_20180525T094029_N9999_R036_T35VNH_77_04,Coniferous forest,1.0,1.0
S2B_MSIL2A_20180525T094029_N9999_R036_T35VNH_78_19,Arable land,0.0,0.0
S2B_MSIL2A_20180525T094029_N9999_R036_T35VNH_79_11,Industrial or commercial units,11.0,0.0
S2B_MSIL2A_20180525T094029_N9999_R036_T35VNH_79_12,Industrial or commercial units,11.0,0.0
S2B_MSIL2A_20180525T094029_N9999_R036_T35VNH_81_01,Coniferous forest,1.0,1.0
S2B_MSIL2A_20180525T094029_N9999_R036_T35VNH_82_10,Arable land,0.0,0.0
S2B_MSIL2A_20180525T094029_N9999_R036_T35VNH_83_12,Arable land,0.0,0.0
S2B_MSIL2A_20180525T094029_N9999_R036_T35VNH_88_00,Broad-leaved forest,2.0,1.0
S2B_MSIL2A_20180525T094029_N9999_R036_T35VNK_00_68,Coniferous forest,1.0,1.0
S2B_MSIL2A_20180525T094029_N9999_R036_T35VNK_01_03,Coniferous forest,1.0,1.0
S2B_MSIL2A_20180525T094029_N9999_R036_T35VNK_01_07,Broad-leaved forest,2.0,0.0
S2B_MSIL2A_20180525T094029_N9999_R036_T35VNK_02_84,Coniferous forest,1.0,1.0
S2B_MSIL2A_20180525T094029_N9999_R036_T35VNK_04_31,Arable land,0.0,0.0
S2B_MSIL2A_20180525T094029_N9999_R036_T35VNK_04_51,Coniferous forest,1.0,1.0
S2B_MSIL2A_20180525T094029_N9999_R036_T35VNK_04_65,Arable land,0.0,0.0
S2B_MSIL2A_20180525T094029_N9999_R036_T35VNK_04_76,Coniferous forest,1.0,1.0
S2B_MSIL2A_20180525T094029_N9999_R036_T35VNK_05_08,Coniferous forest,1.0,1.0
S2B_MSIL2A_20180525T094029_N9999_R036_T35VNK_05_19,Coniferous forest,1.0,0.0
S2B_MSIL2A_20180525T094029_N9999_R036_T35VNK_05_48,Inland waters,6.0,0.0
S2B_MSIL2A_20180525T094029_N9999_R036_T35VNK_05_67,Arable land,0.0,1.0
S2B_MSIL2A_20180525T094029_N9999_R036_T35VNK_06_30,Coniferous forest,1.0,1.0
S2B_MSIL2A_20180525T094029_N9999_R036_T35VNK_06_43,Coniferous forest,1.0,1.0
S2B_MSIL2A_20180525T094029_N9999_R036_T35VNK_06_59,Coniferous forest,1.0,1.0
S2B_MSIL2A_20180525T094029_N9999_R036_T35VNK_06_60,Coniferous forest,1.0,1.0
S2B_MSIL2A_20180525T094029_N9999_R036_T35VNK_07_04,Coniferous forest,1.0,0.0
S2B_MSIL2A_20180525T094029_N9999_R036_T35VNK_07_33,Coniferous forest,1.0,0.0
S2B_MSIL2A_20180525T094029_N9999_R036_T35VNK_07_45,Coniferous forest,1.0,1.0
S2B_MSIL2A_20180525T094029_N9999_R036_T35VNK_07_53,Arable land,0.0,0.0
S2B_MSIL2A_20180525T094029_N9999_R036_T35VNK_07_70,Coniferous forest,1.0,1.0
S2B_MSIL2A_20180525T094029_N9999_R036_T35VNK_08_28,Coniferous forest,1.0,0.0
S2B_MSIL2A_20180525T094029_N9999_R036_T35VNK_08_32,Coniferous forest,1.0,1.0
S2B_MSIL2A_20180525T094029_N9999_R036_T35VNK_08_33,Coniferous forest,1.0,1.0
S2B_MSIL2A_20180525T094029_N9999_R036_T35VNK_08_51,Coniferous forest,1.0,1.0
S2B_MSIL2A_20180525T094029_N9999_R036_T35VNK_08_70,Coniferous forest,1.0,1.0
S2B_MSIL2A_20180525T094029_N9999_R036_T35VNK_09_18,Coniferous forest,1.0,1.0
S2B_MSIL2A_20180525T094029_N9999_R036_T35VNK_09_28,Coniferous forest,1.0,1.0
S2B_MSIL2A_20180525T094029_N9999_R036_T35VNK_09_52,Coniferous forest,1.0,1.0
S2B_MSIL2A_20180525T094029_N9999_R036_T35VNK_10_33,Coniferous forest,1.0,1.0
S2B_MSIL2A_20180525T094029_N9999_R036_T35VNK_10_54,Arable land,0.0,1.0
S2B_MSIL2A_20180525T094029_N9999_R036_T35VNK_11_51,Arable land,0.0,0.0
S2B_MSIL2A_20180525T094029_N9999_R036_T35VNK_11_52,Arable land,0.0,0.0
S2B_MSIL2A_20180525T094029_N9999_R036_T35VNK_11_78,Coniferous forest,1.0,1.0
S2B_MSIL2A_20180525T094029_N9999_R036_T35VNK_12_12,Coniferous forest,1.0,0.0
S2B_MSIL2A_20180525T094029_N9999_R036_T35VNK_12_13,Coniferous forest,1.0,1.0
S2B_MSIL2A_20180525T094029_N9999_R036_T35VNK_13_90,Broad-leaved forest,2.0,1.0
S2B_MSIL2A_20180525T094029_N9999_R036_T35VNK_14_07,Coniferous forest,1.0,1.0
S2B_MSIL2A_20180525T094029_N9999_R036_T35VNK_14_61,Arable land,0.0,1.0
S2B_MSIL2A_20180525T094029_N9999_R036_T35VNK_15_57,Inland waters,6.0,1.0
S2B_MSIL2A_20180525T094029_N9999_R036_T35VNK_16_18,Coniferous forest,1.0,1.0
S2B_MSIL2A_20180525T094029_N9999_R036_T35VNK_16_37,Broad-leaved forest,2.0,1.0
S2B_MSIL2A_20180525T094029_N9999_R036_T35VNK_16_89,Coniferous forest,1.0,1.0
S2B_MSIL2A_20180525T094029_N9999_R036_T35VNK_17_38,Broad-leaved forest,2.0,1.0
S2B_MSIL2A_20180525T094029_N9999_R036_T35VNK_17_78,Coniferous forest,1.0,0.0
S2B_MSIL2A_20180525T094029_N9999_R036_T35VNK_19_49,Coniferous forest,1.0,1.0
S2B_MSIL2A_20180525T094029_N9999_R036_T35VNK_19_74,Arable land,0.0,0.0
S2B_MSIL2A_20180525T094029_N9999_R036_T35VNK_21_20,Inland waters,6.0,1.0
S2B_MSIL2A_20180525T094029_N9999_R036_T35VNK_21_82,Arable land,0.0,0.0
S2B_MSIL2A_20180525T094029_N9999_R036_T35VNK_22_29,Coniferous forest,1.0,1.0
S2B_MSIL2A_20180525T094029_N9999_R036_T35VNK_22_34,Inland waters,6.0,1.0
S2B_MSIL2A_20180525T094029_N9999_R036_T35VNK_22_52,Coniferous forest,1.0,1.0
S2B_MSIL2A_20180525T094029_N9999_R036_T35VNK_23_02,Arable land,0.0,0.0
S2B_MSIL2A_20180525T094029_N9999_R036_T35VNK_24_11,Coniferous forest,1.0,1.0
S2B_MSIL2A_20180525T094029_N9999_R036_T35VNK_24_34,"Land principally occupied by agriculture, with significant areas of natural vegetation",8.0,0.0
S2B_MSIL2A_20180525T094029_N9999_R036_T35VNK_24_57,Coniferous forest,1.0,1.0
S2B_MSIL2A_20180525T094029_N9999_R036_T35VNK_25_87,Inland waters,6.0,0.0
S2B_MSIL2A_20180525T094029_N9999_R036_T35VNK_26_16,Inland waters,6.0,1.0
S2B_MSIL2A_20180525T094029_N9999_R036_T35VNK_26_18,Coniferous forest,1.0,1.0
S2B_MSIL2A_20180525T094029_N9999_R036_T35VNK_26_55,Inland waters,6.0,1.0
S2B_MSIL2A_20180525T094029_N9999_R036_T35VNK_27_17,Coniferous forest,1.0,1.0
S2B_MSIL2A_20180525T094029_N9999_R036_T35VNK_27_18,Coniferous forest,1.0,1.0
S2B_MSIL2A_20180525T094029_N9999_R036_T35VNK_27_78,Coniferous forest,1.0,0.0
S2B_MSIL2A_20180525T094029_N9999_R036_T35VNK_28_17,Inland waters,6.0,1.0
S2B_MSIL2A_20180525T094029_N9999_R036_T35VNK_29_62,Coniferous forest,1.0,0.0
S2B_MSIL2A_20180525T094029_N9999_R036_T35VNK_30_51,Broad-leaved forest,2.0,1.0
S2B_MSIL2A_20180525T094029_N9999_R036_T35VNK_31_22,Inland waters,6.0,6.0
S2B_MSIL2A_20180525T094029_N9999_R036_T35VNK_32_39,Inland waters,6.0,6.0
S2B_MSIL2A_20180525T094029_N9999_R036_T35VNK_33_58,Industrial or commercial units,11.0,0.0
S2B_MSIL2A_20180525T094029_N9999_R036_T35VNK_34_21,Coniferous forest,1.0,1.0
S2B_MSIL2A_20180525T094029_N9999_R036_T35VNK_34_58,Coniferous forest,1.0,0.0
S2B_MSIL2A_20180525T094029_N9999_R036_T35VNK_35_11,Inland waters,6.0,6.0
S2B_MSIL2A_20180525T094029_N9999_R036_T35VNK_37_12,Inland waters,6.0,6.0
S2B_MSIL2A_20180525T094029_N9999_R036_T35VNK_37_68,Inland waters,6.0,0.0
S2B_MSIL2A_20180525T094029_N9999_R036_T35VNK_38_02,Arable land,0.0,0.0
S2B_MSIL2A_20180525T094029_N9999_R036_T35VNK_38_34,Coniferous forest,1.0,0.0
S2B_MSIL2A_20180525T094029_N9999_R036_T35VNK_39_11,Inland waters,6.0,1.0
S2B_MSIL2A_20180525T094029_N9999_R036_T35VNK_39_73,Inland waters,6.0,0.0
S2B_MSIL2A_20180525T094029_N9999_R036_T35VNK_41_29,Coniferous forest,1.0,0.0
S2B_MSIL2A_20180525T094029_N9999_R036_T35VNK_43_20,Coniferous forest,1.0,0.0
S2B_MSIL2A_20180525T094029_N9999_R036_T35VNK_43_26,Arable land,0.0,1.0
S2B_MSIL2A_20180525T094029_N9999_R036_T35VNK_44_85,Inland waters,6.0,6.0
S2B_MSIL2A_20180525T094029_N9999_R036_T35VNK_45_56,Coniferous forest,1.0,1.0
S2B_MSIL2A_20180525T094029_N9999_R036_T35VNK_47_27,Broad-leaved forest,2.0,1.0
S2B_MSIL2A_20180525T094029_N9999_R036_T35VNK_47_50,Arable land,0.0,0.0
S2B_MSIL2A_20180525T094029_N9999_R036_T35VNK_48_56,Coniferous forest,1.0,0.0
S2B_MSIL2A_20180525T094029_N9999_R036_T35VNK_48_74,Coniferous forest,1.0,1.0
S2B_MSIL2A_20180525T094029_N9999_R036_T35VNK_48_81,Inland waters,6.0,1.0
S2B_MSIL2A_20180525T094029_N9999_R036_T35VNK_49_26,Coniferous forest,1.0,0.0
S2B_MSIL2A_20180525T094029_N9999_R036_T35VNK_49_30,Coniferous forest,1.0,1.0
S2B_MSIL2A_20180525T094029_N9999_R036_T35VNK_49_71,Coniferous forest,1.0,1.0
S2B_MSIL2A_20180525T094029_N9999_R036_T35VNK_50_56,Coniferous forest,1.0,1.0
S2B_MSIL2A_20180525T094029_N9999_R036_T35VNK_51_88,Arable land,0.0,1.0
S2B_MSIL2A_20180525T094029_N9999_R036_T35VNK_52_05,Arable land,0.0,0.0
S2B_MSIL2A_20180525T094029_N9999_R036_T35VNK_52_47,Coniferous forest,1.0,1.0
S2B_MSIL2A_20180525T094029_N9999_R036_T35VNK_52_59,Arable land,0.0,1.0
S2B_MSIL2A_20180525T094029_N9999_R036_T35VNK_52_73,Coniferous forest,1.0,1.0
S2B_MSIL2A_20180525T094029_N9999_R036_T35VNK_53_43,Coniferous forest,1.0,1.0
S2B_MSIL2A_20180525T094029_N9999_R036_T35VNK_54_77,Coniferous forest,1.0,1.0
S2B_MSIL2A_20180525T094029_N9999_R036_T35VNK_55_15,Arable land,0.0,0.0
S2B_MSIL2A_20180525T094029_N9999_R036_T35VNK_55_38,Coniferous forest,1.0,0.0
S2B_MSIL2A_20180525T094029_N9999_R036_T35VNK_56_02,Inland waters,6.0,1.0
S2B_MSIL2A_20180525T094029_N9999_R036_T35VNK_57_02,Coniferous forest,1.0,1.0
S2B_MSIL2A_20180525T094029_N9999_R036_T35VNK_57_80,Inland waters,6.0,1.0
S2B_MSIL2A_20180525T094029_N9999_R036_T35VNK_58_27,Inland waters,6.0,1.0
S2B_MSIL2A_20180525T094029_N9999_R036_T35VNK_58_77,Coniferous forest,1.0,1.0
S2B_MSIL2A_20180525T094029_N9999_R036_T35VNK_59_12,Coniferous forest,1.0,1.0
S2B_MSIL2A_20180525T094029_N9999_R036_T35VNK_59_46,Coniferous forest,1.0,1.0
S2B_MSIL2A_20180525T094029_N9999_R036_T35VNK_59_85,Inland waters,6.0,6.0
S2B_MSIL2A_20180525T094029_N9999_R036_T35VNK_60_23,Coniferous forest,1.0,1.0
S2B_MSIL2A_20180525T094029_N9999_R036_T35VNK_60_38,Coniferous forest,1.0,1.0
S2B_MSIL2A_20180525T094029_N9999_R036_T35VNK_60_47,Coniferous forest,1.0,1.0
S2B_MSIL2A_20180525T094029_N9999_R036_T35VNK_60_51,Coniferous forest,1.0,1.0
S2B_MSIL2A_20180525T094029_N9999_R036_T35VNK_60_70,Coniferous forest,1.0,1.0
S2B_MSIL2A_20180525T094029_N9999_R036_T35VNK_61_06,Broad-leaved forest,2.0,0.0
S2B_MSIL2A_20180525T094029_N9999_R036_T35VNK_61_87,Coniferous forest,1.0,1.0
S2B_MSIL2A_20180525T094029_N9999_R036_T35VNK_62_80,Coniferous forest,1.0,1.0
S2B_MSIL2A_20180525T094029_N9999_R036_T35VNK_63_08,Mixed forest,9.0,1.0
S2B_MSIL2A_20180525T094029_N9999_R036_T35VNK_63_79,Coniferous forest,1.0,1.0
S2B_MSIL2A_20180525T094029_N9999_R036_T35VNK_64_15,Coniferous forest,1.0,1.0
S2B_MSIL2A_20180525T094029_N9999_R036_T35VNK_64_56,Coniferous forest,1.0,1.0
S2B_MSIL2A_20180525T094029_N9999_R036_T35VNK_64_59,Coniferous forest,1.0,1.0
S2B_MSIL2A_20180525T094029_N9999_R036_T35VNK_64_69,Coniferous forest,1.0,1.0
S2B_MSIL2A_20180525T094029_N9999_R036_T35VNK_64_71,Coniferous forest,1.0,1.0
S2B_MSIL2A_20180525T094029_N9999_R036_T35VNK_65_85,Coniferous forest,1.0,1.0
S2B_MSIL2A_20180525T094029_N9999_R036_T35VNK_66_54,Coniferous forest,1.0,0.0
S2B_MSIL2A_20180525T094029_N9999_R036_T35VNK_66_56,Inland waters,6.0,1.0
S2B_MSIL2A_20180525T094029_N9999_R036_T35VNK_66_69,Coniferous forest,1.0,1.0
S2B_MSIL2A_20180525T094029_N9999_R036_T35VNK_67_87,Inland waters,6.0,1.0
S2B_MSIL2A_20180525T094029_N9999_R036_T35VNK_68_12,Coniferous forest,1.0,1.0
S2B_MSIL2A_20180525T094029_N9999_R036_T35VNK_68_64,Coniferous forest,1.0,0.0
S2B_MSIL2A_20180525T094029_N9999_R036_T35VNK_69_19,Coniferous forest,1.0,1.0
S2B_MSIL2A_20180525T094029_N9999_R036_T35VNK_70_18,Broad-leaved forest,2.0,0.0
S2B_MSIL2A_20180525T094029_N9999_R036_T35VNK_70_55,Coniferous forest,1.0,1.0
S2B_MSIL2A_20180525T094029_N9999_R036_T35VNK_70_81,Coniferous forest,1.0,1.0
S2B_MSIL2A_20180525T094029_N9999_R036_T35VNK_71_26,Coniferous forest,1.0,1.0
S2B_MSIL2A_20180525T094029_N9999_R036_T35VNK_71_36,Coniferous forest,1.0,1.0
S2B_MSIL2A_20180525T094029_N9999_R036_T35VNK_71_60,Inland waters,6.0,6.0
S2B_MSIL2A_20180525T094029_N9999_R036_T35VNK_72_22,Coniferous forest,1.0,1.0
S2B_MSIL2A_20180525T094029_N9999_R036_T35VNK_72_27,Inland waters,6.0,6.0
S2B_MSIL2A_20180525T094029_N9999_R036_T35VNK_72_43,Inland waters,6.0,6.0
S2B_MSIL2A_20180525T094029_N9999_R036_T35VNK_74_54,Arable land,0.0,1.0
S2B_MSIL2A_20180525T094029_N9999_R036_T35VNK_76_47,Coniferous forest,1.0,1.0
S2B_MSIL2A_20180525T094029_N9999_R036_T35VNK_77_51,Inland waters,6.0,1.0
S2B_MSIL2A_20180525T094029_N9999_R036_T35VNK_78_60,Coniferous forest,1.0,1.0
S2B_MSIL2A_20180525T094029_N9999_R036_T35VNK_79_41,Coniferous forest,1.0,2.0
S2B_MSIL2A_20180525T094029_N9999_R036_T35VNK_80_49,Inland waters,6.0,6.0
S2B_MSIL2A_20180525T094029_N9999_R036_T35VNK_81_62,Coniferous forest,1.0,1.0
S2B_MSIL2A_20180525T094029_N9999_R036_T35VNK_82_77,Coniferous forest,1.0,1.0
S2B_MSIL2A_20180525T094029_N9999_R036_T35VNK_85_15,Coniferous forest,1.0,1.0
S2B_MSIL2A_20180525T094029_N9999_R036_T35VNK_86_21,Broad-leaved forest,2.0,1.0
S2B_MSIL2A_20180525T094029_N9999_R036_T35VNK_87_29,Arable land,0.0,0.0
S2B_MSIL2A_20180525T094029_N9999_R036_T35VNK_88_03,Coniferous forest,1.0,1.0
S2B_MSIL2A_20180525T094029_N9999_R036_T35VNK_88_17,Coniferous forest,1.0,1.0
S2B_MSIL2A_20180525T094029_N9999_R036_T35VNK_89_06,Coniferous forest,1.0,1.0
S2B_MSIL2A_20180525T094029_N9999_R036_T35VNK_89_37,Arable land,0.0,1.0
S2B_MSIL2A_20180525T094029_N9999_R036_T35VNK_90_02,Coniferous forest,1.0,1.0
S2B_MSIL2A_20180525T094029_N9999_R036_T35VNK_90_76,Coniferous forest,1.0,1.0
S2B_MSIL2A_20180525T094029_N9999_R036_T35VNL_00_41,Arable land,0.0,0.0
S2B_MSIL2A_20180525T094029_N9999_R036_T35VNL_01_46,Arable land,0.0,0.0
S2B_MSIL2A_20180525T094029_N9999_R036_T35VNL_01_54,Inland waters,6.0,1.0
S2B_MSIL2A_20180525T094029_N9999_R036_T35VNL_03_15,Coniferous forest,1.0,1.0
S2B_MSIL2A_20180525T094029_N9999_R036_T35VNL_03_54,"Land principally occupied by agriculture, with significant areas of natural vegetation",8.0,1.0
S2B_MSIL2A_20180525T094029_N9999_R036_T35VNL_03_56,Coniferous forest,1.0,1.0
S2B_MSIL2A_20180525T094029_N9999_R036_T35VNL_03_63,Coniferous forest,1.0,1.0
S2B_MSIL2A_20180525T094029_N9999_R036_T35VNL_04_02,Coniferous forest,1.0,1.0
S2B_MSIL2A_20180525T094029_N9999_R036_T35VNL_04_73,Arable land,0.0,0.0
S2B_MSIL2A_20180525T094029_N9999_R036_T35VNL_05_77,Arable land,0.0,0.0
S2B_MSIL2A_20180525T094029_N9999_R036_T35VNL_06_24,Coniferous forest,1.0,1.0
S2B_MSIL2A_20180525T094029_N9999_R036_T35VNL_06_60,Arable land,0.0,0.0
S2B_MSIL2A_20180525T094029_N9999_R036_T35VNL_06_69,Arable land,0.0,0.0
S2B_MSIL2A_20180525T094029_N9999_R036_T35VNL_06_71,Arable land,0.0,0.0
S2B_MSIL2A_20180525T094029_N9999_R036_T35VNL_06_84,Arable land,0.0,0.0
S2B_MSIL2A_20180525T094029_N9999_R036_T35VNL_08_06,Coniferous forest,1.0,1.0
S2B_MSIL2A_20180525T094029_N9999_R036_T35VNL_08_08,Coniferous forest,1.0,1.0
S2B_MSIL2A_20180525T094029_N9999_R036_T35VNL_08_25,Arable land,0.0,0.0
S2B_MSIL2A_20180525T094029_N9999_R036_T35VNL_09_36,Arable land,0.0,0.0
S2B_MSIL2A_20180525T094029_N9999_R036_T35VNL_09_71,Coniferous forest,1.0,0.0
S2B_MSIL2A_20180525T094029_N9999_R036_T35VNL_10_03,Coniferous forest,1.0,1.0
S2B_MSIL2A_20180525T094029_N9999_R036_T35VNL_10_14,Coniferous forest,1.0,1.0
S2B_MSIL2A_20180525T094029_N9999_R036_T35VNL_10_27,Arable land,0.0,0.0
S2B_MSIL2A_20180525T094029_N9999_R036_T35VNL_11_15,Coniferous forest,1.0,1.0
S2B_MSIL2A_20180525T094029_N9999_R036_T35VNL_11_44,Coniferous forest,1.0,1.0
S2B_MSIL2A_20180525T094029_N9999_R036_T35VNL_11_59,Arable land,0.0,1.0
S2B_MSIL2A_20180525T094029_N9999_R036_T35VNL_11_88,Coniferous forest,1.0,1.0
S2B_MSIL2A_20180525T094029_N9999_R036_T35VNL_12_17,Coniferous forest,1.0,1.0
S2B_MSIL2A_20180525T094029_N9999_R036_T35VNL_12_78,Broad-leaved forest,2.0,0.0
S2B_MSIL2A_20180525T094029_N9999_R036_T35VNL_13_39,Inland waters,6.0,0.0
S2B_MSIL2A_20180525T094029_N9999_R036_T35VNL_13_70,Coniferous forest,1.0,6.0
S2B_MSIL2A_20180525T094029_N9999_R036_T35VNL_14_50,Arable land,0.0,0.0
S2B_MSIL2A_20180525T094029_N9999_R036_T35VNL_14_59,Arable land,0.0,0.0
S2B_MSIL2A_20180525T094029_N9999_R036_T35VNL_14_85,Arable land,0.0,1.0
S2B_MSIL2A_20180525T094029_N9999_R036_T35VNL_16_06,Coniferous forest,1.0,1.0
S2B_MSIL2A_20180525T094029_N9999_R036_T35VNL_18_45,Arable land,0.0,0.0
S2B_MSIL2A_20180525T094029_N9999_R036_T35VNL_18_51,Coniferous forest,1.0,1.0
S2B_MSIL2A_20180525T094029_N9999_R036_T35VNL_18_55,Arable land,0.0,1.0
S2B_MSIL2A_20180525T094029_N9999_R036_T35VNL_20_12,Arable land,0.0,0.0
S2B_MSIL2A_20180525T094029_N9999_R036_T35VNL_20_45,Arable land,0.0,1.0
S2B_MSIL2A_20180525T094029_N9999_R036_T35VNL_21_16,Coniferous forest,1.0,0.0
S2B_MSIL2A_20180525T094029_N9999_R036_T35VNL_21_21,Coniferous forest,1.0,1.0
S2B_MSIL2A_20180525T094029_N9999_R036_T35VNL_23_56,Coniferous forest,1.0,0.0
S2B_MSIL2A_20180525T094029_N9999_R036_T35VNL_23_80,Arable land,0.0,0.0
S2B_MSIL2A_20180525T094029_N9999_R036_T35VNL_23_90,Arable land,0.0,0.0
S2B_MSIL2A_20180525T094029_N9999_R036_T35VNL_24_28,Coniferous forest,1.0,1.0
S2B_MSIL2A_20180525T094029_N9999_R036_T35VNL_24_73,Arable land,0.0,0.0
S2B_MSIL2A_20180525T094029_N9999_R036_T35VNL_25_04,Coniferous forest,1.0,1.0
S2B_MSIL2A_20180525T094029_N9999_R036_T35VNL_25_21,Arable land,0.0,0.0
S2B_MSIL2A_20180525T094029_N9999_R036_T35VNL_26_60,Coniferous forest,1.0,1.0
S2B_MSIL2A_20180525T094029_N9999_R036_T35VNL_27_35,Coniferous forest,1.0,1.0
S2B_MSIL2A_20180525T094029_N9999_R036_T35VNL_27_63,Coniferous forest,1.0,1.0
S2B_MSIL2A_20180525T094029_N9999_R036_T35VNL_27_78,Coniferous forest,1.0,0.0
S2B_MSIL2A_20180525T094029_N9999_R036_T35VNL_28_51,Coniferous forest,1.0,1.0
S2B_MSIL2A_20180525T094029_N9999_R036_T35VNL_29_03,Coniferous forest,1.0,1.0
S2B_MSIL2A_20180525T094029_N9999_R036_T35VNL_29_19,Coniferous forest,1.0,0.0
S2B_MSIL2A_20180525T094029_N9999_R036_T35VNL_29_31,Coniferous forest,1.0,1.0
S2B_MSIL2A_20180525T094029_N9999_R036_T35VNL_30_59,Coniferous forest,1.0,0.0
S2B_MSIL2A_20180525T094029_N9999_R036_T35VNL_31_17,Coniferous forest,1.0,1.0
S2B_MSIL2A_20180525T094029_N9999_R036_T35VNL_31_41,Coniferous forest,1.0,1.0
S2B_MSIL2A_20180525T094029_N9999_R036_T35VNL_31_46,Coniferous forest,1.0,0.0
S2B_MSIL2A_20180525T094029_N9999_R036_T35VNL_32_61,Inland waters,6.0,0.0
S2B_MSIL2A_20180525T094029_N9999_R036_T35VNL_32_74,Arable land,0.0,0.0
S2B_MSIL2A_20180525T094029_N9999_R036_T35VNL_32_90,Arable land,0.0,1.0
S2B_MSIL2A_20180525T094029_N9999_R036_T35VNL_33_21,Coniferous forest,1.0,1.0
S2B_MSIL2A_20180525T094029_N9999_R036_T35VNL_33_32,Coniferous forest,1.0,1.0
S2B_MSIL2A_20180525T094029_N9999_R036_T35VNL_33_55,Arable land,0.0,0.0
S2B_MSIL2A_20180525T094029_N9999_R036_T35VNL_33_65,Coniferous forest,1.0,1.0
S2B_MSIL2A_20180525T094029_N9999_R036_T35VNL_33_81,Coniferous forest,1.0,0.0
S2B_MSIL2A_20180525T094029_N9999_R036_T35VNL_34_02,Coniferous forest,1.0,1.0
S2B_MSIL2A_20180525T094029_N9999_R036_T35VNL_34_31,Coniferous forest,1.0,1.0
S2B_MSIL2A_20180525T094029_N9999_R036_T35VNL_34_51,Broad-leaved forest,2.0,0.0
S2B_MSIL2A_20180525T094029_N9999_R036_T35VNL_34_87,Inland waters,6.0,1.0
S2B_MSIL2A_20180525T094029_N9999_R036_T35VNL_35_06,Coniferous forest,1.0,1.0
S2B_MSIL2A_20180525T094029_N9999_R036_T35VNL_35_79,Arable land,0.0,0.0
S2B_MSIL2A_20180525T094029_N9999_R036_T35VNL_35_83,Arable land,0.0,1.0
S2B_MSIL2A_20180525T094029_N9999_R036_T35VNL_35_84,Arable land,0.0,0.0
S2B_MSIL2A_20180525T094029_N9999_R036_T35VNL_36_34,Coniferous forest,1.0,1.0
S2B_MSIL2A_20180525T094029_N9999_R036_T35VNL_36_79,Arable land,0.0,0.0
S2B_MSIL2A_20180525T094029_N9999_R036_T35VNL_38_83,Arable land,0.0,0.0
S2B_MSIL2A_20180525T094029_N9999_R036_T35VNL_39_59,Arable land,0.0,0.0
S2B_MSIL2A_20180525T094029_N9999_R036_T35VNL_40_11,Coniferous forest,1.0,1.0
S2B_MSIL2A_20180525T094029_N9999_R036_T35VNL_41_08,Coniferous forest,1.0,1.0
S2B_MSIL2A_20180525T094029_N9999_R036_T35VNL_41_45,Coniferous forest,1.0,1.0
S2B_MSIL2A_20180525T094029_N9999_R036_T35VNL_42_50,Coniferous forest,1.0,1.0
S2B_MSIL2A_20180525T094029_N9999_R036_T35VNL_42_52,Coniferous forest,1.0,1.0
S2B_MSIL2A_20180525T094029_N9999_R036_T35VNL_42_84,Inland waters,6.0,1.0
S2B_MSIL2A_20180525T094029_N9999_R036_T35VNL_44_09,Coniferous forest,1.0,1.0
S2B_MSIL2A_20180525T094029_N9999_R036_T35VNL_44_52,Arable land,0.0,0.0
S2B_MSIL2A_20180525T094029_N9999_R036_T35VNL_44_87,Coniferous forest,1.0,0.0
S2B_MSIL2A_20180525T094029_N9999_R036_T35VNL_44_90,Arable land,0.0,0.0
S2B_MSIL2A_20180525T094029_N9999_R036_T35VNL_45_08,Coniferous forest,1.0,1.0
S2B_MSIL2A_20180525T094029_N9999_R036_T35VNL_45_44,Coniferous forest,1.0,1.0
S2B_MSIL2A_20180525T094029_N9999_R036_T35VNL_45_57,Coniferous forest,1.0,1.0
S2B_MSIL2A_20180525T094029_N9999_R036_T35VNL_46_12,Coniferous forest,1.0,1.0
S2B_MSIL2A_20180525T094029_N9999_R036_T35VNL_46_21,Coniferous forest,1.0,1.0
S2B_MSIL2A_20180525T094029_N9999_R036_T35VNL_47_22,Coniferous forest,1.0,1.0
S2B_MSIL2A_20180525T094029_N9999_R036_T35VNL_47_73,Coniferous forest,1.0,6.0
S2B_MSIL2A_20180525T094029_N9999_R036_T35VNL_48_64,Coniferous forest,1.0,0.0
S2B_MSIL2A_20180525T094029_N9999_R036_T35VNL_48_72,Coniferous forest,1.0,1.0
S2B_MSIL2A_20180525T094029_N9999_R036_T35VNL_49_73,Coniferous forest,1.0,1.0
S2B_MSIL2A_20180525T094029_N9999_R036_T35VNL_50_12,Coniferous forest,1.0,1.0
S2B_MSIL2A_20180525T094029_N9999_R036_T35VNL_51_65,Coniferous forest,1.0,1.0
S2B_MSIL2A_20180525T094029_N9999_R036_T35VNL_51_79,Inland waters,6.0,1.0
S2B_MSIL2A_20180525T094029_N9999_R036_T35VNL_52_02,Coniferous forest,1.0,1.0
S2B_MSIL2A_20180525T094029_N9999_R036_T35VNL_52_23,Coniferous forest,1.0,1.0
S2B_MSIL2A_20180525T094029_N9999_R036_T35VNL_52_36,Coniferous forest,1.0,1.0
S2B_MSIL2A_20180525T094029_N9999_R036_T35VNL_52_76,Arable land,0.0,0.0
S2B_MSIL2A_20180525T094029_N9999_R036_T35VNL_52_87,Coniferous forest,1.0,0.0
S2B_MSIL2A_20180525T094029_N9999_R036_T35VNL_53_83,Coniferous forest,1.0,0.0
S2B_MSIL2A_20180525T094029_N9999_R036_T35VNL_55_40,Coniferous forest,1.0,0.0
S2B_MSIL2A_20180525T094029_N9999_R036_T35VNL_56_46,Coniferous forest,1.0,1.0
S2B_MSIL2A_20180525T094029_N9999_R036_T35VNL_56_56,Broad-leaved forest,2.0,1.0
S2B_MSIL2A_20180525T094029_N9999_R036_T35VNL_57_14,Coniferous forest,1.0,1.0
S2B_MSIL2A_20180525T094029_N9999_R036_T35VNL_57_23,Coniferous forest,1.0,1.0
S2B_MSIL2A_20180525T094029_N9999_R036_T35VNL_57_29,Coniferous forest,1.0,1.0
S2B_MSIL2A_20180525T094029_N9999_R036_T35VNL_57_34,Coniferous forest,1.0,0.0
S2B_MSIL2A_20180525T094029_N9999_R036_T35VNL_58_24,Coniferous forest,1.0,1.0
S2B_MSIL2A_20180525T094029_N9999_R036_T35VNL_58_81,Inland waters,6.0,1.0
S2B_MSIL2A_20180525T094029_N9999_R036_T35VNL_59_30,Coniferous forest,1.0,1.0
S2B_MSIL2A_20180525T094029_N9999_R036_T35VNL_59_89,Arable land,0.0,0.0
S2B_MSIL2A_20180525T094029_N9999_R036_T35VNL_60_17,Coniferous forest,1.0,1.0
S2B_MSIL2A_20180525T094029_N9999_R036_T35VNL_60_60,Coniferous forest,1.0,1.0
S2B_MSIL2A_20180525T094029_N9999_R036_T35VNL_60_72,Coniferous forest,1.0,0.0
S2B_MSIL2A_20180525T094029_N9999_R036_T35VNL_61_01,Coniferous forest,1.0,1.0
S2B_MSIL2A_20180525T094029_N9999_R036_T35VNL_61_20,Coniferous forest,1.0,1.0
S2B_MSIL2A_20180525T094029_N9999_R036_T35VNL_61_34,Coniferous forest,1.0,1.0
S2B_MSIL2A_20180525T094029_N9999_R036_T35VNL_62_35,Coniferous forest,1.0,1.0
S2B_MSIL2A_20180525T094029_N9999_R036_T35VNL_62_53,Coniferous forest,1.0,1.0
S2B_MSIL2A_20180525T094029_N9999_R036_T35VNL_63_28,Coniferous forest,1.0,1.0
S2B_MSIL2A_20180525T094029_N9999_R036_T35VNL_63_56,Coniferous forest,1.0,1.0
S2B_MSIL2A_20180525T094029_N9999_R036_T35VNL_63_66,Coniferous forest,1.0,0.0
S2B_MSIL2A_20180525T094029_N9999_R036_T35VNL_64_01,Coniferous forest,1.0,1.0
S2B_MSIL2A_20180525T094029_N9999_R036_T35VNL_64_07,Coniferous forest,1.0,1.0
S2B_MSIL2A_20180525T094029_N9999_R036_T35VNL_64_43,Coniferous forest,1.0,1.0
S2B_MSIL2A_20180525T094029_N9999_R036_T35VNL_65_71,Coniferous forest,1.0,1.0
S2B_MSIL2A_20180525T094029_N9999_R036_T35VNL_65_72,Coniferous forest,1.0,1.0
S2B_MSIL2A_20180525T094029_N9999_R036_T35VNL_67_75,Coniferous forest,1.0,1.0
S2B_MSIL2A_20180525T094029_N9999_R036_T35VNL_67_81,Broad-leaved forest,2.0,0.0
S2B_MSIL2A_20180525T094029_N9999_R036_T35VNL_67_83,Coniferous forest,1.0,1.0
S2B_MSIL2A_20180525T094029_N9999_R036_T35VNL_68_25,Arable land,0.0,0.0
S2B_MSIL2A_20180525T094029_N9999_R036_T35VNL_68_48,Coniferous forest,1.0,1.0
S2B_MSIL2A_20180525T094029_N9999_R036_T35VNL_68_54,Coniferous forest,1.0,1.0
S2B_MSIL2A_20180525T094029_N9999_R036_T35VNL_69_26,Arable land,0.0,0.0
S2B_MSIL2A_20180525T094029_N9999_R036_T35VNL_70_04,Coniferous forest,1.0,1.0
S2B_MSIL2A_20180525T094029_N9999_R036_T35VNL_70_19,Coniferous forest,1.0,1.0
S2B_MSIL2A_20180525T094029_N9999_R036_T35VNL_71_08,Coniferous forest,1.0,1.0
S2B_MSIL2A_20180525T094029_N9999_R036_T35VNL_71_47,Coniferous forest,1.0,1.0
S2B_MSIL2A_20180525T094029_N9999_R036_T35VNL_72_73,Coniferous forest,1.0,1.0
S2B_MSIL2A_20180525T094029_N9999_R036_T35VNL_73_19,Coniferous forest,1.0,1.0
S2B_MSIL2A_20180525T094029_N9999_R036_T35VNL_73_59,Coniferous forest,1.0,1.0
S2B_MSIL2A_20180525T094029_N9999_R036_T35VNL_73_73,Coniferous forest,1.0,1.0
S2B_MSIL2A_20180525T094029_N9999_R036_T35VNL_74_16,Coniferous forest,1.0,1.0
S2B_MSIL2A_20180525T094029_N9999_R036_T35VNL_76_80,Coniferous forest,1.0,1.0
S2B_MSIL2A_20180525T094029_N9999_R036_T35VNL_77_25,Coniferous forest,1.0,1.0
S2B_MSIL2A_20180525T094029_N9999_R036_T35VNL_77_88,Coniferous forest,1.0,1.0
S2B_MSIL2A_20180525T094029_N9999_R036_T35VNL_78_20,Coniferous forest,1.0,1.0
S2B_MSIL2A_20180525T094029_N9999_R036_T35VNL_78_41,Coniferous forest,1.0,0.0
S2B_MSIL2A_20180525T094029_N9999_R036_T35VNL_79_02,Coniferous forest,1.0,1.0
S2B_MSIL2A_20180525T094029_N9999_R036_T35VNL_79_04,Coniferous forest,1.0,1.0
S2B_MSIL2A_20180525T094029_N9999_R036_T35VNL_79_23,Coniferous forest,1.0,1.0
S2B_MSIL2A_20180525T094029_N9999_R036_T35VNL_79_52,Coniferous forest,1.0,1.0
S2B_MSIL2A_20180525T094029_N9999_R036_T35VNL_80_89,Coniferous forest,1.0,1.0
S2B_MSIL2A_20180525T094029_N9999_R036_T35VNL_82_05,Coniferous forest,1.0,1.0
S2B_MSIL2A_20180525T094029_N9999_R036_T35VNL_82_85,Mixed forest,9.0,1.0
S2B_MSIL2A_20180525T094029_N9999_R036_T35VNL_83_22,Coniferous forest,1.0,1.0
S2B_MSIL2A_20180525T094029_N9999_R036_T35VNL_84_37,Coniferous forest,1.0,1.0
S2B_MSIL2A_20180525T094029_N9999_R036_T35VNL_85_40,Arable land,0.0,0.0
S2B_MSIL2A_20180525T094029_N9999_R036_T35VNL_86_46,Coniferous forest,1.0,1.0
S2B_MSIL2A_20180525T094029_N9999_R036_T35VNL_86_56,Arable land,0.0,0.0
S2B_MSIL2A_20180525T094029_N9999_R036_T35VNL_87_48,Coniferous forest,1.0,1.0
S2B_MSIL2A_20180525T094029_N9999_R036_T35VNL_87_60,Coniferous forest,1.0,2.0
S2B_MSIL2A_20180525T094029_N9999_R036_T35VNL_87_82,Coniferous forest,1.0,1.0
S2B_MSIL2A_20180525T094029_N9999_R036_T35VNL_88_18,Coniferous forest,1.0,1.0
S2B_MSIL2A_20180525T094029_N9999_R036_T35VNL_89_33,Arable land,0.0,1.0
S2B_MSIL2A_20180525T094029_N9999_R036_T35VNL_89_51,Coniferous forest,1.0,1.0
